date,product_id,product_name,category,region,units_sold,unit_price,discount,marketing_spend,revenue
2025-06-26,G005,Cooking Oil 1L,Staples,West,83,137.86,0.0,0.0,11442.38
2025-08-05,G006,Bananas 1kg,Produce,East,188,40.23,0.0,0.0,7563.24
2025-06-20,G004,Rice 5kg,Staples,North,58,324.59,5.0,0.0,17884.91
2025-06-17,G001,Milk 1L,Dairy,North,274,57.0,0.0,0.0,15618.0
2025-02-22,G006,Bananas 1kg,Produce,West,136,40.79,0.0,0.0,5547.44
2025-02-23,G007,Instant Noodles,Packaged Foods,East,363,18.31,0.0,0.0,6646.53
2025-02-28,G003,Eggs (12),Dairy,South,61,86.98,0.0,0.0,5305.78
2025-12-03,G004,Rice 5kg,Staples,East,63,312.27,10.0,0.0,17705.71
2025-06-21,G002,Bread Loaf,Bakery,North,294,46.08,5.0,0.0,12870.14
2025-12-30,G007,Instant Noodles,Packaged Foods,West,315,18.43,10.0,171.3,5224.9
2025-10-28,G005,Cooking Oil 1L,Staples,East,47,140.33,0.0,0.0,6595.51
2025-11-24,G007,Instant Noodles,Packaged Foods,North,379,17.61,5.0,0.0,6340.48
2025-11-22,G005,Cooking Oil 1L,Staples,South,106,140.48,10.0,0.0,13401.79
2025-07-10,G002,Bread Loaf,Bakery,West,110,45.93,0.0,0.0,5052.3
2025-05-25,G004,Rice 5kg,Staples,West,54,308.85,5.0,0.0,15844.01
2025-11-17,G007,Instant Noodles,Packaged Foods,West,378,17.87,0.0,0.0,6754.86
2025-05-12,G005,Cooking Oil 1L,Staples,South,83,140.54,0.0,0.0,11664.82
2025-06-12,G005,Cooking Oil 1L,Staples,South,98,143.36,0.0,0.0,14049.28
2025-09-11,G007,Instant Noodles,Packaged Foods,South,304,17.73,0.0,0.0,5389.92
2025-01-31,G004,Rice 5kg,Staples,West,39,311.34,0.0,0.0,12142.26
2025-07-17,G006,Bananas 1kg,Produce,North,228,40.1,10.0,0.0,8228.52
2025-12-08,G003,Eggs (12),Dairy,East,119,90.13,0.0,0.0,10725.47
2025-12-24,G007,Instant Noodles,Packaged Foods,West,388,17.68,0.0,0.0,6859.84
2025-11-26,G001,Milk 1L,Dairy,East,274,56.99,0.0,448.06,15615.26
2025-01-21,G004,Rice 5kg,Staples,South,47,330.92,0.0,0.0,15553.24
2025-10-16,G001,Milk 1L,Dairy,West,285,53.62,0.0,0.0,15281.7
2025-05-14,G002,Bread Loaf,Bakery,South,80,46.77,0.0,636.97,3741.6
2025-05-07,G007,Instant Noodles,Packaged Foods,North,288,17.87,5.0,0.0,4889.23
2025-04-29,G002,Bread Loaf,Bakery,West,141,44.64,0.0,0.0,6294.24
2025-06-20,G006,Bananas 1kg,Produce,East,211,40.73,0.0,243.17,8594.03
2025-07-12,G007,Instant Noodles,Packaged Foods,South,416,18.47,0.0,0.0,7683.52
2025-08-20,G005,Cooking Oil 1L,Staples,North,75,144.3,5.0,0.0,10281.38
2025-10-29,G004,Rice 5kg,Staples,South,36,309.81,0.0,0.0,11153.16
2025-09-03,G006,Bananas 1kg,Produce,West,103,40.39,0.0,0.0,4160.17
2025-06-07,G007,Instant Noodles,Packaged Foods,East,392,18.51,10.0,0.0,6530.33
2025-01-07,G007,Instant Noodles,Packaged Foods,East,341,18.62,0.0,0.0,6349.42
2025-03-14,G005,Cooking Oil 1L,Staples,North,64,140.16,0.0,0.0,8970.24
2025-09-06,G003,Eggs (12),Dairy,North,121,88.23,0.0,697.04,10675.83
2025-06-05,G004,Rice 5kg,Staples,West,43,320.49,0.0,0.0,13781.07
2025-12-15,G002,Bread Loaf,Bakery,West,133,43.2,0.0,0.0,5745.6
2025-09-26,G001,Milk 1L,Dairy,West,284,53.5,0.0,0.0,15194.0
2025-12-07,G005,Cooking Oil 1L,Staples,East,89,141.1,0.0,0.0,12557.9
2025-02-20,G001,Milk 1L,Dairy,South,131,53.85,0.0,0.0,7054.35
2025-11-10,G006,Bananas 1kg,Produce,South,129,40.65,10.0,0.0,4719.46
2025-08-03,G006,Bananas 1kg,Produce,South,193,39.53,0.0,613.14,7629.29
2025-05-27,G003,Eggs (12),Dairy,East,140,92.43,0.0,0.0,12940.2
2025-01-27,G005,Cooking Oil 1L,Staples,West,99,140.38,0.0,0.0,13897.62
2025-07-15,G006,Bananas 1kg,Produce,North,154,39.4,0.0,0.0,6067.6
2025-09-21,G001,Milk 1L,Dairy,East,364,55.32,0.0,0.0,20136.48
2025-02-18,G001,Milk 1L,Dairy,North,311,55.33,0.0,641.33,17207.63
2025-07-17,G002,Bread Loaf,Bakery,North,145,43.99,0.0,0.0,6378.55
2025-02-02,G006,Bananas 1kg,Produce,North,435,39.06,0.0,0.0,16991.1
2025-02-22,G005,Cooking Oil 1L,Staples,South,138,141.25,0.0,518.9,19492.5
2025-07-07,G002,Bread Loaf,Bakery,North,145,45.41,10.0,145.26,5926.01
2025-05-02,G007,Instant Noodles,Packaged Foods,North,369,17.49,5.0,0.0,6131.12
2025-05-22,G007,Instant Noodles,Packaged Foods,North,299,17.98,0.0,0.0,5376.02
2025-08-11,G006,Bananas 1kg,Produce,East,229,39.73,0.0,0.0,9098.17
2025-03-16,G002,Bread Loaf,Bakery,West,170,44.08,0.0,0.0,7493.6
2025-09-14,G004,Rice 5kg,Staples,East,76,308.77,0.0,0.0,23466.52
2025-07-30,G001,Milk 1L,Dairy,South,206,54.88,10.0,0.0,10174.75
2025-05-02,G005,Cooking Oil 1L,Staples,East,130,143.6,0.0,0.0,18668.0
2025-05-21,G002,Bread Loaf,Bakery,West,115,44.89,0.0,0.0,5162.35
2025-06-25,G006,Bananas 1kg,Produce,North,167,38.62,10.0,0.0,5804.59
2025-07-30,G002,Bread Loaf,Bakery,North,164,46.29,0.0,0.0,7591.56
2025-07-19,G001,Milk 1L,Dairy,West,326,54.19,5.0,0.0,16782.64
2025-02-04,G005,Cooking Oil 1L,Staples,West,85,143.19,0.0,0.0,12171.15
2025-11-20,G006,Bananas 1kg,Produce,East,178,41.32,10.0,0.0,6619.46
2025-02-17,G002,Bread Loaf,Bakery,North,97,46.36,0.0,0.0,4496.92
2025-06-21,G004,Rice 5kg,Staples,East,63,323.5,0.0,0.0,20380.5
2025-08-17,G007,Instant Noodles,Packaged Foods,East,551,18.33,0.0,0.0,10099.83
2025-10-24,G003,Eggs (12),Dairy,North,66,90.65,0.0,197.1,5982.9
2025-04-21,G001,Milk 1L,Dairy,South,162,53.58,0.0,0.0,8679.96
2025-05-19,G001,Milk 1L,Dairy,South,169,55.83,0.0,0.0,9435.27
2025-07-29,G001,Milk 1L,Dairy,West,259,53.52,10.0,0.0,12475.51
2025-10-17,G005,Cooking Oil 1L,Staples,East,38,135.3,0.0,0.0,5141.4
2025-10-09,G002,Bread Loaf,Bakery,West,124,46.25,0.0,0.0,5735.0
2025-05-25,G006,Bananas 1kg,Produce,North,243,39.97,0.0,0.0,9712.71
2025-06-27,G006,Bananas 1kg,Produce,South,86,39.73,0.0,265.41,3416.78
2025-02-13,G006,Bananas 1kg,Produce,South,101,41.36,0.0,0.0,4177.36
2025-02-09,G004,Rice 5kg,Staples,West,89,321.22,0.0,0.0,28588.58
2025-04-04,G006,Bananas 1kg,Produce,West,68,40.95,0.0,0.0,2784.6
2025-05-15,G005,Cooking Oil 1L,Staples,North,63,143.84,0.0,0.0,9061.92
2025-02-07,G005,Cooking Oil 1L,Staples,East,82,136.79,0.0,0.0,11216.78
2025-08-07,G006,Bananas 1kg,Produce,South,26,41.42,0.0,0.0,1076.92
2025-12-17,G005,Cooking Oil 1L,Staples,South,96,142.23,10.0,130.72,12288.67
2025-06-12,G007,Instant Noodles,Packaged Foods,North,255,17.32,0.0,0.0,4416.6
2025-03-20,G007,Instant Noodles,Packaged Foods,South,213,17.59,10.0,0.0,3372.0
2025-09-13,G006,Bananas 1kg,Produce,North,281,39.37,0.0,662.31,11062.97
2025-02-08,G001,Milk 1L,Dairy,South,303,54.78,0.0,0.0,16598.34
2025-12-18,G001,Milk 1L,Dairy,West,179,56.13,10.0,0.0,9042.54
2025-09-23,G001,Milk 1L,Dairy,East,207,53.0,0.0,0.0,10971.0
2025-07-06,G006,Bananas 1kg,Produce,West,159,40.9,0.0,43.55,6503.1
2025-12-27,G007,Instant Noodles,Packaged Foods,North,423,17.7,0.0,0.0,7487.1
2025-08-14,G005,Cooking Oil 1L,Staples,North,102,140.46,0.0,151.82,14326.92
2025-06-23,G002,Bread Loaf,Bakery,South,214,46.05,0.0,616.94,9854.7
2025-09-19,G002,Bread Loaf,Bakery,South,123,43.28,0.0,0.0,5323.44
2025-05-09,G007,Instant Noodles,Packaged Foods,North,219,17.97,5.0,0.0,3738.66
2025-12-02,G003,Eggs (12),Dairy,North,103,90.99,0.0,0.0,9371.97
2025-10-05,G004,Rice 5kg,Staples,East,43,325.12,0.0,0.0,13980.16
2025-06-13,G002,Bread Loaf,Bakery,East,136,44.29,0.0,0.0,6023.44
2025-02-17,G001,Milk 1L,Dairy,North,273,56.37,0.0,0.0,15389.01
2025-02-02,G007,Instant Noodles,Packaged Foods,West,681,17.61,0.0,0.0,11992.41
2025-05-26,G002,Bread Loaf,Bakery,North,166,45.69,0.0,0.0,7584.54
2025-10-14,G004,Rice 5kg,Staples,East,54,310.14,0.0,0.0,16747.56
2025-11-24,G005,Cooking Oil 1L,Staples,North,88,140.5,10.0,0.0,11127.6
2025-11-29,G005,Cooking Oil 1L,Staples,North,110,140.77,0.0,0.0,15484.7
2025-06-05,G007,Instant Noodles,Packaged Foods,West,241,18.38,0.0,12.48,4429.58
2025-04-12,G003,Eggs (12),Dairy,West,152,90.73,5.0,0.0,13101.41
2025-12-18,G005,Cooking Oil 1L,Staples,West,104,135.64,0.0,0.0,14106.56
2025-01-04,G006,Bananas 1kg,Produce,West,159,38.44,0.0,229.92,6111.96
2025-07-30,G006,Bananas 1kg,Produce,North,175,41.2,0.0,0.0,7210.0
2025-07-04,G003,Eggs (12),Dairy,East,108,90.28,0.0,638.93,9750.24
2025-09-05,G004,Rice 5kg,Staples,East,46,329.93,0.0,0.0,15176.78
2025-09-24,G005,Cooking Oil 1L,Staples,East,61,138.86,0.0,429.23,8470.46
2025-01-08,G007,Instant Noodles,Packaged Foods,South,268,18.64,0.0,0.0,4995.52
2025-01-26,G001,Milk 1L,Dairy,North,279,54.36,0.0,0.0,15166.44
2025-07-20,G006,Bananas 1kg,Produce,North,241,40.03,0.0,0.0,9647.23
2025-02-05,G002,Bread Loaf,Bakery,South,67,44.49,0.0,56.44,2980.83
2025-04-29,G002,Bread Loaf,Bakery,North,181,43.93,0.0,702.46,7951.33
2025-05-22,G006,Bananas 1kg,Produce,East,221,39.74,0.0,0.0,8782.54
2025-03-22,G002,Bread Loaf,Bakery,East,122,46.24,0.0,0.0,5641.28
2025-06-14,G002,Bread Loaf,Bakery,South,195,45.17,0.0,0.0,8808.15
2025-03-13,G007,Instant Noodles,Packaged Foods,North,251,18.7,0.0,0.0,4693.7
2025-01-24,G007,Instant Noodles,Packaged Foods,South,395,18.42,0.0,0.0,7275.9
2025-12-27,G004,Rice 5kg,Staples,North,78,310.29,0.0,0.0,24202.62
2025-07-04,G003,Eggs (12),Dairy,West,83,87.05,0.0,0.0,7225.15
2025-07-15,G003,Eggs (12),Dairy,South,92,87.31,0.0,0.0,8032.52
2025-12-25,G003,Eggs (12),Dairy,South,128,92.8,0.0,730.0,11878.4
2025-06-24,G002,Bread Loaf,Bakery,North,129,43.64,0.0,111.42,5629.56
2025-10-31,G001,Milk 1L,Dairy,North,287,55.95,0.0,0.0,16057.65
2025-04-04,G001,Milk 1L,Dairy,East,221,56.8,0.0,0.0,12552.8
2025-06-17,G004,Rice 5kg,Staples,South,64,316.44,5.0,0.0,19239.55
2025-04-14,G004,Rice 5kg,Staples,North,35,329.85,5.0,0.0,10967.51
2025-09-10,G002,Bread Loaf,Bakery,North,127,43.88,0.0,324.44,5572.76
2025-02-07,G002,Bread Loaf,Bakery,West,125,44.45,0.0,0.0,5556.25
2025-09-03,G007,Instant Noodles,Packaged Foods,East,473,17.37,5.0,0.0,7805.21
2025-02-11,G006,Bananas 1kg,Produce,West,73,39.92,0.0,0.0,2914.16
2025-05-31,G007,Instant Noodles,Packaged Foods,North,328,18.33,0.0,0.0,6012.24
2025-06-26,G006,Bananas 1kg,Produce,South,59,40.66,0.0,0.0,2398.94
2025-02-02,G005,Cooking Oil 1L,Staples,North,208,137.76,0.0,0.0,28654.08
2025-07-30,G006,Bananas 1kg,Produce,South,83,38.72,5.0,0.0,3053.07
2025-11-27,G006,Bananas 1kg,Produce,East,213,38.98,0.0,0.0,8302.74
2025-11-29,G003,Eggs (12),Dairy,South,163,88.3,0.0,0.0,14392.9
2025-12-14,G003,Eggs (12),Dairy,South,156,91.65,0.0,0.0,14297.4
2025-12-27,G006,Bananas 1kg,Produce,East,182,40.74,10.0,0.0,6673.21
2025-06-07,G001,Milk 1L,Dairy,East,245,54.28,10.0,0.0,11968.74
2025-03-08,G003,Eggs (12),Dairy,South,123,90.91,0.0,0.0,11181.93
2025-06-01,G003,Eggs (12),Dairy,West,260,92.43,0.0,0.0,24031.8
2025-10-26,G004,Rice 5kg,Staples,North,54,327.14,0.0,777.17,17665.56
2025-06-16,G004,Rice 5kg,Staples,West,47,316.09,0.0,0.0,14856.23
2025-09-10,G007,Instant Noodles,Packaged Foods,West,491,18.19,5.0,0.0,8484.73
2025-01-18,G006,Bananas 1kg,Produce,North,189,40.75,0.0,667.08,7701.75
2025-04-28,G001,Milk 1L,Dairy,North,221,54.46,5.0,0.0,11433.88
2025-02-18,G002,Bread Loaf,Bakery,North,110,43.93,10.0,0.0,4349.07
2025-04-04,G002,Bread Loaf,Bakery,East,44,44.95,0.0,0.0,1977.8
2025-04-25,G004,Rice 5kg,Staples,South,60,331.68,0.0,0.0,19900.8
2025-07-20,G005,Cooking Oil 1L,Staples,East,124,144.64,0.0,0.0,17935.36
2025-07-12,G003,Eggs (12),Dairy,North,151,88.5,0.0,0.0,13363.5
2025-11-06,G004,Rice 5kg,Staples,East,49,331.89,0.0,0.0,16262.61
2025-01-29,G007,Instant Noodles,Packaged Foods,North,308,18.3,0.0,0.0,5636.4
2025-04-14,G001,Milk 1L,Dairy,North,288,55.28,0.0,0.0,15920.64
2025-06-18,G001,Milk 1L,Dairy,West,250,53.82,0.0,0.0,13455.0
2025-10-21,G005,Cooking Oil 1L,Staples,West,97,134.9,0.0,0.0,13085.3
2025-12-26,G001,Milk 1L,Dairy,South,185,54.75,0.0,0.0,10128.75
2025-07-18,G005,Cooking Oil 1L,Staples,East,70,141.56,0.0,0.0,9909.2
2025-06-09,G002,Bread Loaf,Bakery,South,123,44.25,0.0,0.0,5442.75
2025-03-06,G002,Bread Loaf,Bakery,West,146,45.02,0.0,0.0,6572.92
2025-02-02,G003,Eggs (12),Dairy,North,176,92.94,0.0,220.16,16357.44
2025-11-05,G005,Cooking Oil 1L,Staples,South,59,137.8,0.0,0.0,8130.2
2025-10-18,G003,Eggs (12),Dairy,North,104,91.88,10.0,0.0,8599.97
2025-02-06,G003,Eggs (12),Dairy,South,49,88.51,0.0,0.0,4336.99
2025-01-17,G003,Eggs (12),Dairy,North,68,87.61,0.0,361.11,5957.48
2025-02-11,G004,Rice 5kg,Staples,East,49,327.07,0.0,0.0,16026.43
2025-03-01,G001,Milk 1L,Dairy,East,645,56.35,0.0,0.0,36345.75
2025-06-16,G006,Bananas 1kg,Produce,North,136,40.21,0.0,272.58,5468.56
2025-02-09,G002,Bread Loaf,Bakery,West,243,43.52,0.0,0.0,10575.36
2025-01-09,G007,Instant Noodles,Packaged Foods,North,217,17.51,10.0,0.0,3419.7
2025-12-19,G005,Cooking Oil 1L,Staples,North,115,137.08,0.0,0.0,15764.2
2025-11-10,G007,Instant Noodles,Packaged Foods,East,170,17.4,0.0,0.0,2958.0
2025-01-26,G006,Bananas 1kg,Produce,East,133,40.04,0.0,373.62,5325.32
2025-11-09,G001,Milk 1L,Dairy,West,195,53.33,0.0,0.0,10399.35
2025-09-05,G004,Rice 5kg,Staples,North,49,311.48,0.0,0.0,15262.52
2025-11-13,G005,Cooking Oil 1L,Staples,West,87,142.58,0.0,692.66,12404.46
2025-02-20,G006,Bananas 1kg,Produce,East,98,38.88,5.0,445.78,3619.73
2025-04-04,G005,Cooking Oil 1L,Staples,West,86,141.38,0.0,0.0,12158.68
2025-11-01,G003,Eggs (12),Dairy,South,211,86.72,0.0,0.0,18297.92
2025-08-29,G005,Cooking Oil 1L,Staples,West,114,144.11,0.0,0.0,16428.54
2025-06-27,G007,Instant Noodles,Packaged Foods,South,269,17.97,5.0,0.0,4592.23
2025-11-18,G007,Instant Noodles,Packaged Foods,South,233,17.89,0.0,0.0,4168.37
2025-07-29,G007,Instant Noodles,Packaged Foods,West,325,17.47,0.0,749.49,5677.75
2025-04-07,G003,Eggs (12),Dairy,East,90,88.57,0.0,0.0,7971.3
2025-11-07,G004,Rice 5kg,Staples,East,39,331.72,0.0,0.0,12937.08
2025-08-25,G005,Cooking Oil 1L,Staples,West,87,140.0,0.0,550.4,12180.0
2025-06-20,G002,Bread Loaf,Bakery,West,110,46.15,0.0,0.0,5076.5
2025-04-29,G005,Cooking Oil 1L,Staples,North,92,137.19,10.0,363.08,11359.33
2025-10-29,G004,Rice 5kg,Staples,East,47,329.42,5.0,0.0,14708.6
2025-02-10,G005,Cooking Oil 1L,Staples,West,76,140.82,0.0,0.0,10702.32
2025-02-03,G007,Instant Noodles,Packaged Foods,West,484,18.46,0.0,341.65,8934.64
2025-12-17,G003,Eggs (12),Dairy,South,90,92.4,0.0,659.65,8316.0
2025-03-28,G006,Bananas 1kg,Produce,North,153,41.44,10.0,0.0,5706.29
2025-08-31,G003,Eggs (12),Dairy,South,110,93.09,0.0,0.0,10239.9
2025-08-08,G001,Milk 1L,Dairy,North,369,54.57,5.0,0.0,19129.51
2025-09-15,G006,Bananas 1kg,Produce,East,144,41.24,0.0,0.0,5938.56
2025-01-11,G004,Rice 5kg,Staples,East,58,319.55,0.0,0.0,18533.9
2025-05-16,G004,Rice 5kg,Staples,North,38,319.99,0.0,0.0,12159.62
2025-08-20,G004,Rice 5kg,Staples,East,43,320.71,0.0,0.0,13790.53
2025-05-29,G005,Cooking Oil 1L,Staples,North,69,140.83,0.0,0.0,9717.27
2025-11-24,G004,Rice 5kg,Staples,West,48,329.75,5.0,681.14,15036.6
2025-08-25,G003,Eggs (12),Dairy,East,123,88.71,0.0,0.0,10911.33
2025-11-19,G006,Bananas 1kg,Produce,North,156,39.96,0.0,0.0,6233.76
2025-09-19,G003,Eggs (12),Dairy,East,111,92.47,10.0,0.0,9237.75
2025-06-12,G001,Milk 1L,Dairy,North,289,53.09,5.0,0.0,14575.86
2025-04-23,G001,Milk 1L,Dairy,East,321,53.21,10.0,0.0,15372.37
2025-11-26,G006,Bananas 1kg,Produce,West,73,40.61,0.0,118.79,2964.53
2025-10-24,G006,Bananas 1kg,Produce,West,141,40.76,0.0,0.0,5747.16
2025-10-12,G001,Milk 1L,Dairy,South,267,55.69,5.0,0.0,14125.77
2025-06-26,G003,Eggs (12),Dairy,South,89,88.27,10.0,0.0,7070.43
2025-04-26,G006,Bananas 1kg,Produce,East,166,40.45,0.0,0.0,6714.7
2025-03-29,G005,Cooking Oil 1L,Staples,North,118,136.53,0.0,0.0,16110.54
2025-06-01,G007,Instant Noodles,Packaged Foods,West,404,17.93,0.0,0.0,7243.72
2025-12-24,G001,Milk 1L,Dairy,East,257,55.15,5.0,0.0,13464.87
2025-09-08,G003,Eggs (12),Dairy,South,91,89.93,5.0,0.0,7774.45
2025-11-13,G004,Rice 5kg,Staples,North,39,326.92,0.0,0.0,12749.88
2025-01-31,G002,Bread Loaf,Bakery,North,190,43.78,0.0,0.0,8318.2
2025-08-28,G001,Milk 1L,Dairy,East,189,53.68,0.0,10.02,10145.52
2025-01-08,G004,Rice 5kg,Staples,South,47,314.1,0.0,0.0,14762.7
2025-10-23,G005,Cooking Oil 1L,Staples,West,104,143.55,0.0,0.0,14929.2
2025-10-17,G001,Milk 1L,Dairy,East,246,54.02,0.0,0.0,13288.92
2025-03-07,G006,Bananas 1kg,Produce,West,109,41.21,10.0,0.0,4042.7
2025-04-08,G001,Milk 1L,Dairy,East,249,54.45,0.0,0.0,13558.05
2025-04-04,G001,Milk 1L,Dairy,West,300,53.61,10.0,0.0,14474.7
2025-05-08,G002,Bread Loaf,Bakery,South,187,45.69,0.0,0.0,8544.03
2025-11-06,G003,Eggs (12),Dairy,North,62,88.95,0.0,0.0,5514.9
2025-07-13,G004,Rice 5kg,Staples,North,99,316.35,0.0,0.0,31318.65
2025-07-29,G002,Bread Loaf,Bakery,East,159,45.88,0.0,0.0,7294.92
2025-12-25,G005,Cooking Oil 1L,Staples,South,98,137.6,0.0,0.0,13484.8
2025-10-27,G007,Instant Noodles,Packaged Foods,South,238,18.34,0.0,0.0,4364.92
2025-04-02,G007,Instant Noodles,Packaged Foods,South,361,18.15,0.0,0.0,6552.15
2025-12-30,G004,Rice 5kg,Staples,North,63,310.46,0.0,0.0,19558.98
2025-01-29,G002,Bread Loaf,Bakery,South,137,45.2,5.0,0.0,5882.78
2025-03-04,G004,Rice 5kg,Staples,North,50,307.52,10.0,0.0,13838.4
2025-06-28,G001,Milk 1L,Dairy,South,291,57.16,0.0,531.85,16633.56
2025-09-17,G004,Rice 5kg,Staples,West,42,312.59,0.0,0.0,13128.78
2025-12-22,G003,Eggs (12),Dairy,North,101,91.33,10.0,0.0,8301.9
2025-07-16,G007,Instant Noodles,Packaged Foods,South,255,18.4,5.0,0.0,4457.4
2025-02-24,G004,Rice 5kg,Staples,East,30,314.82,0.0,0.0,9444.6
2025-11-30,G001,Milk 1L,Dairy,East,465,54.47,0.0,0.0,25328.55
2025-07-26,G005,Cooking Oil 1L,Staples,North,158,140.45,0.0,357.89,22191.1
2025-11-18,G003,Eggs (12),Dairy,South,35,88.69,0.0,359.8,3104.15
2025-09-10,G002,Bread Loaf,Bakery,West,125,44.74,0.0,0.0,5592.5
2025-08-08,G001,Milk 1L,Dairy,South,162,56.25,5.0,666.58,8656.88
2025-09-05,G003,Eggs (12),Dairy,West,94,89.48,0.0,0.0,8411.12
2025-08-09,G003,Eggs (12),Dairy,South,125,89.9,0.0,0.0,11237.5
2025-05-28,G005,Cooking Oil 1L,Staples,East,56,137.65,0.0,0.0,7708.4
2025-09-10,G001,Milk 1L,Dairy,North,194,56.17,0.0,0.0,10896.98
2025-12-17,G006,Bananas 1kg,Produce,East,173,39.72,10.0,0.0,6184.4
2025-08-03,G004,Rice 5kg,Staples,West,113,320.23,10.0,297.22,32567.39
2025-05-20,G006,Bananas 1kg,Produce,East,229,40.2,0.0,0.0,9205.8
2025-11-05,G006,Bananas 1kg,Produce,West,60,39.43,0.0,0.0,2365.8
2025-06-11,G007,Instant Noodles,Packaged Foods,South,290,17.51,0.0,0.0,5077.9
2025-12-16,G005,Cooking Oil 1L,Staples,South,102,136.18,0.0,0.0,13890.36
2025-09-04,G007,Instant Noodles,Packaged Foods,North,347,17.91,0.0,554.76,6214.77
2025-03-16,G004,Rice 5kg,Staples,East,74,311.28,5.0,0.0,21882.98
2025-06-03,G003,Eggs (12),Dairy,East,152,88.7,0.0,0.0,13482.4
2025-09-26,G004,Rice 5kg,Staples,West,62,319.44,0.0,0.0,19805.28
2025-04-10,G004,Rice 5kg,Staples,West,37,310.21,0.0,0.0,11477.77
2025-10-02,G006,Bananas 1kg,Produce,West,109,39.39,0.0,0.0,4293.51
2025-04-17,G006,Bananas 1kg,Produce,East,167,38.67,0.0,0.0,6457.89
2025-08-17,G007,Instant Noodles,Packaged Foods,West,440,18.14,0.0,0.0,7981.6
2025-02-08,G005,Cooking Oil 1L,Staples,East,98,145.45,0.0,0.0,14254.1
2025-02-11,G001,Milk 1L,Dairy,South,156,53.66,5.0,0.0,7952.41
2025-09-01,G003,Eggs (12),Dairy,South,129,87.11,0.0,0.0,11237.19
2025-03-28,G003,Eggs (12),Dairy,East,144,89.68,0.0,0.0,12913.92
2025-04-11,G001,Milk 1L,Dairy,North,268,55.23,0.0,0.0,14801.64
2025-07-25,G006,Bananas 1kg,Produce,North,144,40.68,0.0,0.0,5857.92
2025-02-17,G004,Rice 5kg,Staples,North,29,325.28,10.0,0.0,8489.81
2025-07-24,G007,Instant Noodles,Packaged Foods,North,343,17.38,0.0,0.0,5961.34
2025-07-14,G006,Bananas 1kg,Produce,South,105,39.71,0.0,0.0,4169.55
2025-11-28,G005,Cooking Oil 1L,Staples,West,73,145.3,0.0,0.0,10606.9
2025-11-01,G004,Rice 5kg,Staples,East,87,312.86,0.0,0.0,27218.82
2025-12-05,G003,Eggs (12),Dairy,East,132,91.26,0.0,0.0,12046.32
2025-08-28,G007,Instant Noodles,Packaged Foods,North,241,18.22,10.0,0.0,3951.92
2025-10-07,G006,Bananas 1kg,Produce,West,98,41.16,0.0,0.0,4033.68
2025-10-01,G001,Milk 1L,Dairy,East,510,54.62,0.0,0.0,27856.2
2025-10-31,G005,Cooking Oil 1L,Staples,West,55,142.36,5.0,0.0,7438.31
2025-07-11,G002,Bread Loaf,Bakery,South,145,45.38,0.0,0.0,6580.1
2025-04-26,G006,Bananas 1kg,Produce,South,135,38.49,0.0,0.0,5196.15
2025-12-11,G003,Eggs (12),Dairy,South,82,91.07,0.0,0.0,7467.74
2025-12-04,G002,Bread Loaf,Bakery,East,183,45.03,10.0,0.0,7416.44
2025-07-29,G003,Eggs (12),Dairy,East,129,89.25,10.0,0.0,10361.93
2025-03-14,G001,Milk 1L,Dairy,West,149,53.5,0.0,0.0,7971.5
2025-01-23,G003,Eggs (12),Dairy,East,109,90.88,0.0,0.0,9905.92
2025-08-24,G007,Instant Noodles,Packaged Foods,North,373,18.39,10.0,300.24,6173.52
2025-05-18,G004,Rice 5kg,Staples,South,57,331.58,0.0,0.0,18900.06
2025-02-27,G002,Bread Loaf,Bakery,East,215,44.97,0.0,0.0,9668.55
2025-03-14,G002,Bread Loaf,Bakery,West,134,46.44,0.0,0.0,6222.96
2025-03-28,G002,Bread Loaf,Bakery,South,139,45.89,0.0,0.0,6378.71
2025-07-31,G005,Cooking Oil 1L,Staples,East,98,134.45,0.0,338.92,13176.1
2025-07-08,G003,Eggs (12),Dairy,West,75,86.76,0.0,0.0,6507.0
2025-07-27,G007,Instant Noodles,Packaged Foods,North,394,18.0,0.0,0.0,7092.0
2025-03-18,G002,Bread Loaf,Bakery,North,127,45.23,0.0,30.89,5744.21
2025-03-05,G005,Cooking Oil 1L,Staples,West,79,145.48,0.0,0.0,11492.92
2025-06-26,G006,Bananas 1kg,Produce,North,133,40.63,0.0,0.0,5403.79
2025-07-31,G002,Bread Loaf,Bakery,East,200,46.17,0.0,0.0,9234.0
2025-04-05,G006,Bananas 1kg,Produce,West,123,38.69,5.0,0.0,4520.93
2025-05-17,G003,Eggs (12),Dairy,West,149,88.61,10.0,625.71,11882.6
2025-07-25,G002,Bread Loaf,Bakery,West,190,45.76,0.0,0.0,8694.4
2025-02-25,G002,Bread Loaf,Bakery,East,132,46.55,0.0,0.0,6144.6
2025-02-25,G007,Instant Noodles,Packaged Foods,East,258,17.47,0.0,0.0,4507.26
2025-01-13,G004,Rice 5kg,Staples,East,41,315.21,0.0,0.0,12923.61
2025-02-24,G007,Instant Noodles,Packaged Foods,East,259,18.58,5.0,0.0,4571.61
2025-01-30,G005,Cooking Oil 1L,Staples,South,76,145.44,0.0,0.0,11053.44
2025-07-23,G001,Milk 1L,Dairy,North,190,55.91,0.0,775.78,10622.9
2025-10-19,G006,Bananas 1kg,Produce,West,129,39.96,0.0,0.0,5154.84
2025-10-22,G004,Rice 5kg,Staples,South,53,310.21,10.0,52.98,14797.02
2025-12-13,G001,Milk 1L,Dairy,East,333,53.44,0.0,0.0,17795.52
2025-09-27,G003,Eggs (12),Dairy,West,160,87.97,0.0,0.0,14075.2
2025-05-06,G006,Bananas 1kg,Produce,North,128,41.21,0.0,506.02,5274.88
2025-03-27,G003,Eggs (12),Dairy,East,101,88.87,0.0,0.0,8975.87
2025-03-13,G004,Rice 5kg,Staples,South,60,328.42,5.0,0.0,18719.94
2025-10-08,G007,Instant Noodles,Packaged Foods,East,291,17.39,0.0,475.11,5060.49
2025-11-21,G005,Cooking Oil 1L,Staples,South,98,135.13,10.0,0.0,11918.47
2025-02-13,G007,Instant Noodles,Packaged Foods,South,219,17.3,10.0,0.0,3409.83
2025-08-04,G005,Cooking Oil 1L,Staples,West,74,140.4,0.0,0.0,10389.6
2025-07-01,G002,Bread Loaf,Bakery,West,199,43.64,0.0,0.0,8684.36
2025-02-23,G002,Bread Loaf,Bakery,South,210,44.69,0.0,0.0,9384.9
2025-02-14,G007,Instant Noodles,Packaged Foods,West,308,17.91,0.0,0.0,5516.28
2025-10-25,G001,Milk 1L,Dairy,South,201,55.27,0.0,0.0,11109.27
2025-05-30,G002,Bread Loaf,Bakery,West,62,45.24,0.0,694.41,2804.88
2025-07-30,G002,Bread Loaf,Bakery,South,97,45.23,0.0,0.0,4387.31
2025-06-27,G003,Eggs (12),Dairy,East,125,87.05,0.0,0.0,10881.25
2025-03-10,G004,Rice 5kg,Staples,South,57,326.82,0.0,0.0,18628.74
2025-07-12,G003,Eggs (12),Dairy,South,156,93.3,0.0,0.0,14554.8
2025-02-11,G004,Rice 5kg,Staples,West,60,328.17,0.0,0.0,19690.2
2025-09-24,G006,Bananas 1kg,Produce,West,118,39.03,0.0,0.0,4605.54
2025-01-30,G005,Cooking Oil 1L,Staples,West,63,140.86,5.0,0.0,8430.47
2025-03-08,G001,Milk 1L,Dairy,South,192,54.49,0.0,0.0,10462.08
2025-02-21,G006,Bananas 1kg,Produce,North,234,41.34,0.0,725.22,9673.56
2025-11-25,G006,Bananas 1kg,Produce,East,193,40.24,0.0,0.0,7766.32
2025-01-22,G005,Cooking Oil 1L,Staples,East,63,136.59,10.0,466.36,7744.65
2025-07-07,G007,Instant Noodles,Packaged Foods,East,292,18.59,0.0,0.0,5428.28
2025-05-18,G004,Rice 5kg,Staples,North,77,308.53,0.0,0.0,23756.81
2025-01-23,G007,Instant Noodles,Packaged Foods,South,343,18.06,5.0,0.0,5884.85
2025-09-25,G005,Cooking Oil 1L,Staples,West,122,141.9,10.0,0.0,15580.62
2025-11-14,G006,Bananas 1kg,Produce,North,176,40.09,0.0,0.0,7055.84
2025-05-05,G004,Rice 5kg,Staples,West,51,319.08,5.0,0.0,15459.43
2025-07-11,G002,Bread Loaf,Bakery,East,269,46.09,0.0,301.55,12398.21
2025-10-10,G007,Instant Noodles,Packaged Foods,East,238,18.52,5.0,436.23,4187.37
2025-02-08,G005,Cooking Oil 1L,Staples,South,70,137.17,5.0,0.0,9121.8
2025-12-13,G001,Milk 1L,Dairy,West,346,53.87,0.0,0.0,18639.02
2025-12-10,G005,Cooking Oil 1L,Staples,North,76,144.3,0.0,0.0,10966.8
2025-10-04,G003,Eggs (12),Dairy,West,121,92.76,0.0,0.0,11223.96
2025-03-30,G007,Instant Noodles,Packaged Foods,South,284,18.28,0.0,0.0,5191.52
2025-02-25,G004,Rice 5kg,Staples,South,57,332.55,0.0,0.0,18955.35
2025-04-18,G007,Instant Noodles,Packaged Foods,South,242,18.61,10.0,0.0,4053.26
2025-07-05,G007,Instant Noodles,Packaged Foods,East,353,17.84,10.0,0.0,5667.77
2025-03-28,G006,Bananas 1kg,Produce,West,95,39.13,0.0,0.0,3717.35
2025-01-03,G001,Milk 1L,Dairy,North,298,54.03,0.0,0.0,16100.94
2025-04-01,G002,Bread Loaf,Bakery,North,263,43.84,10.0,0.0,10376.93
2025-05-23,G005,Cooking Oil 1L,Staples,West,66,139.52,0.0,0.0,9208.32
2025-03-09,G003,Eggs (12),Dairy,West,153,92.09,0.0,0.0,14089.77
2025-09-24,G004,Rice 5kg,Staples,East,49,323.01,0.0,0.0,15827.49
2025-01-28,G004,Rice 5kg,Staples,North,57,327.54,0.0,0.0,18669.78
2025-02-22,G003,Eggs (12),Dairy,West,140,93.27,0.0,0.0,13057.8
2025-06-05,G003,Eggs (12),Dairy,South,108,87.11,0.0,0.0,9407.88
2025-06-06,G006,Bananas 1kg,Produce,North,170,40.84,0.0,0.0,6942.8
2025-07-04,G003,Eggs (12),Dairy,North,86,92.43,0.0,0.0,7948.98
2025-05-24,G002,Bread Loaf,Bakery,South,148,45.46,0.0,0.0,6728.08
2025-11-22,G001,Milk 1L,Dairy,South,294,56.37,0.0,690.64,16572.78
2025-05-13,G004,Rice 5kg,Staples,East,48,327.82,0.0,0.0,15735.36
2025-06-07,G005,Cooking Oil 1L,Staples,East,130,138.61,5.0,0.0,17118.34
2025-12-21,G005,Cooking Oil 1L,Staples,North,121,142.95,0.0,0.0,17296.95
2025-08-10,G003,Eggs (12),Dairy,South,100,87.16,0.0,0.0,8716.0
2025-07-12,G005,Cooking Oil 1L,Staples,South,108,138.84,0.0,0.0,14994.72
2025-06-09,G002,Bread Loaf,Bakery,North,101,46.0,5.0,0.0,4413.7
2025-12-20,G001,Milk 1L,Dairy,West,355,55.35,0.0,0.0,19649.25
2025-08-27,G005,Cooking Oil 1L,Staples,East,77,142.2,0.0,0.0,10949.4
2025-09-18,G004,Rice 5kg,Staples,North,57,327.92,0.0,0.0,18691.44
2025-12-09,G003,Eggs (12),Dairy,West,128,90.79,0.0,0.0,11621.12
2025-08-15,G005,Cooking Oil 1L,Staples,North,74,134.93,10.0,318.43,8986.34
2025-08-15,G003,Eggs (12),Dairy,North,93,89.17,0.0,340.81,8292.81
2025-01-28,G003,Eggs (12),Dairy,West,76,86.78,0.0,0.0,6595.28
2025-02-26,G005,Cooking Oil 1L,Staples,West,62,139.6,0.0,467.13,8655.2
2025-10-13,G005,Cooking Oil 1L,Staples,North,48,144.96,0.0,0.0,6958.08
2025-11-19,G004,Rice 5kg,Staples,West,37,326.37,0.0,0.0,12075.69
2025-10-24,G002,Bread Loaf,Bakery,North,107,45.89,10.0,0.0,4419.21
2025-04-12,G005,Cooking Oil 1L,Staples,East,140,140.21,0.0,0.0,19629.4
2025-04-07,G002,Bread Loaf,Bakery,West,116,44.74,0.0,0.0,5189.84
2025-08-16,G002,Bread Loaf,Bakery,North,148,46.56,0.0,0.0,6890.88
2025-12-29,G003,Eggs (12),Dairy,South,97,92.74,0.0,0.0,8995.78
2025-06-24,G004,Rice 5kg,Staples,East,45,323.67,0.0,0.0,14565.15
2025-01-10,G002,Bread Loaf,Bakery,South,113,43.33,0.0,0.0,4896.29
2025-03-09,G003,Eggs (12),Dairy,East,199,87.96,0.0,0.0,17504.04
2025-03-22,G004,Rice 5kg,Staples,South,76,309.19,0.0,0.0,23498.44
2025-05-11,G006,Bananas 1kg,Produce,East,155,41.59,0.0,0.0,6446.45
2025-11-24,G002,Bread Loaf,Bakery,East,149,44.56,10.0,0.0,5975.5
2025-03-17,G002,Bread Loaf,Bakery,South,202,46.16,0.0,0.0,9324.32
2025-10-30,G006,Bananas 1kg,Produce,South,83,41.55,0.0,0.0,3448.65
2025-03-08,G004,Rice 5kg,Staples,West,86,309.33,0.0,667.4,26602.38
2025-01-28,G004,Rice 5kg,Staples,East,47,329.67,0.0,0.0,15494.49
2025-07-31,G005,Cooking Oil 1L,Staples,West,109,135.33,0.0,0.0,14750.97
2025-12-27,G001,Milk 1L,Dairy,East,317,54.77,5.0,0.0,16493.99
2025-06-28,G004,Rice 5kg,Staples,South,64,308.24,0.0,0.0,19727.36
2025-10-31,G007,Instant Noodles,Packaged Foods,North,241,17.86,0.0,103.75,4304.26
2025-12-03,G002,Bread Loaf,Bakery,South,289,44.36,0.0,0.0,12820.04
2025-03-14,G003,Eggs (12),Dairy,North,50,93.12,10.0,0.0,4190.4
2025-08-22,G001,Milk 1L,Dairy,North,201,54.06,5.0,0.0,10322.76
2025-04-27,G002,Bread Loaf,Bakery,North,190,45.49,10.0,0.0,7778.79
2025-05-16,G007,Instant Noodles,Packaged Foods,East,387,17.34,0.0,0.0,6710.58
2025-11-29,G007,Instant Noodles,Packaged Foods,North,303,17.77,0.0,0.0,5384.31
2025-12-20,G005,Cooking Oil 1L,Staples,North,150,141.95,0.0,0.0,21292.5
2025-03-16,G002,Bread Loaf,Bakery,North,216,44.04,0.0,0.0,9512.64
2025-10-09,G001,Milk 1L,Dairy,North,246,54.91,5.0,398.82,12832.47
2025-01-25,G003,Eggs (12),Dairy,North,87,91.89,10.0,0.0,7194.99
2025-09-26,G003,Eggs (12),Dairy,South,153,88.03,10.0,0.0,12121.73
2025-12-18,G003,Eggs (12),Dairy,East,158,89.41,0.0,0.0,14126.78
2025-03-07,G001,Milk 1L,Dairy,West,176,54.98,0.0,0.0,9676.48
2025-05-15,G003,Eggs (12),Dairy,West,77,90.95,0.0,0.0,7003.15
2025-03-10,G003,Eggs (12),Dairy,North,85,88.06,10.0,0.0,6736.59
2025-04-01,G003,Eggs (12),Dairy,West,158,91.36,0.0,44.79,14434.88
2025-10-11,G001,Milk 1L,Dairy,East,394,53.09,0.0,0.0,20917.46
2025-03-01,G004,Rice 5kg,Staples,South,83,317.84,0.0,0.0,26380.72
2025-01-14,G003,Eggs (12),Dairy,East,104,87.62,5.0,0.0,8656.86
2025-11-12,G001,Milk 1L,Dairy,East,177,53.4,0.0,0.0,9451.8
2025-08-29,G001,Milk 1L,Dairy,East,321,53.93,0.0,0.0,17311.53
2025-09-03,G006,Bananas 1kg,Produce,East,186,40.66,0.0,0.0,7562.76
2025-06-24,G004,Rice 5kg,Staples,North,47,313.82,10.0,0.0,13274.59
2025-03-27,G003,Eggs (12),Dairy,West,108,91.08,0.0,0.0,9836.64
2025-08-31,G002,Bread Loaf,Bakery,East,257,45.65,0.0,0.0,11732.05
2025-12-16,G006,Bananas 1kg,Produce,North,181,41.56,0.0,0.0,7522.36
2025-06-29,G003,Eggs (12),Dairy,West,147,93.6,0.0,0.0,13759.2
2025-10-11,G004,Rice 5kg,Staples,North,90,310.5,0.0,0.0,27945.0
2025-11-02,G002,Bread Loaf,Bakery,East,488,46.62,10.0,0.0,20475.5
2025-12-07,G004,Rice 5kg,Staples,South,62,324.44,0.0,436.74,20115.28
2025-05-21,G001,Milk 1L,Dairy,South,144,56.54,0.0,0.0,8141.76
2025-12-02,G001,Milk 1L,Dairy,South,230,54.85,0.0,0.0,12615.5
2025-08-11,G005,Cooking Oil 1L,Staples,West,74,139.99,0.0,0.0,10359.26
2025-03-05,G002,Bread Loaf,Bakery,North,133,45.24,10.0,0.0,5415.23
2025-03-03,G007,Instant Noodles,Packaged Foods,North,327,18.07,0.0,0.0,5908.89
2025-10-29,G007,Instant Noodles,Packaged Foods,East,258,18.52,0.0,0.0,4778.16
2025-07-20,G001,Milk 1L,Dairy,West,351,55.25,0.0,0.0,19392.75
2025-11-04,G006,Bananas 1kg,Produce,South,118,40.0,0.0,0.0,4720.0
2025-07-01,G003,Eggs (12),Dairy,East,188,87.32,0.0,0.0,16416.16
2025-10-18,G001,Milk 1L,Dairy,South,189,53.74,0.0,0.0,10156.86
2025-12-29,G005,Cooking Oil 1L,Staples,East,74,140.15,0.0,0.0,10371.1
2025-07-16,G002,Bread Loaf,Bakery,East,126,44.08,0.0,569.53,5554.08
2025-03-01,G002,Bread Loaf,Bakery,West,325,43.8,0.0,0.0,14235.0
2025-10-21,G006,Bananas 1kg,Produce,East,192,39.1,10.0,0.0,6756.48
2025-08-17,G003,Eggs (12),Dairy,East,72,91.46,0.0,0.0,6585.12
2025-06-27,G006,Bananas 1kg,Produce,East,171,39.1,5.0,0.0,6351.8
2025-02-05,G003,Eggs (12),Dairy,North,78,87.43,0.0,304.12,6819.54
2025-02-22,G006,Bananas 1kg,Produce,North,252,40.62,0.0,0.0,10236.24
2025-03-26,G006,Bananas 1kg,Produce,East,146,39.66,0.0,0.0,5790.36
2025-09-29,G006,Bananas 1kg,Produce,North,176,39.94,10.0,694.76,6326.5
2025-05-11,G001,Milk 1L,Dairy,North,294,56.1,0.0,0.0,16493.4
2025-03-19,G003,Eggs (12),Dairy,West,82,87.27,5.0,0.0,6798.33
2025-07-28,G007,Instant Noodles,Packaged Foods,West,332,18.01,0.0,0.0,5979.32
2025-04-04,G001,Milk 1L,Dairy,North,176,55.8,5.0,0.0,9329.76
2025-05-26,G001,Milk 1L,Dairy,North,278,54.77,0.0,0.0,15226.06
2025-07-24,G006,Bananas 1kg,Produce,South,102,39.83,0.0,0.0,4062.66
2025-03-17,G005,Cooking Oil 1L,Staples,West,78,138.95,0.0,0.0,10838.1
2025-03-03,G001,Milk 1L,Dairy,North,260,53.14,0.0,0.0,13816.4
2025-10-23,G004,Rice 5kg,Staples,East,63,312.02,0.0,0.0,19657.26
2025-02-19,G003,Eggs (12),Dairy,West,77,89.03,0.0,0.0,6855.31
2025-09-07,G003,Eggs (12),Dairy,East,136,86.73,0.0,0.0,11795.28
2025-03-16,G007,Instant Noodles,Packaged Foods,East,384,17.32,10.0,0.0,5985.79
2025-01-07,G005,Cooking Oil 1L,Staples,North,48,141.95,0.0,0.0,6813.6
2025-04-04,G007,Instant Noodles,Packaged Foods,East,303,18.23,0.0,0.0,5523.69
2025-09-15,G003,Eggs (12),Dairy,East,95,86.57,10.0,0.0,7401.73
2025-12-23,G006,Bananas 1kg,Produce,West,119,38.44,0.0,0.0,4574.36
2025-02-19,G004,Rice 5kg,Staples,West,54,330.17,0.0,0.0,17829.18
2025-12-22,G001,Milk 1L,Dairy,West,270,55.3,0.0,0.0,14931.0
2025-05-05,G006,Bananas 1kg,Produce,North,188,38.62,0.0,0.0,7260.56
2025-12-09,G005,Cooking Oil 1L,Staples,East,72,139.17,0.0,0.0,10020.24
2025-05-20,G002,Bread Loaf,Bakery,North,125,46.7,0.0,0.0,5837.5
2025-02-08,G006,Bananas 1kg,Produce,South,163,38.57,0.0,0.0,6286.91
2025-03-21,G006,Bananas 1kg,Produce,North,142,41.51,0.0,0.0,5894.42
2025-12-20,G001,Milk 1L,Dairy,North,282,57.16,0.0,0.0,16119.12
2025-08-09,G004,Rice 5kg,Staples,North,51,318.84,5.0,561.07,15447.8
2025-12-01,G004,Rice 5kg,Staples,East,48,315.54,0.0,0.0,15145.92
2025-08-06,G007,Instant Noodles,Packaged Foods,North,283,18.34,0.0,0.0,5190.22
2025-04-22,G003,Eggs (12),Dairy,North,91,92.44,0.0,305.98,8412.04
2025-11-03,G003,Eggs (12),Dairy,East,240,91.45,0.0,0.0,21948.0
2025-08-14,G002,Bread Loaf,Bakery,East,141,45.39,0.0,0.0,6399.99
2025-06-03,G004,Rice 5kg,Staples,North,81,320.49,0.0,0.0,25959.69
2025-12-06,G003,Eggs (12),Dairy,North,126,87.56,0.0,233.32,11032.56
2025-02-07,G007,Instant Noodles,Packaged Foods,South,155,17.64,0.0,0.0,2734.2
2025-06-09,G006,Bananas 1kg,Produce,North,199,41.51,0.0,0.0,8260.49
2025-02-12,G007,Instant Noodles,Packaged Foods,South,297,18.69,0.0,0.0,5550.93
2025-07-10,G003,Eggs (12),Dairy,East,86,87.78,10.0,0.0,6794.17
2025-02-07,G002,Bread Loaf,Bakery,East,221,44.33,0.0,0.0,9796.93
2025-02-13,G004,Rice 5kg,Staples,East,52,316.19,5.0,559.03,15619.79
2025-06-19,G002,Bread Loaf,Bakery,East,219,45.23,0.0,0.0,9905.37
2025-10-02,G002,Bread Loaf,Bakery,North,282,45.33,0.0,42.83,12783.06
2025-10-27,G003,Eggs (12),Dairy,East,144,90.15,0.0,0.0,12981.6
2025-06-25,G001,Milk 1L,Dairy,East,311,55.86,0.0,0.0,17372.46
2025-08-31,G005,Cooking Oil 1L,Staples,East,114,142.23,0.0,0.0,16214.22
2025-12-07,G005,Cooking Oil 1L,Staples,South,126,140.82,0.0,0.0,17743.32
2025-07-24,G007,Instant Noodles,Packaged Foods,West,311,17.89,0.0,0.0,5563.79
2025-08-24,G002,Bread Loaf,Bakery,West,171,46.62,5.0,0.0,7573.42
2025-08-26,G004,Rice 5kg,Staples,South,56,322.49,0.0,538.48,18059.44
2025-09-12,G001,Milk 1L,Dairy,North,295,53.57,0.0,0.0,15803.15
2025-03-12,G007,Instant Noodles,Packaged Foods,North,163,17.8,0.0,0.0,2901.4
2025-09-14,G003,Eggs (12),Dairy,South,117,91.87,0.0,0.0,10748.79
2025-01-19,G005,Cooking Oil 1L,Staples,West,112,143.82,0.0,0.0,16107.84
2025-02-07,G007,Instant Noodles,Packaged Foods,East,275,17.83,0.0,0.0,4903.25
2025-03-25,G002,Bread Loaf,Bakery,East,194,46.08,10.0,0.0,8045.57
2025-07-14,G004,Rice 5kg,Staples,East,53,332.77,0.0,0.0,17636.81
2025-04-20,G003,Eggs (12),Dairy,West,169,91.37,0.0,630.0,15441.53
2025-02-27,G001,Milk 1L,Dairy,North,233,55.69,0.0,304.47,12975.77
2025-05-14,G003,Eggs (12),Dairy,South,89,92.55,10.0,527.94,7413.25
2025-02-06,G002,Bread Loaf,Bakery,West,115,46.56,0.0,0.0,5354.4
2025-08-16,G001,Milk 1L,Dairy,West,304,55.21,0.0,0.0,16783.84
2025-02-06,G005,Cooking Oil 1L,Staples,West,71,143.77,5.0,0.0,9697.29
2025-11-24,G005,Cooking Oil 1L,Staples,West,124,142.19,10.0,0.0,15868.4
2025-07-11,G003,Eggs (12),Dairy,North,64,87.74,0.0,0.0,5615.36
2025-09-19,G007,Instant Noodles,Packaged Foods,East,278,18.45,0.0,414.83,5129.1
2025-04-05,G007,Instant Noodles,Packaged Foods,West,384,18.44,0.0,0.0,7080.96
2025-06-24,G001,Milk 1L,Dairy,North,272,53.9,0.0,0.0,14660.8
2025-05-26,G007,Instant Noodles,Packaged Foods,North,251,18.68,0.0,0.0,4688.68
2025-02-10,G003,Eggs (12),Dairy,North,60,87.98,0.0,0.0,5278.8
2025-04-20,G001,Milk 1L,Dairy,West,312,53.36,0.0,0.0,16648.32
2025-08-04,G002,Bread Loaf,Bakery,North,119,45.34,0.0,0.0,5395.46
2025-01-03,G004,Rice 5kg,Staples,North,90,307.96,0.0,0.0,27716.4
2025-03-03,G003,Eggs (12),Dairy,South,110,86.44,0.0,0.0,9508.4
2025-06-22,G001,Milk 1L,Dairy,North,321,54.44,0.0,0.0,17475.24
2025-03-22,G007,Instant Noodles,Packaged Foods,East,420,17.73,5.0,123.35,7074.27
2025-07-03,G002,Bread Loaf,Bakery,East,212,43.89,0.0,0.0,9304.68
2025-01-21,G002,Bread Loaf,Bakery,North,64,45.4,0.0,0.0,2905.6
2025-06-05,G007,Instant Noodles,Packaged Foods,South,297,18.57,0.0,0.0,5515.29
2025-08-12,G003,Eggs (12),Dairy,East,129,89.98,10.0,0.0,10446.68
2025-10-28,G001,Milk 1L,Dairy,North,315,54.33,0.0,565.92,17113.95
2025-02-23,G005,Cooking Oil 1L,Staples,West,100,138.3,0.0,0.0,13830.0
2025-12-27,G001,Milk 1L,Dairy,West,329,54.13,0.0,726.88,17808.77
2025-10-21,G005,Cooking Oil 1L,Staples,South,70,141.57,0.0,0.0,9909.9
2025-11-08,G001,Milk 1L,Dairy,East,364,56.75,10.0,0.0,18591.3
2025-03-03,G007,Instant Noodles,Packaged Foods,South,453,17.88,5.0,86.94,7694.66
2025-11-12,G003,Eggs (12),Dairy,East,104,90.34,0.0,681.79,9395.36
2025-08-27,G002,Bread Loaf,Bakery,West,155,43.51,5.0,0.0,6406.85
2025-03-25,G002,Bread Loaf,Bakery,North,112,46.31,0.0,0.0,5186.72
2025-10-20,G001,Milk 1L,Dairy,South,179,53.12,10.0,0.0,8557.63
2025-10-26,G007,Instant Noodles,Packaged Foods,South,393,17.33,5.0,0.0,6470.16
2025-02-20,G005,Cooking Oil 1L,Staples,West,83,140.8,0.0,0.0,11686.4
2025-04-29,G002,Bread Loaf,Bakery,South,153,43.64,10.0,0.0,6009.23
2025-10-17,G006,Bananas 1kg,Produce,East,186,38.82,10.0,655.17,6498.47
2025-04-09,G002,Bread Loaf,Bakery,North,100,44.48,0.0,0.0,4448.0
2025-06-15,G003,Eggs (12),Dairy,South,187,90.97,0.0,0.0,17011.39
2025-06-26,G001,Milk 1L,Dairy,South,176,54.48,0.0,0.0,9588.48
2025-02-16,G003,Eggs (12),Dairy,South,179,90.53,0.0,150.83,16204.87
2025-02-09,G001,Milk 1L,Dairy,East,315,57.05,0.0,0.0,17970.75
2025-06-09,G007,Instant Noodles,Packaged Foods,West,314,17.71,0.0,0.0,5560.94
2025-05-22,G005,Cooking Oil 1L,Staples,East,68,138.3,0.0,713.25,9404.4
2025-02-23,G005,Cooking Oil 1L,Staples,East,126,141.63,5.0,0.0,16953.11
2025-06-10,G002,Bread Loaf,Bakery,South,143,44.69,10.0,237.57,5751.6
2025-01-07,G002,Bread Loaf,Bakery,South,128,46.8,0.0,0.0,5990.4
2025-10-27,G003,Eggs (12),Dairy,North,83,88.43,0.0,0.0,7339.69
2025-03-12,G002,Bread Loaf,Bakery,South,113,43.85,5.0,0.0,4707.3
2025-01-04,G005,Cooking Oil 1L,Staples,North,122,141.13,0.0,0.0,17217.86
2025-04-06,G004,Rice 5kg,Staples,West,79,314.49,0.0,0.0,24844.71
2025-10-04,G002,Bread Loaf,Bakery,South,196,45.52,0.0,0.0,8921.92
2025-11-10,G004,Rice 5kg,Staples,South,43,329.49,5.0,0.0,13459.67
2025-04-18,G007,Instant Noodles,Packaged Foods,West,289,18.47,10.0,0.0,4804.05
2025-11-15,G003,Eggs (12),Dairy,North,88,89.83,0.0,0.0,7905.04
2025-01-09,G001,Milk 1L,Dairy,South,101,56.6,0.0,0.0,5716.6
2025-11-14,G003,Eggs (12),Dairy,South,87,91.35,0.0,0.0,7947.45
2025-05-14,G004,Rice 5kg,Staples,West,54,325.14,0.0,39.98,17557.56
2025-09-20,G003,Eggs (12),Dairy,East,122,87.58,0.0,0.0,10684.76
2025-10-26,G006,Bananas 1kg,Produce,South,134,40.03,5.0,0.0,5095.82
2025-06-13,G001,Milk 1L,Dairy,West,278,55.7,10.0,0.0,13936.14
2025-03-16,G001,Milk 1L,Dairy,North,304,54.48,0.0,0.0,16561.92
2025-07-13,G004,Rice 5kg,Staples,East,76,324.79,5.0,0.0,23449.84
2025-04-02,G005,Cooking Oil 1L,Staples,East,103,143.95,0.0,0.0,14826.85
2025-03-24,G003,Eggs (12),Dairy,West,78,88.09,0.0,0.0,6871.02
2025-01-13,G002,Bread Loaf,Bakery,West,159,44.43,0.0,0.0,7064.37
2025-01-15,G002,Bread Loaf,Bakery,South,140,46.35,0.0,391.93,6489.0
2025-02-09,G004,Rice 5kg,Staples,North,69,318.18,0.0,0.0,21954.42
2025-03-30,G001,Milk 1L,Dairy,West,259,55.37,0.0,0.0,14340.83
2025-12-03,G001,Milk 1L,Dairy,West,356,53.72,0.0,0.0,19124.32
2025-10-02,G004,Rice 5kg,Staples,East,75,313.88,0.0,60.33,23541.0
2025-07-09,G005,Cooking Oil 1L,Staples,North,107,142.42,0.0,0.0,15238.94
2025-12-13,G005,Cooking Oil 1L,Staples,South,109,140.45,0.0,0.0,15309.05
2025-10-04,G007,Instant Noodles,Packaged Foods,West,277,18.02,0.0,0.0,4991.54
2025-11-05,G006,Bananas 1kg,Produce,South,84,39.36,0.0,0.0,3306.24
2025-01-26,G004,Rice 5kg,Staples,South,84,324.25,0.0,0.0,27237.0
2025-05-03,G002,Bread Loaf,Bakery,North,202,45.93,0.0,0.0,9277.86
2025-05-19,G004,Rice 5kg,Staples,West,43,318.78,0.0,0.0,13707.54
2025-01-20,G007,Instant Noodles,Packaged Foods,North,241,17.49,0.0,0.0,4215.09
2025-08-10,G005,Cooking Oil 1L,Staples,South,98,142.09,0.0,617.69,13924.82
2025-02-28,G005,Cooking Oil 1L,Staples,East,99,136.86,0.0,0.0,13549.14
2025-12-30,G002,Bread Loaf,Bakery,East,148,46.38,0.0,0.0,6864.24
2025-02-24,G003,Eggs (12),Dairy,South,92,86.76,0.0,0.0,7981.92
2025-11-20,G002,Bread Loaf,Bakery,South,155,46.28,0.0,0.0,7173.4
2025-08-28,G006,Bananas 1kg,Produce,North,183,38.66,0.0,645.58,7074.78
2025-05-14,G005,Cooking Oil 1L,Staples,West,94,140.19,10.0,14.96,11860.07
2025-01-12,G003,Eggs (12),Dairy,West,143,89.22,0.0,0.0,12758.46
2025-04-06,G007,Instant Noodles,Packaged Foods,North,209,18.18,0.0,86.93,3799.62
2025-09-01,G006,Bananas 1kg,Produce,East,261,40.55,0.0,0.0,10583.55
2025-05-12,G006,Bananas 1kg,Produce,East,180,38.87,0.0,0.0,6996.6
2025-09-07,G002,Bread Loaf,Bakery,North,133,46.39,5.0,0.0,5861.38
2025-01-11,G007,Instant Noodles,Packaged Foods,West,359,17.3,0.0,0.0,6210.7
2025-01-06,G005,Cooking Oil 1L,Staples,South,82,141.78,10.0,418.11,10463.36
2025-08-08,G007,Instant Noodles,Packaged Foods,South,385,17.3,0.0,0.0,6660.5
2025-06-04,G006,Bananas 1kg,Produce,West,60,40.2,0.0,0.0,2412.0
2025-02-24,G005,Cooking Oil 1L,Staples,East,75,136.07,0.0,0.0,10205.25
2025-05-16,G006,Bananas 1kg,Produce,North,115,39.0,0.0,318.54,4485.0
2025-02-23,G007,Instant Noodles,Packaged Foods,North,306,18.41,10.0,397.39,5070.11
2025-02-20,G002,Bread Loaf,Bakery,East,149,44.73,0.0,0.0,6664.77
2025-11-23,G003,Eggs (12),Dairy,North,140,86.73,0.0,440.95,12142.2
2025-09-18,G007,Instant Noodles,Packaged Foods,South,310,17.69,0.0,0.0,5483.9
2025-02-03,G003,Eggs (12),Dairy,South,158,88.82,0.0,0.0,14033.56
2025-10-03,G002,Bread Loaf,Bakery,East,195,44.42,0.0,0.0,8661.9
2025-05-03,G007,Instant Noodles,Packaged Foods,North,511,17.56,0.0,0.0,8973.16
2025-08-02,G003,Eggs (12),Dairy,East,215,92.19,10.0,0.0,17838.76
2025-03-17,G002,Bread Loaf,Bakery,West,156,45.79,0.0,0.0,7143.24
2025-08-25,G004,Rice 5kg,Staples,North,49,314.15,0.0,0.0,15393.35
2025-06-09,G001,Milk 1L,Dairy,West,264,54.15,10.0,0.0,12866.04
2025-05-11,G006,Bananas 1kg,Produce,North,284,40.0,0.0,0.0,11360.0
2025-12-28,G003,Eggs (12),Dairy,North,96,89.3,0.0,0.0,8572.8
2025-12-10,G002,Bread Loaf,Bakery,West,144,46.53,0.0,0.0,6700.32
2025-04-12,G002,Bread Loaf,Bakery,East,225,46.5,0.0,695.63,10462.5
2025-04-01,G002,Bread Loaf,Bakery,East,287,44.74,10.0,279.75,11556.34
2025-09-08,G004,Rice 5kg,Staples,West,54,316.93,0.0,0.0,17114.22
2025-09-29,G003,Eggs (12),Dairy,East,92,88.4,0.0,0.0,8132.8
2025-02-14,G007,Instant Noodles,Packaged Foods,South,294,17.67,0.0,0.0,5194.98
2025-02-12,G006,Bananas 1kg,Produce,South,88,41.46,0.0,0.0,3648.48
2025-12-17,G002,Bread Loaf,Bakery,West,120,45.08,5.0,0.0,5139.12
2025-05-23,G002,Bread Loaf,Bakery,East,198,45.1,0.0,0.0,8929.8
2025-06-29,G002,Bread Loaf,Bakery,South,193,44.67,0.0,0.0,8621.31
2025-04-30,G007,Instant Noodles,Packaged Foods,East,248,18.46,10.0,0.0,4120.27
2025-06-17,G007,Instant Noodles,Packaged Foods,East,242,18.19,5.0,0.0,4181.88
2025-07-10,G004,Rice 5kg,Staples,North,48,325.13,10.0,0.0,14045.62
2025-07-26,G007,Instant Noodles,Packaged Foods,West,282,17.63,0.0,0.0,4971.66
2025-09-15,G003,Eggs (12),Dairy,South,66,90.01,0.0,0.0,5940.66
2025-11-02,G001,Milk 1L,Dairy,North,412,54.74,0.0,0.0,22552.88
2025-11-04,G004,Rice 5kg,Staples,East,39,332.3,0.0,0.0,12959.7
2025-05-29,G003,Eggs (12),Dairy,East,180,90.89,0.0,0.0,16360.2
2025-12-21,G001,Milk 1L,Dairy,South,316,54.57,10.0,0.0,15519.71
2025-03-03,G002,Bread Loaf,Bakery,North,312,44.18,0.0,0.0,13784.16
2025-04-30,G003,Eggs (12),Dairy,North,92,90.21,0.0,0.0,8299.32
2025-12-10,G004,Rice 5kg,Staples,East,63,325.02,0.0,0.0,20476.26
2025-09-20,G005,Cooking Oil 1L,Staples,East,121,141.73,0.0,421.25,17149.33
2025-02-11,G006,Bananas 1kg,Produce,East,181,41.55,0.0,0.0,7520.55
2025-04-07,G006,Bananas 1kg,Produce,South,86,41.3,0.0,0.0,3551.8
2025-03-23,G003,Eggs (12),Dairy,South,139,92.41,0.0,0.0,12844.99
2025-12-31,G001,Milk 1L,Dairy,North,204,56.3,0.0,0.0,11485.2
2025-08-08,G007,Instant Noodles,Packaged Foods,East,315,17.51,0.0,0.0,5515.65
2025-07-01,G003,Eggs (12),Dairy,North,93,92.28,0.0,0.0,8582.04
2025-12-04,G003,Eggs (12),Dairy,North,84,91.18,5.0,0.0,7276.16
2025-01-04,G007,Instant Noodles,Packaged Foods,South,333,17.29,10.0,46.59,5181.81
2025-04-23,G005,Cooking Oil 1L,Staples,North,73,138.0,0.0,0.0,10074.0
2025-09-30,G006,Bananas 1kg,Produce,East,238,39.85,0.0,0.0,9484.3
2025-07-18,G003,Eggs (12),Dairy,East,150,87.41,0.0,0.0,13111.5
2025-12-08,G003,Eggs (12),Dairy,West,82,86.41,0.0,0.0,7085.62
2025-06-12,G003,Eggs (12),Dairy,West,97,88.44,0.0,0.0,8578.68
2025-03-02,G005,Cooking Oil 1L,Staples,North,156,139.38,0.0,0.0,21743.28
2025-06-28,G003,Eggs (12),Dairy,East,202,90.83,5.0,0.0,17430.28
2025-07-01,G004,Rice 5kg,Staples,North,51,320.27,0.0,0.0,16333.77
2025-06-10,G006,Bananas 1kg,Produce,North,60,39.23,10.0,0.0,2118.42
2025-10-05,G005,Cooking Oil 1L,Staples,North,165,140.49,0.0,662.85,23180.85
2025-04-14,G002,Bread Loaf,Bakery,East,226,44.0,0.0,696.05,9944.0
2025-02-24,G003,Eggs (12),Dairy,West,62,93.17,0.0,0.0,5776.54
2025-09-17,G004,Rice 5kg,Staples,East,40,321.33,5.0,0.0,12210.54
2025-05-07,G007,Instant Noodles,Packaged Foods,East,221,18.59,0.0,0.0,4108.39
2025-02-19,G002,Bread Loaf,Bakery,West,160,46.11,0.0,674.43,7377.6
2025-05-30,G002,Bread Loaf,Bakery,South,134,46.58,0.0,0.0,6241.72
2025-11-06,G001,Milk 1L,Dairy,East,182,55.33,0.0,0.0,10070.06
2025-06-02,G007,Instant Noodles,Packaged Foods,West,612,18.17,0.0,0.0,11120.04
2025-09-06,G002,Bread Loaf,Bakery,East,246,45.8,0.0,286.62,11266.8
2025-02-02,G001,Milk 1L,Dairy,East,738,53.62,0.0,0.0,39571.56
2025-02-12,G004,Rice 5kg,Staples,North,50,310.56,5.0,616.09,14751.6
2025-07-10,G007,Instant Noodles,Packaged Foods,East,198,17.66,5.0,0.0,3321.85
2025-10-15,G006,Bananas 1kg,Produce,North,202,41.59,0.0,595.5,8401.18
2025-06-18,G003,Eggs (12),Dairy,West,90,91.0,5.0,0.0,7780.5
2025-06-23,G006,Bananas 1kg,Produce,East,145,38.52,5.0,0.0,5306.13
2025-04-27,G001,Milk 1L,Dairy,East,370,54.57,0.0,0.0,20190.9
2025-11-12,G007,Instant Noodles,Packaged Foods,East,332,18.25,0.0,0.0,6059.0
2025-01-05,G007,Instant Noodles,Packaged Foods,West,541,17.57,0.0,0.0,9505.37
2025-05-06,G005,Cooking Oil 1L,Staples,South,78,141.84,0.0,0.0,11063.52
2025-03-27,G006,Bananas 1kg,Produce,West,101,39.96,0.0,0.0,4035.96
2025-07-18,G006,Bananas 1kg,Produce,South,74,41.1,0.0,0.0,3041.4
2025-01-22,G004,Rice 5kg,Staples,South,60,326.1,5.0,0.0,18587.7
2025-08-19,G006,Bananas 1kg,Produce,South,96,39.8,0.0,0.0,3820.8
2025-04-02,G007,Instant Noodles,Packaged Foods,West,305,17.78,10.0,0.0,4880.61
2025-12-20,G004,Rice 5kg,Staples,North,96,316.67,0.0,0.0,30400.32
2025-06-15,G002,Bread Loaf,Bakery,North,234,46.53,10.0,0.0,9799.22
2025-12-11,G001,Milk 1L,Dairy,South,170,53.09,0.0,0.0,9025.3
2025-01-08,G003,Eggs (12),Dairy,West,116,88.27,0.0,0.0,10239.32
2025-02-23,G006,Bananas 1kg,Produce,North,193,39.01,5.0,628.81,7152.48
2025-11-03,G001,Milk 1L,Dairy,West,334,56.72,0.0,0.0,18944.48
2025-10-22,G006,Bananas 1kg,Produce,East,178,38.83,10.0,0.0,6220.57
2025-10-10,G002,Bread Loaf,Bakery,East,169,46.31,0.0,63.81,7826.39
2025-09-07,G002,Bread Loaf,Bakery,East,313,44.62,0.0,0.0,13966.06
2025-01-13,G007,Instant Noodles,Packaged Foods,South,274,17.83,0.0,204.42,4885.42
2025-05-20,G007,Instant Noodles,Packaged Foods,West,353,18.53,10.0,0.0,5886.98
2025-04-25,G001,Milk 1L,Dairy,South,220,56.01,10.0,0.0,11089.98
2025-08-28,G004,Rice 5kg,Staples,East,41,330.88,0.0,0.0,13566.08
2025-12-24,G001,Milk 1L,Dairy,South,176,53.56,0.0,0.0,9426.56
2025-09-11,G005,Cooking Oil 1L,Staples,East,54,142.26,5.0,0.0,7297.94
2025-12-25,G006,Bananas 1kg,Produce,North,249,38.93,0.0,0.0,9693.57
2025-04-05,G006,Bananas 1kg,Produce,East,222,40.74,0.0,0.0,9044.28
2025-02-06,G005,Cooking Oil 1L,Staples,South,51,144.5,0.0,0.0,7369.5
2025-12-05,G002,Bread Loaf,Bakery,West,166,43.93,0.0,0.0,7292.38
2025-08-16,G007,Instant Noodles,Packaged Foods,West,490,18.3,0.0,504.64,8967.0
2025-11-18,G006,Bananas 1kg,Produce,East,95,39.41,0.0,0.0,3743.95
2025-08-17,G001,Milk 1L,Dairy,North,316,57.09,0.0,0.0,18040.44
2025-11-19,G006,Bananas 1kg,Produce,West,155,39.0,0.0,0.0,6045.0
2025-07-04,G005,Cooking Oil 1L,Staples,West,113,135.2,0.0,0.0,15277.6
2025-06-25,G005,Cooking Oil 1L,Staples,South,64,138.19,0.0,0.0,8844.16
2025-09-29,G006,Bananas 1kg,Produce,South,90,41.5,0.0,0.0,3735.0
2025-07-14,G002,Bread Loaf,Bakery,West,141,44.77,0.0,248.71,6312.57
2025-11-11,G002,Bread Loaf,Bakery,West,106,45.66,0.0,0.0,4839.96
2025-12-24,G004,Rice 5kg,Staples,North,53,329.0,0.0,0.0,17437.0
2025-03-22,G002,Bread Loaf,Bakery,North,196,45.08,0.0,0.0,8835.68
2025-10-21,G002,Bread Loaf,Bakery,West,124,43.98,0.0,0.0,5453.52
2025-03-14,G004,Rice 5kg,Staples,North,58,311.61,5.0,0.0,17169.71
2025-01-05,G005,Cooking Oil 1L,Staples,South,115,142.86,0.0,0.0,16428.9
2025-11-13,G001,Milk 1L,Dairy,East,244,54.69,0.0,0.0,13344.36
2025-08-20,G005,Cooking Oil 1L,Staples,South,103,142.22,0.0,0.0,14648.66
2025-05-22,G006,Bananas 1kg,Produce,North,162,38.57,0.0,0.0,6248.34
2025-08-02,G006,Bananas 1kg,Produce,North,471,41.27,0.0,0.0,19438.17
2025-11-29,G003,Eggs (12),Dairy,North,79,87.46,0.0,0.0,6909.34
2025-11-29,G005,Cooking Oil 1L,Staples,East,87,138.46,0.0,0.0,12046.02
2025-12-09,G005,Cooking Oil 1L,Staples,South,104,145.28,0.0,0.0,15109.12
2025-09-02,G002,Bread Loaf,Bakery,South,206,43.67,0.0,473.88,8996.02
2025-03-04,G003,Eggs (12),Dairy,South,128,87.43,0.0,0.0,11191.04
2025-04-26,G003,Eggs (12),Dairy,East,170,86.83,0.0,0.0,14761.1
2025-07-21,G006,Bananas 1kg,Produce,North,147,41.41,0.0,0.0,6087.27
2025-12-04,G002,Bread Loaf,Bakery,West,129,45.75,0.0,0.0,5901.75
2025-11-07,G003,Eggs (12),Dairy,South,117,91.91,0.0,0.0,10753.47
2025-06-12,G004,Rice 5kg,Staples,West,70,331.48,5.0,323.68,22043.42
2025-09-21,G004,Rice 5kg,Staples,South,92,311.99,0.0,769.61,28703.08
2025-03-16,G001,Milk 1L,Dairy,West,320,55.86,0.0,0.0,17875.2
2025-09-16,G002,Bread Loaf,Bakery,South,221,44.49,0.0,0.0,9832.29
2025-12-03,G001,Milk 1L,Dairy,North,356,56.42,0.0,0.0,20085.52
2025-04-14,G001,Milk 1L,Dairy,West,199,53.17,0.0,0.0,10580.83
2025-02-06,G003,Eggs (12),Dairy,North,83,90.44,0.0,0.0,7506.52
2025-08-15,G002,Bread Loaf,Bakery,East,174,43.64,0.0,0.0,7593.36
2025-06-24,G002,Bread Loaf,Bakery,South,151,44.56,0.0,0.0,6728.56
2025-03-13,G005,Cooking Oil 1L,Staples,East,75,144.86,0.0,485.19,10864.5
2025-03-19,G001,Milk 1L,Dairy,North,195,53.2,0.0,0.0,10374.0
2025-07-06,G007,Instant Noodles,Packaged Foods,North,173,17.69,0.0,0.0,3060.37
2025-10-05,G007,Instant Noodles,Packaged Foods,West,465,17.31,0.0,0.0,8049.15
2025-01-05,G003,Eggs (12),Dairy,East,155,91.77,0.0,0.0,14224.35
2025-03-31,G007,Instant Noodles,Packaged Foods,South,315,17.96,10.0,706.39,5091.66
2025-04-28,G002,Bread Loaf,Bakery,East,162,46.05,0.0,0.0,7460.1
2025-03-12,G003,Eggs (12),Dairy,North,87,87.42,0.0,0.0,7605.54
2025-08-01,G006,Bananas 1kg,Produce,North,257,39.3,0.0,570.51,10100.1
2025-12-12,G007,Instant Noodles,Packaged Foods,West,349,18.65,10.0,0.0,5857.96
2025-07-09,G007,Instant Noodles,Packaged Foods,North,259,17.9,0.0,0.0,4636.1
2025-01-19,G006,Bananas 1kg,Produce,East,146,38.6,0.0,0.0,5635.6
2025-04-30,G001,Milk 1L,Dairy,South,168,53.49,0.0,0.0,8986.32
2025-11-08,G005,Cooking Oil 1L,Staples,South,83,137.4,0.0,0.0,11404.2
2025-09-28,G002,Bread Loaf,Bakery,East,273,43.84,0.0,0.0,11968.32
2025-12-22,G005,Cooking Oil 1L,Staples,East,77,137.04,0.0,0.0,10552.08
2025-05-01,G003,Eggs (12),Dairy,East,203,88.97,0.0,0.0,18060.91
2025-03-24,G001,Milk 1L,Dairy,South,121,53.99,10.0,0.0,5879.51
2025-11-09,G004,Rice 5kg,Staples,East,41,316.88,0.0,390.35,12992.08
2025-12-07,G004,Rice 5kg,Staples,West,80,322.09,0.0,0.0,25767.2
2025-04-23,G003,Eggs (12),Dairy,West,114,88.22,0.0,0.0,10057.08
2025-08-09,G004,Rice 5kg,Staples,East,88,314.27,0.0,0.0,27655.76
2025-11-03,G005,Cooking Oil 1L,Staples,North,116,143.43,0.0,0.0,16637.88
2025-07-17,G002,Bread Loaf,Bakery,East,136,44.36,5.0,0.0,5731.31
2025-07-14,G001,Milk 1L,Dairy,East,246,53.6,0.0,0.0,13185.6
2025-06-17,G003,Eggs (12),Dairy,North,82,89.3,5.0,0.0,6956.47
2025-10-29,G007,Instant Noodles,Packaged Foods,South,198,18.49,0.0,0.0,3661.02
2025-01-29,G003,Eggs (12),Dairy,North,87,88.16,0.0,0.0,7669.92
2025-03-03,G005,Cooking Oil 1L,Staples,South,151,143.92,0.0,544.14,21731.92
2025-03-10,G005,Cooking Oil 1L,Staples,West,98,139.26,0.0,0.0,13647.48
2025-05-27,G005,Cooking Oil 1L,Staples,West,78,144.94,0.0,56.96,11305.32
2025-12-12,G001,Milk 1L,Dairy,East,259,56.7,0.0,0.0,14685.3
2025-01-13,G004,Rice 5kg,Staples,North,43,332.04,10.0,0.0,12849.95
2025-10-15,G001,Milk 1L,Dairy,East,252,53.73,0.0,0.0,13539.96
2025-01-11,G006,Bananas 1kg,Produce,East,215,40.28,0.0,50.08,8660.2
2025-12-06,G001,Milk 1L,Dairy,East,385,55.48,0.0,0.0,21359.8
2025-06-03,G007,Instant Noodles,Packaged Foods,South,348,17.65,0.0,0.0,6142.2
2025-09-02,G007,Instant Noodles,Packaged Foods,East,298,17.34,10.0,0.0,4650.59
2025-11-04,G004,Rice 5kg,Staples,North,49,307.67,0.0,0.0,15075.83
2025-10-20,G002,Bread Loaf,Bakery,East,231,45.12,0.0,0.0,10422.72
2025-07-07,G004,Rice 5kg,Staples,East,48,328.82,0.0,0.0,15783.36
2025-05-08,G007,Instant Noodles,Packaged Foods,East,191,18.68,0.0,0.0,3567.88
2025-11-05,G003,Eggs (12),Dairy,South,103,87.24,0.0,0.0,8985.72
2025-02-06,G007,Instant Noodles,Packaged Foods,South,246,18.35,0.0,0.0,4514.1
2025-05-09,G001,Milk 1L,Dairy,North,184,53.4,0.0,0.0,9825.6
2025-12-12,G005,Cooking Oil 1L,Staples,North,111,145.38,0.0,0.0,16137.18
2025-04-14,G007,Instant Noodles,Packaged Foods,East,293,18.58,10.0,0.0,4899.55
2025-02-25,G005,Cooking Oil 1L,Staples,East,86,144.41,0.0,0.0,12419.26
2025-10-07,G001,Milk 1L,Dairy,West,263,56.69,0.0,0.0,14909.47
2025-08-31,G001,Milk 1L,Dairy,East,292,55.83,0.0,0.0,16302.36
2025-04-09,G004,Rice 5kg,Staples,North,38,307.78,5.0,0.0,11110.86
2025-02-01,G002,Bread Loaf,Bakery,East,381,46.48,0.0,0.0,17708.88
2025-04-27,G002,Bread Loaf,Bakery,West,144,44.77,0.0,0.0,6446.88
2025-11-04,G006,Bananas 1kg,Produce,West,135,40.94,0.0,767.83,5526.9
2025-03-11,G003,Eggs (12),Dairy,West,99,89.09,0.0,0.0,8819.91
2025-10-29,G005,Cooking Oil 1L,Staples,West,80,135.57,5.0,0.0,10303.32
2025-05-12,G003,Eggs (12),Dairy,East,47,90.11,5.0,274.83,4023.41
2025-01-09,G006,Bananas 1kg,Produce,East,203,38.72,0.0,0.0,7860.16
2025-09-27,G007,Instant Noodles,Packaged Foods,North,331,17.94,0.0,0.0,5938.14
2025-01-02,G001,Milk 1L,Dairy,East,240,55.47,10.0,0.0,11981.52
2025-11-09,G001,Milk 1L,Dairy,South,312,55.54,0.0,0.0,17328.48
2025-12-23,G005,Cooking Oil 1L,Staples,East,91,136.49,0.0,0.0,12420.59
2025-05-28,G002,Bread Loaf,Bakery,West,111,45.45,0.0,0.0,5044.95
2025-02-11,G006,Bananas 1kg,Produce,South,75,41.36,10.0,0.0,2791.8
2025-11-28,G005,Cooking Oil 1L,Staples,South,59,140.36,0.0,0.0,8281.24
2025-06-13,G001,Milk 1L,Dairy,East,283,55.86,5.0,289.36,15017.96
2025-08-30,G004,Rice 5kg,Staples,West,62,326.61,0.0,0.0,20249.82
2025-05-26,G005,Cooking Oil 1L,Staples,West,30,141.16,0.0,0.0,4234.8
2025-03-24,G005,Cooking Oil 1L,Staples,East,77,136.09,0.0,0.0,10478.93
2025-12-19,G006,Bananas 1kg,Produce,North,79,38.8,0.0,0.0,3065.2
2025-06-18,G005,Cooking Oil 1L,Staples,East,74,141.57,0.0,0.0,10476.18
2025-08-20,G005,Cooking Oil 1L,Staples,West,102,143.7,10.0,0.0,13191.66
2025-03-23,G007,Instant Noodles,Packaged Foods,West,448,17.82,0.0,0.0,7983.36
2025-09-26,G005,Cooking Oil 1L,Staples,South,71,139.65,5.0,0.0,9419.39
2025-05-19,G006,Bananas 1kg,Produce,South,124,41.25,0.0,0.0,5115.0
2025-02-05,G001,Milk 1L,Dairy,East,258,56.59,0.0,0.0,14600.22
2025-08-02,G002,Bread Loaf,Bakery,South,227,43.56,0.0,0.0,9888.12
2025-01-11,G002,Bread Loaf,Bakery,North,136,45.26,5.0,0.0,5847.59
2025-10-06,G007,Instant Noodles,Packaged Foods,North,367,18.24,5.0,0.0,6359.38
2025-07-19,G006,Bananas 1kg,Produce,West,81,39.31,0.0,0.0,3184.11
2025-09-25,G002,Bread Loaf,Bakery,South,72,45.32,0.0,0.0,3263.04
2025-11-14,G001,Milk 1L,Dairy,North,261,54.47,0.0,0.0,14216.67
2025-09-05,G002,Bread Loaf,Bakery,West,157,43.8,0.0,331.46,6876.6
2025-09-18,G006,Bananas 1kg,Produce,South,135,41.3,5.0,0.0,5296.72
2025-12-08,G007,Instant Noodles,Packaged Foods,South,198,18.66,0.0,0.0,3694.68
2025-10-18,G007,Instant Noodles,Packaged Foods,North,352,17.4,5.0,0.0,5818.56
2025-05-26,G003,Eggs (12),Dairy,North,76,89.37,5.0,0.0,6452.51
2025-07-03,G003,Eggs (12),Dairy,North,140,91.22,0.0,0.0,12770.8
2025-02-15,G003,Eggs (12),Dairy,West,115,91.9,0.0,0.0,10568.5
2025-02-25,G006,Bananas 1kg,Produce,West,118,40.21,0.0,0.0,4744.78
2025-06-02,G003,Eggs (12),Dairy,South,155,86.86,0.0,0.0,13463.3
2025-08-05,G007,Instant Noodles,Packaged Foods,North,201,17.42,0.0,146.72,3501.42
2025-03-03,G006,Bananas 1kg,Produce,North,207,41.6,0.0,0.0,8611.2
2025-05-13,G002,Bread Loaf,Bakery,West,158,46.23,5.0,222.82,6939.12
2025-07-07,G006,Bananas 1kg,Produce,North,258,38.95,0.0,0.0,10049.1
2025-12-10,G003,Eggs (12),Dairy,East,116,89.41,0.0,0.0,10371.56
2025-01-20,G006,Bananas 1kg,Produce,North,165,39.46,0.0,0.0,6510.9
2025-01-26,G007,Instant Noodles,Packaged Foods,South,227,18.04,0.0,0.0,4095.08
2025-04-01,G001,Milk 1L,Dairy,West,401,54.9,0.0,0.0,22014.9
2025-12-16,G002,Bread Loaf,Bakery,West,196,46.19,5.0,0.0,8600.58
2025-11-13,G002,Bread Loaf,Bakery,West,129,43.71,10.0,0.0,5074.73
2025-04-16,G006,Bananas 1kg,Produce,South,69,40.83,0.0,0.0,2817.27
2025-09-23,G005,Cooking Oil 1L,Staples,North,69,145.55,0.0,0.0,10042.95
2025-03-07,G002,Bread Loaf,Bakery,West,113,45.64,5.0,0.0,4899.45
2025-10-13,G001,Milk 1L,Dairy,West,276,53.96,10.0,0.0,13403.66
2025-04-25,G007,Instant Noodles,Packaged Foods,East,230,17.42,0.0,0.0,4006.6
2025-09-06,G004,Rice 5kg,Staples,South,66,314.6,0.0,0.0,20763.6
2025-04-11,G006,Bananas 1kg,Produce,South,90,38.68,0.0,0.0,3481.2
2025-03-23,G005,Cooking Oil 1L,Staples,South,111,142.11,0.0,0.0,15774.21
2025-09-21,G005,Cooking Oil 1L,Staples,South,160,145.03,0.0,0.0,23204.8
2025-06-26,G002,Bread Loaf,Bakery,East,196,44.8,0.0,0.0,8780.8
2025-10-27,G001,Milk 1L,Dairy,East,266,55.91,5.0,0.0,14128.46
2025-12-04,G006,Bananas 1kg,Produce,East,190,41.55,10.0,0.0,7105.05
2025-11-01,G005,Cooking Oil 1L,Staples,East,176,136.93,0.0,0.0,24099.68
2025-01-27,G006,Bananas 1kg,Produce,South,113,38.63,0.0,0.0,4365.19
2025-01-06,G005,Cooking Oil 1L,Staples,North,104,143.89,5.0,0.0,14216.33
2025-10-09,G005,Cooking Oil 1L,Staples,West,108,136.71,0.0,0.0,14764.68
2025-08-17,G003,Eggs (12),Dairy,West,157,92.01,0.0,0.0,14445.57
2025-10-09,G001,Milk 1L,Dairy,East,248,56.76,0.0,662.23,14076.48
2025-05-03,G006,Bananas 1kg,Produce,North,463,38.96,0.0,50.06,18038.48
2025-12-01,G002,Bread Loaf,Bakery,West,219,43.32,10.0,0.0,8538.37
2025-11-18,G004,Rice 5kg,Staples,West,54,319.22,0.0,0.0,17237.88
2025-04-04,G003,Eggs (12),Dairy,South,82,87.82,0.0,27.65,7201.24
2025-05-11,G003,Eggs (12),Dairy,South,149,88.89,0.0,0.0,13244.61
2025-06-06,G001,Milk 1L,Dairy,East,254,53.28,0.0,760.8,13533.12
2025-01-13,G002,Bread Loaf,Bakery,East,141,46.71,0.0,0.0,6586.11
2025-08-02,G002,Bread Loaf,Bakery,North,389,43.42,0.0,245.09,16890.38
2025-10-08,G003,Eggs (12),Dairy,West,119,92.72,0.0,0.0,11033.68
2025-02-20,G006,Bananas 1kg,Produce,West,95,40.39,0.0,0.0,3837.05
2025-12-04,G007,Instant Noodles,Packaged Foods,South,343,18.08,0.0,0.0,6201.44
2025-08-19,G006,Bananas 1kg,Produce,East,181,39.02,5.0,0.0,6709.49
2025-06-06,G005,Cooking Oil 1L,Staples,South,81,137.8,0.0,0.0,11161.8
2025-01-22,G001,Milk 1L,Dairy,East,218,55.63,0.0,0.0,12127.34
2025-12-28,G001,Milk 1L,Dairy,East,374,56.54,0.0,0.0,21145.96
2025-04-05,G005,Cooking Oil 1L,Staples,East,116,134.46,10.0,0.0,14037.62
2025-04-14,G006,Bananas 1kg,Produce,North,172,38.85,5.0,0.0,6348.09
2025-06-11,G001,Milk 1L,Dairy,West,160,53.12,0.0,285.81,8499.2
2025-07-25,G007,Instant Noodles,Packaged Foods,East,135,18.19,0.0,0.0,2455.65
2025-12-28,G005,Cooking Oil 1L,Staples,North,136,135.17,0.0,0.0,18383.12
2025-03-01,G004,Rice 5kg,Staples,East,102,310.29,0.0,441.43,31649.58
2025-07-03,G004,Rice 5kg,Staples,North,68,318.18,0.0,0.0,21636.24
2025-05-09,G004,Rice 5kg,Staples,South,53,309.98,0.0,0.0,16428.94
2025-02-25,G006,Bananas 1kg,Produce,South,110,38.72,0.0,0.0,4259.2
2025-06-20,G005,Cooking Oil 1L,Staples,West,102,135.97,10.0,0.0,12482.05
2025-06-22,G007,Instant Noodles,Packaged Foods,East,412,17.59,0.0,608.79,7247.08
2025-05-02,G001,Milk 1L,Dairy,East,431,56.45,0.0,0.0,24329.95
2025-06-02,G001,Milk 1L,Dairy,North,384,54.18,0.0,0.0,20805.12
2025-07-15,G007,Instant Noodles,Packaged Foods,East,235,17.87,0.0,195.15,4199.45
2025-03-26,G001,Milk 1L,Dairy,East,188,56.55,0.0,0.0,10631.4
2025-04-01,G004,Rice 5kg,Staples,North,68,330.77,0.0,0.0,22492.36
2025-08-31,G001,Milk 1L,Dairy,South,244,54.69,0.0,0.0,13344.36
2025-12-10,G007,Instant Noodles,Packaged Foods,North,262,18.39,0.0,795.58,4818.18
2025-10-06,G004,Rice 5kg,Staples,West,60,330.51,0.0,0.0,19830.6
2025-11-03,G006,Bananas 1kg,Produce,West,145,39.66,5.0,0.0,5463.16
2025-12-12,G001,Milk 1L,Dairy,West,146,56.91,0.0,0.0,8308.86
2025-03-28,G001,Milk 1L,Dairy,South,167,55.42,0.0,0.0,9255.14
2025-05-13,G006,Bananas 1kg,Produce,North,159,40.64,0.0,0.0,6461.76
2025-12-13,G003,Eggs (12),Dairy,East,164,92.7,0.0,129.72,15202.8
2025-11-26,G005,Cooking Oil 1L,Staples,East,68,142.85,0.0,0.0,9713.8
2025-10-25,G006,Bananas 1kg,Produce,West,185,40.47,0.0,0.0,7486.95
2025-11-24,G002,Bread Loaf,Bakery,West,91,45.21,5.0,0.0,3908.4
2025-07-17,G001,Milk 1L,Dairy,North,249,56.12,0.0,0.0,13973.88
2025-11-19,G001,Milk 1L,Dairy,West,224,55.95,0.0,0.0,12532.8
2025-05-30,G001,Milk 1L,Dairy,South,135,56.04,0.0,0.0,7565.4
2025-07-19,G007,Instant Noodles,Packaged Foods,North,494,18.36,0.0,0.0,9069.84
2025-11-28,G006,Bananas 1kg,Produce,South,103,40.22,0.0,0.0,4142.66
2025-12-10,G001,Milk 1L,Dairy,North,244,54.74,0.0,0.0,13356.56
2025-10-19,G005,Cooking Oil 1L,Staples,North,111,136.8,0.0,0.0,15184.8
2025-07-08,G007,Instant Noodles,Packaged Foods,West,288,18.63,0.0,0.0,5365.44
2025-01-01,G004,Rice 5kg,Staples,West,89,307.83,0.0,0.0,27396.87
2025-11-30,G006,Bananas 1kg,Produce,North,347,39.19,0.0,0.0,13598.93
2025-11-26,G003,Eggs (12),Dairy,North,127,90.55,0.0,0.0,11499.85
2025-07-11,G001,Milk 1L,Dairy,East,227,55.17,0.0,0.0,12523.59
2025-04-27,G003,Eggs (12),Dairy,West,165,89.52,0.0,0.0,14770.8
2025-08-05,G005,Cooking Oil 1L,Staples,West,54,142.14,0.0,339.7,7675.56
2025-04-19,G004,Rice 5kg,Staples,South,94,320.75,0.0,0.0,30150.5
2025-03-13,G001,Milk 1L,Dairy,East,208,56.13,0.0,0.0,11675.04
2025-11-28,G004,Rice 5kg,Staples,North,61,329.97,5.0,0.0,19121.76
2025-12-28,G005,Cooking Oil 1L,Staples,East,142,139.1,10.0,0.0,17776.98
2025-06-07,G004,Rice 5kg,Staples,South,89,322.78,10.0,0.0,25854.68
2025-06-03,G005,Cooking Oil 1L,Staples,West,86,143.12,5.0,0.0,11692.9
2025-12-25,G005,Cooking Oil 1L,Staples,East,91,139.9,5.0,0.0,12094.35
2025-02-26,G004,Rice 5kg,Staples,West,62,307.63,5.0,0.0,18119.41
2025-06-04,G007,Instant Noodles,Packaged Foods,North,176,18.61,0.0,0.0,3275.36
2025-05-19,G007,Instant Noodles,Packaged Foods,South,348,18.02,0.0,157.73,6270.96
2025-10-24,G003,Eggs (12),Dairy,South,108,88.61,0.0,0.0,9569.88
2025-01-07,G004,Rice 5kg,Staples,East,30,314.37,0.0,129.38,9431.1
2025-07-26,G002,Bread Loaf,Bakery,West,221,45.38,0.0,287.04,10028.98
2025-09-15,G004,Rice 5kg,Staples,West,70,332.08,0.0,0.0,23245.6
2025-11-21,G003,Eggs (12),Dairy,North,91,92.84,0.0,0.0,8448.44
2025-08-03,G005,Cooking Oil 1L,Staples,West,247,136.58,0.0,0.0,33735.26
2025-01-05,G005,Cooking Oil 1L,Staples,North,136,134.46,0.0,564.05,18286.56
2025-08-17,G006,Bananas 1kg,Produce,South,99,41.52,0.0,0.0,4110.48
2025-12-12,G006,Bananas 1kg,Produce,South,74,39.37,0.0,0.0,2913.38
2025-02-08,G007,Instant Noodles,Packaged Foods,South,420,17.46,10.0,269.97,6599.88
2025-11-16,G002,Bread Loaf,Bakery,West,162,44.06,0.0,0.0,7137.72
2025-07-12,G002,Bread Loaf,Bakery,East,271,46.48,0.0,0.0,12596.08
2025-05-18,G002,Bread Loaf,Bakery,East,266,45.22,0.0,0.0,12028.52
2025-04-11,G005,Cooking Oil 1L,Staples,North,81,140.48,0.0,0.0,11378.88
2025-07-28,G005,Cooking Oil 1L,Staples,North,85,135.1,5.0,0.0,10909.32
2025-12-09,G006,Bananas 1kg,Produce,North,247,40.71,0.0,0.0,10055.37
2025-03-11,G002,Bread Loaf,Bakery,North,131,46.7,0.0,0.0,6117.7
2025-11-16,G004,Rice 5kg,Staples,North,67,319.17,0.0,0.0,21384.39
2025-04-15,G005,Cooking Oil 1L,Staples,West,94,144.55,0.0,0.0,13587.7
2025-06-11,G004,Rice 5kg,Staples,East,44,321.25,0.0,0.0,14135.0
2025-12-21,G007,Instant Noodles,Packaged Foods,North,490,17.81,0.0,0.0,8726.9
2025-02-17,G007,Instant Noodles,Packaged Foods,East,273,17.56,0.0,0.0,4793.88
2025-03-07,G005,Cooking Oil 1L,Staples,East,67,136.52,10.0,0.0,8232.16
2025-01-03,G006,Bananas 1kg,Produce,North,262,39.19,0.0,272.44,10267.78
2025-06-18,G004,Rice 5kg,Staples,East,45,308.55,0.0,0.0,13884.75
2025-05-31,G006,Bananas 1kg,Produce,West,162,41.51,0.0,0.0,6724.62
2025-02-20,G005,Cooking Oil 1L,Staples,South,58,137.33,0.0,159.19,7965.14
2025-10-23,G006,Bananas 1kg,Produce,West,129,40.92,0.0,0.0,5278.68
2025-02-06,G006,Bananas 1kg,Produce,West,125,40.96,0.0,0.0,5120.0
2025-09-25,G003,Eggs (12),Dairy,North,59,87.34,0.0,0.0,5153.06
2025-04-20,G006,Bananas 1kg,Produce,East,209,39.38,0.0,0.0,8230.42
2025-07-28,G004,Rice 5kg,Staples,South,51,317.65,0.0,0.0,16200.15
2025-08-15,G004,Rice 5kg,Staples,South,53,320.61,0.0,631.84,16992.33
2025-10-30,G004,Rice 5kg,Staples,South,38,326.92,0.0,0.0,12422.96
2025-02-15,G006,Bananas 1kg,Produce,South,142,39.92,0.0,0.0,5668.64
2025-07-29,G004,Rice 5kg,Staples,East,38,314.12,0.0,0.0,11936.56
2025-10-06,G002,Bread Loaf,Bakery,East,164,44.8,0.0,0.0,7347.2
2025-09-10,G006,Bananas 1kg,Produce,East,126,41.5,0.0,0.0,5229.0
2025-05-29,G005,Cooking Oil 1L,Staples,West,81,138.88,0.0,0.0,11249.28
2025-03-22,G004,Rice 5kg,Staples,East,66,329.13,0.0,0.0,21722.58
2025-08-17,G002,Bread Loaf,Bakery,West,165,44.65,0.0,0.0,7367.25
2025-08-21,G001,Milk 1L,Dairy,West,285,54.15,0.0,0.0,15432.75
2025-02-18,G003,Eggs (12),Dairy,West,109,91.8,0.0,0.0,10006.2
2025-02-18,G003,Eggs (12),Dairy,East,89,92.31,0.0,0.0,8215.59
2025-05-25,G004,Rice 5kg,Staples,South,91,317.4,0.0,19.6,28883.4
2025-06-02,G006,Bananas 1kg,Produce,East,284,38.74,0.0,0.0,11002.16
2025-08-02,G004,Rice 5kg,Staples,East,77,322.13,0.0,0.0,24804.01
2025-04-26,G007,Instant Noodles,Packaged Foods,West,439,17.38,0.0,0.0,7629.82
2025-12-31,G005,Cooking Oil 1L,Staples,East,81,136.66,0.0,0.0,11069.46
2025-09-14,G002,Bread Loaf,Bakery,North,284,43.43,0.0,0.0,12334.12
2025-10-14,G005,Cooking Oil 1L,Staples,North,93,135.77,10.0,0.0,11363.95
2025-12-01,G004,Rice 5kg,Staples,North,97,321.26,0.0,0.0,31162.22
2025-01-26,G006,Bananas 1kg,Produce,West,145,38.76,0.0,0.0,5620.2
2025-08-07,G006,Bananas 1kg,Produce,North,171,39.29,0.0,0.0,6718.59
2025-12-25,G005,Cooking Oil 1L,Staples,West,88,138.48,0.0,0.0,12186.24
2025-03-06,G007,Instant Noodles,Packaged Foods,North,279,17.63,0.0,56.42,4918.77
2025-12-31,G007,Instant Noodles,Packaged Foods,South,177,17.42,0.0,0.0,3083.34
2025-07-04,G002,Bread Loaf,Bakery,West,101,46.1,10.0,0.0,4190.49
2025-06-19,G003,Eggs (12),Dairy,East,84,93.54,0.0,0.0,7857.36
2025-04-02,G005,Cooking Oil 1L,Staples,West,98,142.52,0.0,0.0,13966.96
2025-11-05,G007,Instant Noodles,Packaged Foods,North,371,18.31,0.0,0.0,6793.01
2025-03-15,G005,Cooking Oil 1L,Staples,West,192,143.36,0.0,0.0,27525.12
2025-11-04,G003,Eggs (12),Dairy,South,104,90.53,0.0,0.0,9415.12
2025-09-06,G001,Milk 1L,Dairy,North,237,54.88,0.0,0.0,13006.56
2025-03-21,G002,Bread Loaf,Bakery,West,113,43.76,0.0,0.0,4944.88
2025-02-03,G004,Rice 5kg,Staples,West,79,318.15,0.0,0.0,25133.85
2025-10-11,G005,Cooking Oil 1L,Staples,North,117,139.21,0.0,0.0,16287.57
2025-03-16,G001,Milk 1L,Dairy,East,261,56.64,10.0,0.0,13304.74
2025-02-18,G005,Cooking Oil 1L,Staples,West,44,140.25,10.0,0.0,5553.9
2025-09-03,G007,Instant Noodles,Packaged Foods,West,382,17.73,10.0,0.0,6095.57
2025-01-09,G001,Milk 1L,Dairy,East,309,56.0,0.0,0.0,17304.0
2025-05-10,G005,Cooking Oil 1L,Staples,North,93,135.51,0.0,0.0,12602.43
2025-10-12,G002,Bread Loaf,Bakery,North,217,44.22,0.0,0.0,9595.74
2025-08-28,G003,Eggs (12),Dairy,North,88,88.44,0.0,541.2,7782.72
2025-10-26,G004,Rice 5kg,Staples,East,49,311.76,5.0,0.0,14512.43
2025-06-13,G002,Bread Loaf,Bakery,South,129,46.75,10.0,0.0,5427.68
2025-05-05,G005,Cooking Oil 1L,Staples,East,81,143.05,0.0,0.0,11587.05
2025-01-02,G005,Cooking Oil 1L,Staples,West,97,144.8,0.0,0.0,14045.6
2025-05-29,G006,Bananas 1kg,Produce,West,86,41.09,0.0,0.0,3533.74
2025-05-27,G005,Cooking Oil 1L,Staples,East,86,138.15,0.0,0.0,11880.9
2025-01-01,G001,Milk 1L,Dairy,South,222,55.83,0.0,0.0,12394.26
2025-01-16,G004,Rice 5kg,Staples,West,55,318.66,10.0,595.41,15773.67
2025-01-21,G003,Eggs (12),Dairy,West,120,86.7,0.0,0.0,10404.0
2025-10-27,G007,Instant Noodles,Packaged Foods,East,290,17.35,0.0,0.0,5031.5
2025-03-03,G003,Eggs (12),Dairy,East,205,86.55,0.0,0.0,17742.75
2025-08-04,G006,Bananas 1kg,Produce,North,65,39.34,0.0,0.0,2557.1
2025-12-28,G002,Bread Loaf,Bakery,South,235,46.26,0.0,0.0,10871.1
2025-02-18,G003,Eggs (12),Dairy,North,113,92.71,0.0,0.0,10476.23
2025-07-27,G006,Bananas 1kg,Produce,West,164,39.86,5.0,0.0,6210.19
2025-10-03,G001,Milk 1L,Dairy,East,401,54.89,0.0,0.0,22010.89
2025-11-06,G006,Bananas 1kg,Produce,East,132,38.46,0.0,0.0,5076.72
2025-11-09,G004,Rice 5kg,Staples,South,82,307.59,10.0,359.16,22700.14
2025-07-07,G003,Eggs (12),Dairy,East,116,88.48,0.0,0.0,10263.68
2025-04-19,G003,Eggs (12),Dairy,West,109,90.05,0.0,0.0,9815.45
2025-10-31,G006,Bananas 1kg,Produce,North,238,38.82,0.0,0.0,9239.16
2025-06-29,G004,Rice 5kg,Staples,West,59,317.66,0.0,0.0,18741.94
2025-07-22,G006,Bananas 1kg,Produce,North,233,41.09,5.0,0.0,9095.27
2025-08-27,G003,Eggs (12),Dairy,South,105,90.94,0.0,0.0,9548.7
2025-10-20,G003,Eggs (12),Dairy,North,84,93.11,0.0,639.76,7821.24
2025-11-24,G003,Eggs (12),Dairy,East,112,87.35,10.0,416.72,8804.88
2025-06-27,G004,Rice 5kg,Staples,South,52,332.1,0.0,0.0,17269.2
2025-01-17,G001,Milk 1L,Dairy,East,120,55.17,0.0,279.13,6620.4
2025-06-02,G004,Rice 5kg,Staples,South,107,318.34,0.0,0.0,34062.38
2025-04-09,G002,Bread Loaf,Bakery,East,183,43.36,5.0,0.0,7538.14
2025-05-12,G001,Milk 1L,Dairy,West,266,55.43,0.0,0.0,14744.38
2025-01-01,G004,Rice 5kg,Staples,South,95,312.69,0.0,0.0,29705.55
2025-11-01,G004,Rice 5kg,Staples,South,123,320.4,0.0,222.74,39409.2
2025-01-23,G003,Eggs (12),Dairy,South,76,91.05,0.0,0.0,6919.8
2025-01-15,G001,Milk 1L,Dairy,South,219,54.22,0.0,0.0,11874.18
2025-01-16,G003,Eggs (12),Dairy,West,100,93.24,0.0,0.0,9324.0
2025-03-21,G001,Milk 1L,Dairy,West,263,53.1,0.0,0.0,13965.3
2025-09-21,G007,Instant Noodles,Packaged Foods,West,465,17.99,0.0,0.0,8365.35
2025-08-10,G001,Milk 1L,Dairy,South,192,56.35,0.0,0.0,10819.2
2025-09-11,G003,Eggs (12),Dairy,South,131,89.81,0.0,0.0,11765.11
2025-09-27,G001,Milk 1L,Dairy,North,331,53.67,0.0,0.0,17764.77
2025-04-24,G002,Bread Loaf,Bakery,South,176,46.48,0.0,0.0,8180.48
2025-06-26,G004,Rice 5kg,Staples,East,46,327.1,0.0,0.0,15046.6
2025-04-04,G007,Instant Noodles,Packaged Foods,North,196,17.67,0.0,0.0,3463.32
2025-07-27,G007,Instant Noodles,Packaged Foods,South,342,17.7,0.0,0.0,6053.4
2025-10-09,G004,Rice 5kg,Staples,North,63,326.25,0.0,0.0,20553.75
2025-04-01,G007,Instant Noodles,Packaged Foods,South,340,18.12,0.0,0.0,6160.8
2025-03-03,G007,Instant Noodles,Packaged Foods,East,220,18.71,0.0,0.0,4116.2
2025-08-11,G003,Eggs (12),Dairy,North,109,87.14,0.0,0.0,9498.26
2025-04-27,G005,Cooking Oil 1L,Staples,South,87,141.94,5.0,476.25,11731.34
2025-05-07,G003,Eggs (12),Dairy,West,95,90.08,0.0,11.97,8557.6
2025-04-17,G004,Rice 5kg,Staples,East,50,318.03,5.0,189.59,15106.42
2025-04-26,G005,Cooking Oil 1L,Staples,North,112,143.52,0.0,0.0,16074.24
2025-10-16,G007,Instant Noodles,Packaged Foods,North,248,18.38,0.0,0.0,4558.24
2025-03-12,G004,Rice 5kg,Staples,North,49,318.64,0.0,0.0,15613.36
2025-07-08,G003,Eggs (12),Dairy,South,78,92.88,10.0,0.0,6520.18
2025-10-14,G007,Instant Noodles,Packaged Foods,North,305,17.39,0.0,0.0,5303.95
2025-08-11,G001,Milk 1L,Dairy,North,209,56.93,0.0,0.0,11898.37
2025-01-16,G001,Milk 1L,Dairy,East,246,56.67,0.0,0.0,13940.82
2025-04-15,G003,Eggs (12),Dairy,West,102,92.38,0.0,0.0,9422.76
2025-04-09,G003,Eggs (12),Dairy,South,94,91.92,0.0,0.0,8640.48
2025-07-21,G002,Bread Loaf,Bakery,South,181,45.69,5.0,0.0,7856.4
2025-03-11,G007,Instant Noodles,Packaged Foods,West,323,17.77,0.0,0.0,5739.71
2025-04-25,G001,Milk 1L,Dairy,East,239,54.59,0.0,545.28,13047.01
2025-11-21,G003,Eggs (12),Dairy,West,128,87.17,0.0,0.0,11157.76
2025-01-14,G006,Bananas 1kg,Produce,South,124,38.86,0.0,166.38,4818.64
2025-10-02,G003,Eggs (12),Dairy,North,137,92.77,0.0,0.0,12709.49
2025-08-15,G004,Rice 5kg,Staples,East,36,320.11,0.0,0.0,11523.96
2025-11-25,G006,Bananas 1kg,Produce,North,234,39.37,0.0,45.58,9212.58
2025-07-13,G003,Eggs (12),Dairy,North,120,86.74,0.0,0.0,10408.8
2025-05-12,G004,Rice 5kg,Staples,North,50,316.96,0.0,0.0,15848.0
2025-08-26,G004,Rice 5kg,Staples,East,55,313.98,10.0,0.0,15542.01
2025-11-24,G005,Cooking Oil 1L,Staples,East,86,137.48,0.0,0.0,11823.28
2025-08-18,G005,Cooking Oil 1L,Staples,North,66,140.4,0.0,0.0,9266.4
2025-04-13,G007,Instant Noodles,Packaged Foods,North,395,17.71,0.0,0.0,6995.45
2025-03-09,G001,Milk 1L,Dairy,South,212,56.78,0.0,0.0,12037.36
2025-10-08,G001,Milk 1L,Dairy,East,334,56.91,5.0,0.0,18057.54
2025-03-06,G003,Eggs (12),Dairy,North,90,86.75,0.0,0.0,7807.5
2025-12-20,G005,Cooking Oil 1L,Staples,West,123,139.1,0.0,187.1,17109.3
2025-09-27,G004,Rice 5kg,Staples,East,47,317.32,0.0,0.0,14914.04
2025-04-25,G006,Bananas 1kg,Produce,West,108,40.08,0.0,0.0,4328.64
2025-06-27,G005,Cooking Oil 1L,Staples,West,122,134.67,0.0,0.0,16429.74
2025-08-06,G005,Cooking Oil 1L,Staples,North,126,140.31,0.0,0.0,17679.06
2025-02-05,G007,Instant Noodles,Packaged Foods,North,226,18.7,0.0,0.0,4226.2
2025-04-04,G006,Bananas 1kg,Produce,East,192,38.73,0.0,0.0,7436.16
2025-06-21,G005,Cooking Oil 1L,Staples,East,103,140.46,0.0,0.0,14467.38
2025-01-12,G005,Cooking Oil 1L,Staples,West,125,141.38,0.0,0.0,17672.5
2025-09-16,G002,Bread Loaf,Bakery,North,145,44.68,0.0,0.0,6478.6
2025-09-26,G003,Eggs (12),Dairy,West,84,92.7,0.0,604.51,7786.8
2025-02-17,G002,Bread Loaf,Bakery,South,181,46.58,0.0,778.91,8430.98
2025-02-07,G004,Rice 5kg,Staples,West,47,314.75,0.0,0.0,14793.25
2025-07-18,G001,Milk 1L,Dairy,East,270,53.09,0.0,0.0,14334.3
2025-03-29,G003,Eggs (12),Dairy,South,140,88.48,0.0,0.0,12387.2
2025-07-15,G002,Bread Loaf,Bakery,East,175,44.45,0.0,0.0,7778.75
2025-11-30,G007,Instant Noodles,Packaged Foods,East,458,17.4,0.0,0.0,7969.2
2025-02-09,G001,Milk 1L,Dairy,North,426,55.7,0.0,0.0,23728.2
2025-02-10,G002,Bread Loaf,Bakery,North,220,45.98,0.0,0.0,10115.6
2025-01-18,G003,Eggs (12),Dairy,South,158,86.92,0.0,0.0,13733.36
2025-09-20,G004,Rice 5kg,Staples,South,85,314.89,0.0,0.0,26765.65
2025-09-11,G003,Eggs (12),Dairy,North,90,89.34,10.0,0.0,7236.54
2025-09-30,G004,Rice 5kg,Staples,South,40,310.15,0.0,0.0,12406.0
2025-11-23,G006,Bananas 1kg,Produce,North,180,39.32,10.0,0.0,6369.84
2025-03-27,G003,Eggs (12),Dairy,North,70,92.3,0.0,0.0,6461.0
2025-06-29,G002,Bread Loaf,Bakery,West,206,43.24,0.0,0.0,8907.44
2025-06-19,G005,Cooking Oil 1L,Staples,South,91,144.09,0.0,0.0,13112.19
2025-11-27,G004,Rice 5kg,Staples,West,69,331.66,0.0,0.0,22884.54
2025-01-12,G001,Milk 1L,Dairy,North,331,54.39,5.0,0.0,17102.94
2025-10-04,G001,Milk 1L,Dairy,South,267,56.66,0.0,0.0,15128.22
2025-11-11,G007,Instant Noodles,Packaged Foods,South,398,18.61,0.0,0.0,7406.78
2025-07-29,G002,Bread Loaf,Bakery,North,142,43.6,0.0,0.0,6191.2
2025-12-11,G006,Bananas 1kg,Produce,South,136,40.36,0.0,0.0,5488.96
2025-03-21,G002,Bread Loaf,Bakery,North,118,43.73,0.0,0.0,5160.14
2025-05-13,G003,Eggs (12),Dairy,West,114,88.91,0.0,0.0,10135.74
2025-06-04,G003,Eggs (12),Dairy,West,80,91.95,0.0,0.0,7356.0
2025-05-08,G001,Milk 1L,Dairy,East,337,53.49,0.0,356.91,18026.13
2025-02-25,G001,Milk 1L,Dairy,North,188,53.51,5.0,520.65,9556.89
2025-11-13,G002,Bread Loaf,Bakery,South,170,44.35,0.0,0.0,7539.5
2025-07-24,G001,Milk 1L,Dairy,North,218,53.68,0.0,0.0,11702.24
2025-09-12,G003,Eggs (12),Dairy,East,66,92.36,0.0,0.0,6095.76
2025-11-29,G006,Bananas 1kg,Produce,West,123,41.1,0.0,367.54,5055.3
2025-05-06,G001,Milk 1L,Dairy,North,233,55.11,0.0,0.0,12840.63
2025-12-06,G003,Eggs (12),Dairy,West,126,91.18,0.0,0.0,11488.68
2025-03-31,G002,Bread Loaf,Bakery,North,126,45.45,0.0,780.17,5726.7
2025-01-02,G006,Bananas 1kg,Produce,East,245,39.89,0.0,0.0,9773.05
2025-01-14,G005,Cooking Oil 1L,Staples,South,78,139.83,0.0,0.0,10906.74
2025-12-18,G002,Bread Loaf,Bakery,West,152,44.68,0.0,0.0,6791.36
2025-06-27,G003,Eggs (12),Dairy,West,66,86.97,5.0,0.0,5453.02
2025-05-03,G004,Rice 5kg,Staples,North,150,320.95,0.0,0.0,48142.5
2025-06-19,G004,Rice 5kg,Staples,East,44,327.4,0.0,0.0,14405.6
2025-02-17,G007,Instant Noodles,Packaged Foods,South,238,17.56,0.0,774.49,4179.28
2025-01-05,G003,Eggs (12),Dairy,West,148,87.0,5.0,0.0,12232.2
2025-02-16,G006,Bananas 1kg,Produce,West,121,39.35,0.0,0.0,4761.35
2025-07-17,G001,Milk 1L,Dairy,West,235,56.44,0.0,271.15,13263.4
2025-12-23,G001,Milk 1L,Dairy,North,264,54.52,0.0,0.0,14393.28
2025-04-09,G005,Cooking Oil 1L,Staples,West,63,145.45,0.0,0.0,9163.35
2025-09-27,G005,Cooking Oil 1L,Staples,North,102,143.65,0.0,0.0,14652.3
2025-07-10,G003,Eggs (12),Dairy,South,123,88.63,0.0,0.0,10901.49
2025-07-02,G002,Bread Loaf,Bakery,West,220,44.62,0.0,0.0,9816.4
2025-10-09,G006,Bananas 1kg,Produce,North,101,40.78,0.0,0.0,4118.78
2025-04-09,G001,Milk 1L,Dairy,West,267,54.65,0.0,0.0,14591.55
2025-10-08,G003,Eggs (12),Dairy,East,78,93.5,0.0,0.0,7293.0
2025-11-22,G007,Instant Noodles,Packaged Foods,East,339,18.61,0.0,0.0,6308.79
2025-10-27,G006,Bananas 1kg,Produce,North,141,40.18,0.0,0.0,5665.38
2025-04-16,G003,Eggs (12),Dairy,South,75,90.16,0.0,0.0,6762.0
2025-02-01,G006,Bananas 1kg,Produce,East,270,38.54,10.0,66.4,9365.22
2025-09-14,G005,Cooking Oil 1L,Staples,West,99,143.42,0.0,0.0,14198.58
2025-05-26,G002,Bread Loaf,Bakery,South,163,44.7,0.0,0.0,7286.1
2025-08-02,G002,Bread Loaf,Bakery,East,403,44.47,10.0,0.0,16129.27
2025-04-14,G004,Rice 5kg,Staples,East,38,323.74,10.0,0.0,11071.91
2025-01-18,G004,Rice 5kg,Staples,South,83,322.98,0.0,0.0,26807.34
2025-06-08,G005,Cooking Oil 1L,Staples,South,111,135.77,0.0,0.0,15070.47
2025-09-02,G002,Bread Loaf,Bakery,East,216,46.13,0.0,0.0,9964.08
2025-01-12,G003,Eggs (12),Dairy,East,119,88.3,5.0,495.54,9982.31
2025-02-27,G003,Eggs (12),Dairy,East,111,87.81,0.0,0.0,9746.91
2025-10-20,G007,Instant Noodles,Packaged Foods,South,406,18.27,10.0,0.0,6675.86
2025-01-10,G004,Rice 5kg,Staples,North,53,324.52,0.0,0.0,17199.56
2025-11-27,G001,Milk 1L,Dairy,South,233,53.22,0.0,0.0,12400.26
2025-07-16,G002,Bread Loaf,Bakery,South,118,44.32,0.0,0.0,5229.76
2025-02-27,G005,Cooking Oil 1L,Staples,West,79,136.08,0.0,0.0,10750.32
2025-10-15,G001,Milk 1L,Dairy,North,231,56.73,10.0,0.0,11794.17
2025-07-16,G005,Cooking Oil 1L,Staples,West,96,142.94,0.0,0.0,13722.24
2025-07-12,G004,Rice 5kg,Staples,East,79,323.23,0.0,202.16,25535.17
2025-10-27,G006,Bananas 1kg,Produce,East,119,39.21,0.0,0.0,4665.99
2025-02-25,G003,Eggs (12),Dairy,West,88,87.76,0.0,0.0,7722.88
2025-04-17,G001,Milk 1L,Dairy,South,126,57.09,0.0,0.0,7193.34
2025-06-26,G006,Bananas 1kg,Produce,West,95,40.77,0.0,0.0,3873.15
2025-11-23,G002,Bread Loaf,Bakery,East,252,43.99,10.0,0.0,9976.93
2025-11-03,G003,Eggs (12),Dairy,South,123,88.1,0.0,0.0,10836.3
2025-09-29,G004,Rice 5kg,Staples,West,60,331.38,0.0,0.0,19882.8
2025-09-01,G001,Milk 1L,Dairy,East,409,55.2,0.0,0.0,22576.8
2025-09-20,G001,Milk 1L,Dairy,West,346,57.1,0.0,0.0,19756.6
2025-11-12,G006,Bananas 1kg,Produce,South,100,39.94,0.0,508.26,3994.0
2025-06-15,G005,Cooking Oil 1L,Staples,West,129,137.64,0.0,0.0,17755.56
2025-01-10,G007,Instant Noodles,Packaged Foods,South,256,18.02,0.0,0.0,4613.12
2025-09-27,G005,Cooking Oil 1L,Staples,East,42,135.71,0.0,0.0,5699.82
2025-05-23,G006,Bananas 1kg,Produce,East,166,39.27,0.0,786.74,6518.82
2025-08-06,G005,Cooking Oil 1L,Staples,South,94,144.61,0.0,0.0,13593.34
2025-06-15,G003,Eggs (12),Dairy,West,87,91.64,0.0,0.0,7972.68
2025-05-11,G003,Eggs (12),Dairy,East,159,90.2,0.0,0.0,14341.8
2025-01-04,G005,Cooking Oil 1L,Staples,East,73,137.8,0.0,0.0,10059.4
2025-03-23,G005,Cooking Oil 1L,Staples,East,85,136.85,0.0,0.0,11632.25
2025-06-21,G001,Milk 1L,Dairy,East,253,53.85,0.0,0.0,13624.05
2025-11-29,G004,Rice 5kg,Staples,North,61,323.24,5.0,0.0,18731.76
2025-08-05,G005,Cooking Oil 1L,Staples,South,67,134.42,0.0,239.93,9006.14
2025-08-06,G003,Eggs (12),Dairy,North,54,87.95,0.0,0.0,4749.3
2025-11-13,G005,Cooking Oil 1L,Staples,East,74,135.22,5.0,0.0,9505.97
2025-04-16,G005,Cooking Oil 1L,Staples,North,72,139.88,0.0,0.0,10071.36
2025-05-14,G005,Cooking Oil 1L,Staples,North,77,143.07,0.0,0.0,11016.39
2025-01-07,G002,Bread Loaf,Bakery,West,122,44.07,0.0,0.0,5376.54
2025-07-25,G006,Bananas 1kg,Produce,South,89,41.25,10.0,0.0,3304.12
2025-12-11,G003,Eggs (12),Dairy,North,60,91.19,0.0,0.0,5471.4
2025-03-25,G007,Instant Noodles,Packaged Foods,East,251,18.19,0.0,0.0,4565.69
2025-09-27,G002,Bread Loaf,Bakery,South,243,45.06,0.0,0.0,10949.58
2025-11-16,G004,Rice 5kg,Staples,South,79,323.8,0.0,0.0,25580.2
2025-12-03,G003,Eggs (12),Dairy,South,150,93.25,0.0,0.0,13987.5
2025-06-27,G007,Instant Noodles,Packaged Foods,West,339,17.4,0.0,0.0,5898.6
2025-02-21,G001,Milk 1L,Dairy,East,163,54.49,5.0,0.0,8437.78
2025-01-14,G007,Instant Noodles,Packaged Foods,North,190,18.39,0.0,0.0,3494.1
2025-03-01,G006,Bananas 1kg,Produce,East,394,39.42,0.0,0.0,15531.48
2025-06-25,G007,Instant Noodles,Packaged Foods,North,269,18.71,0.0,0.0,5032.99
2025-02-07,G001,Milk 1L,Dairy,East,244,56.76,5.0,0.0,13156.97
2025-06-18,G007,Instant Noodles,Packaged Foods,West,393,18.04,0.0,0.0,7089.72
2025-02-28,G006,Bananas 1kg,Produce,East,143,41.36,0.0,484.74,5914.48
2025-01-03,G006,Bananas 1kg,Produce,East,222,41.45,0.0,0.0,9201.9
2025-04-29,G004,Rice 5kg,Staples,West,56,323.2,0.0,0.0,18099.2
2025-04-22,G006,Bananas 1kg,Produce,West,108,41.09,0.0,0.0,4437.72
2025-09-02,G006,Bananas 1kg,Produce,South,142,38.56,0.0,0.0,5475.52
2025-06-13,G003,Eggs (12),Dairy,East,85,89.2,0.0,0.0,7582.0
2025-08-10,G001,Milk 1L,Dairy,West,251,52.94,0.0,0.0,13287.94
2025-01-12,G007,Instant Noodles,Packaged Foods,North,205,17.86,0.0,0.0,3661.3
2025-10-24,G004,Rice 5kg,Staples,West,56,317.48,0.0,0.0,17778.88
2025-10-12,G002,Bread Loaf,Bakery,South,225,43.36,0.0,0.0,9756.0
2025-08-12,G003,Eggs (12),Dairy,North,102,90.23,0.0,0.0,9203.46
2025-03-18,G003,Eggs (12),Dairy,North,51,88.44,0.0,0.0,4510.44
2025-05-01,G007,Instant Noodles,Packaged Foods,West,613,17.36,0.0,0.0,10641.68
2025-11-27,G007,Instant Noodles,Packaged Foods,West,257,18.14,0.0,0.0,4661.98
2025-09-06,G005,Cooking Oil 1L,Staples,North,110,141.24,0.0,636.9,15536.4
2025-05-27,G004,Rice 5kg,Staples,East,43,326.72,10.0,0.0,12644.06
2025-11-02,G004,Rice 5kg,Staples,West,85,319.88,0.0,0.0,27189.8
2025-10-16,G004,Rice 5kg,Staples,West,63,330.83,0.0,0.0,20842.29
2025-07-14,G005,Cooking Oil 1L,Staples,East,93,135.56,0.0,0.0,12607.08
2025-10-19,G004,Rice 5kg,Staples,West,66,324.33,10.0,0.0,19265.2
2025-09-22,G005,Cooking Oil 1L,Staples,East,62,135.52,0.0,457.52,8402.24
2025-02-19,G004,Rice 5kg,Staples,South,54,321.89,0.0,0.0,17382.06
2025-09-15,G007,Instant Noodles,Packaged Foods,East,309,18.23,0.0,0.0,5633.07
2025-10-25,G005,Cooking Oil 1L,Staples,South,84,140.05,10.0,591.11,10587.78
2025-11-26,G005,Cooking Oil 1L,Staples,South,73,136.25,0.0,0.0,9946.25
2025-08-11,G006,Bananas 1kg,Produce,South,130,41.39,0.0,0.0,5380.7
2025-05-27,G003,Eggs (12),Dairy,West,65,86.46,0.0,0.0,5619.9
2025-08-08,G004,Rice 5kg,Staples,North,43,329.67,0.0,0.0,14175.81
2025-09-12,G003,Eggs (12),Dairy,South,82,86.75,5.0,0.0,6757.82
2025-06-23,G007,Instant Noodles,Packaged Foods,East,250,18.55,0.0,0.0,4637.5
2025-05-06,G001,Milk 1L,Dairy,East,263,55.83,10.0,0.0,13214.96
2025-10-01,G004,Rice 5kg,Staples,South,77,320.32,0.0,14.84,24664.64
2025-01-20,G007,Instant Noodles,Packaged Foods,West,350,17.5,0.0,0.0,6125.0
2025-04-20,G007,Instant Noodles,Packaged Foods,East,330,17.8,0.0,0.0,5874.0
2025-05-20,G005,Cooking Oil 1L,Staples,South,76,135.48,0.0,747.12,10296.48
2025-09-07,G001,Milk 1L,Dairy,North,272,56.37,0.0,0.0,15332.64
2025-05-24,G006,Bananas 1kg,Produce,South,185,39.81,0.0,0.0,7364.85
2025-05-15,G001,Milk 1L,Dairy,West,244,56.05,0.0,666.93,13676.2
2025-09-07,G007,Instant Noodles,Packaged Foods,West,618,18.33,0.0,0.0,11327.94
2025-02-05,G002,Bread Loaf,Bakery,East,221,44.97,0.0,221.79,9938.37
2025-11-17,G002,Bread Loaf,Bakery,East,121,44.6,0.0,0.0,5396.6
2025-06-23,G004,Rice 5kg,Staples,West,45,331.4,5.0,315.77,14167.35
2025-02-06,G006,Bananas 1kg,Produce,South,102,41.32,0.0,0.0,4214.64
2025-07-12,G003,Eggs (12),Dairy,West,152,90.99,10.0,0.0,12447.43
2025-01-30,G005,Cooking Oil 1L,Staples,East,84,138.11,10.0,0.0,10441.12
2025-08-12,G004,Rice 5kg,Staples,South,55,323.95,0.0,0.0,17817.25
2025-08-13,G005,Cooking Oil 1L,Staples,South,58,143.97,0.0,0.0,8350.26
2025-05-08,G005,Cooking Oil 1L,Staples,West,80,141.86,0.0,0.0,11348.8
2025-03-18,G002,Bread Loaf,Bakery,East,215,46.1,0.0,0.0,9911.5
2025-10-14,G006,Bananas 1kg,Produce,West,119,40.38,0.0,0.0,4805.22
2025-05-07,G006,Bananas 1kg,Produce,South,106,39.39,0.0,0.0,4175.34
2025-05-12,G005,Cooking Oil 1L,Staples,West,92,134.76,0.0,475.53,12397.92
2025-10-07,G006,Bananas 1kg,Produce,North,150,38.92,0.0,608.23,5838.0
2025-08-26,G004,Rice 5kg,Staples,North,39,324.29,10.0,0.0,11382.58
2025-02-15,G006,Bananas 1kg,Produce,East,122,40.45,10.0,0.0,4441.41
2025-03-23,G005,Cooking Oil 1L,Staples,West,97,143.08,0.0,0.0,13878.76
2025-03-02,G002,Bread Loaf,Bakery,South,355,43.71,0.0,0.0,15517.05
2025-05-25,G006,Bananas 1kg,Produce,West,189,40.99,0.0,0.0,7747.11
2025-07-03,G002,Bread Loaf,Bakery,North,163,44.55,0.0,0.0,7261.65
2025-10-29,G005,Cooking Oil 1L,Staples,North,80,138.65,10.0,0.0,9982.8
2025-09-29,G002,Bread Loaf,Bakery,East,162,45.98,0.0,0.0,7448.76
2025-11-17,G007,Instant Noodles,Packaged Foods,South,253,18.0,0.0,456.84,4554.0
2025-01-17,G004,Rice 5kg,Staples,West,60,308.21,0.0,0.0,18492.6
2025-05-14,G005,Cooking Oil 1L,Staples,South,69,136.46,10.0,0.0,8474.17
2025-01-08,G005,Cooking Oil 1L,Staples,South,57,145.31,5.0,215.77,7868.54
2025-03-26,G005,Cooking Oil 1L,Staples,East,76,142.23,10.0,0.0,9728.53
2025-09-06,G001,Milk 1L,Dairy,East,368,55.38,0.0,0.0,20379.84
2025-02-23,G004,Rice 5kg,Staples,South,57,327.67,0.0,0.0,18677.19
2025-08-09,G001,Milk 1L,Dairy,West,352,53.17,5.0,516.91,17780.05
2025-11-23,G002,Bread Loaf,Bakery,West,132,46.65,0.0,0.0,6157.8
2025-03-11,G004,Rice 5kg,Staples,North,59,326.56,10.0,278.57,17340.34
2025-05-26,G006,Bananas 1kg,Produce,South,90,41.32,0.0,0.0,3718.8
2025-11-01,G006,Bananas 1kg,Produce,South,198,40.85,0.0,0.0,8088.3
2025-01-21,G007,Instant Noodles,Packaged Foods,South,264,17.63,0.0,0.0,4654.32
2025-08-20,G001,Milk 1L,Dairy,North,215,53.56,0.0,0.0,11515.4
2025-09-02,G006,Bananas 1kg,Produce,East,218,38.84,0.0,0.0,8467.12
2025-08-24,G004,Rice 5kg,Staples,South,88,308.31,5.0,64.42,25774.72
2025-07-19,G004,Rice 5kg,Staples,East,61,319.96,0.0,0.0,19517.56
2025-10-31,G005,Cooking Oil 1L,Staples,North,83,138.16,0.0,0.0,11467.28
2025-03-29,G002,Bread Loaf,Bakery,West,268,46.17,0.0,0.0,12373.56
2025-10-19,G007,Instant Noodles,Packaged Foods,East,401,18.36,0.0,0.0,7362.36
2025-05-25,G003,Eggs (12),Dairy,West,155,92.45,0.0,572.06,14329.75
2025-06-30,G006,Bananas 1kg,Produce,East,201,38.4,0.0,0.0,7718.4
2025-04-07,G007,Instant Noodles,Packaged Foods,North,209,18.54,10.0,0.0,3487.37
2025-09-19,G001,Milk 1L,Dairy,North,207,52.83,0.0,0.0,10935.81
2025-05-12,G001,Milk 1L,Dairy,South,144,53.27,0.0,0.0,7670.88
2025-12-29,G004,Rice 5kg,Staples,West,60,329.01,10.0,0.0,17766.54
2025-03-27,G007,Instant Noodles,Packaged Foods,West,161,17.68,0.0,792.68,2846.48
2025-11-16,G004,Rice 5kg,Staples,East,69,330.3,0.0,0.0,22790.7
2025-10-13,G003,Eggs (12),Dairy,South,110,93.52,5.0,0.0,9772.84
2025-04-04,G002,Bread Loaf,Bakery,West,97,43.87,0.0,0.0,4255.39
2025-09-03,G001,Milk 1L,Dairy,West,313,53.86,0.0,0.0,16858.18
2025-02-03,G002,Bread Loaf,Bakery,West,203,43.67,0.0,0.0,8865.01
2025-04-19,G007,Instant Noodles,Packaged Foods,South,428,18.23,0.0,0.0,7802.44
2025-11-17,G002,Bread Loaf,Bakery,South,186,46.2,0.0,0.0,8593.2
2025-03-26,G002,Bread Loaf,Bakery,South,117,44.06,10.0,519.8,4639.52
2025-03-12,G006,Bananas 1kg,Produce,East,138,40.87,0.0,554.43,5640.06
2025-05-09,G006,Bananas 1kg,Produce,North,185,41.53,0.0,96.09,7683.05
2025-03-23,G006,Bananas 1kg,Produce,South,120,41.52,0.0,0.0,4982.4
2025-11-02,G002,Bread Loaf,Bakery,South,312,46.38,0.0,550.36,14470.56
2025-01-18,G004,Rice 5kg,Staples,East,60,332.3,0.0,468.3,19938.0
2025-03-28,G003,Eggs (12),Dairy,West,120,93.05,0.0,0.0,11166.0
2025-03-28,G001,Milk 1L,Dairy,North,251,55.57,0.0,0.0,13948.07
2025-03-19,G001,Milk 1L,Dairy,East,199,54.4,0.0,0.0,10825.6
2025-11-23,G004,Rice 5kg,Staples,East,44,330.67,0.0,0.0,14549.48
2025-07-26,G002,Bread Loaf,Bakery,East,263,46.33,0.0,0.0,12184.79
2025-12-20,G003,Eggs (12),Dairy,East,189,91.72,0.0,415.38,17335.08
2025-04-25,G004,Rice 5kg,Staples,North,38,313.18,0.0,0.0,11900.84
2025-02-22,G003,Eggs (12),Dairy,South,158,86.54,0.0,0.0,13673.32
2025-05-03,G004,Rice 5kg,Staples,West,173,326.1,0.0,0.0,56415.3
2025-08-28,G007,Instant Noodles,Packaged Foods,West,156,18.34,0.0,0.0,2861.04
2025-04-11,G004,Rice 5kg,Staples,East,37,316.76,0.0,0.0,11720.12
2025-12-27,G002,Bread Loaf,Bakery,North,182,45.55,0.0,515.34,8290.1
2025-09-08,G007,Instant Noodles,Packaged Foods,South,347,17.65,0.0,0.0,6124.55
2025-07-27,G005,Cooking Oil 1L,Staples,East,121,139.22,10.0,0.0,15161.06
2025-01-21,G004,Rice 5kg,Staples,North,43,309.16,0.0,0.0,13293.88
2025-08-16,G006,Bananas 1kg,Produce,East,259,39.37,10.0,0.0,9177.15
2025-06-16,G005,Cooking Oil 1L,Staples,West,89,143.08,0.0,0.0,12734.12
2025-01-15,G004,Rice 5kg,Staples,West,43,309.53,0.0,687.12,13309.79
2025-03-10,G007,Instant Noodles,Packaged Foods,North,228,18.68,0.0,0.0,4259.04
2025-02-03,G002,Bread Loaf,Bakery,North,192,44.11,0.0,0.0,8469.12
2025-06-19,G003,Eggs (12),Dairy,South,91,86.57,0.0,0.0,7877.87
2025-08-31,G006,Bananas 1kg,Produce,North,227,40.31,0.0,0.0,9150.37
2025-04-22,G001,Milk 1L,Dairy,North,240,56.44,0.0,0.0,13545.6
2025-02-08,G003,Eggs (12),Dairy,East,191,91.28,10.0,0.0,15691.03
2025-10-17,G004,Rice 5kg,Staples,South,51,324.32,0.0,0.0,16540.32
2025-10-02,G007,Instant Noodles,Packaged Foods,East,408,17.34,0.0,0.0,7074.72
2025-01-08,G005,Cooking Oil 1L,Staples,East,70,135.39,0.0,512.0,9477.3
2025-10-06,G004,Rice 5kg,Staples,East,41,318.19,0.0,0.0,13045.79
2025-04-13,G007,Instant Noodles,Packaged Foods,East,270,18.68,0.0,0.0,5043.6
2025-09-04,G003,Eggs (12),Dairy,North,73,89.83,0.0,0.0,6557.59
2025-04-23,G001,Milk 1L,Dairy,South,189,54.49,0.0,0.0,10298.61
2025-08-06,G006,Bananas 1kg,Produce,West,56,40.89,5.0,0.0,2175.35
2025-01-06,G007,Instant Noodles,Packaged Foods,West,347,18.07,0.0,0.0,6270.29
2025-12-08,G006,Bananas 1kg,Produce,West,124,39.18,0.0,0.0,4858.32
2025-09-01,G007,Instant Noodles,Packaged Foods,West,578,17.75,0.0,0.0,10259.5
2025-12-02,G001,Milk 1L,Dairy,West,405,53.57,0.0,0.0,21695.85
2025-05-24,G001,Milk 1L,Dairy,West,336,57.03,0.0,0.0,19162.08
2025-06-01,G001,Milk 1L,Dairy,North,564,56.53,0.0,219.41,31882.92
2025-12-01,G002,Bread Loaf,Bakery,East,384,46.62,5.0,0.0,17006.98
2025-12-28,G005,Cooking Oil 1L,Staples,West,112,138.21,5.0,0.0,14705.54
2025-12-15,G006,Bananas 1kg,Produce,East,181,41.13,0.0,0.0,7444.53
2025-07-01,G006,Bananas 1kg,Produce,West,174,38.71,0.0,0.0,6735.54
2025-01-19,G007,Instant Noodles,Packaged Foods,East,355,18.39,0.0,0.0,6528.45
2025-01-06,G003,Eggs (12),Dairy,South,79,89.05,0.0,0.0,7034.95
2025-04-01,G001,Milk 1L,Dairy,North,221,52.98,10.0,0.0,10537.72
2025-07-26,G006,Bananas 1kg,Produce,East,267,40.2,10.0,0.0,9660.06
2025-03-13,G001,Milk 1L,Dairy,North,246,56.14,0.0,0.0,13810.44
2025-04-30,G002,Bread Loaf,Bakery,North,154,46.6,0.0,0.0,7176.4
2025-11-27,G006,Bananas 1kg,Produce,South,74,39.44,0.0,0.0,2918.56
2025-11-06,G002,Bread Loaf,Bakery,South,148,43.46,0.0,545.68,6432.08
2025-10-11,G006,Bananas 1kg,Produce,East,237,39.48,5.0,0.0,8888.92
2025-09-21,G007,Instant Noodles,Packaged Foods,South,325,17.58,0.0,0.0,5713.5
2025-04-09,G007,Instant Noodles,Packaged Foods,East,260,18.13,0.0,0.0,4713.8
2025-12-10,G002,Bread Loaf,Bakery,North,130,44.17,0.0,0.0,5742.1
2025-02-16,G004,Rice 5kg,Staples,South,76,313.66,0.0,0.0,23838.16
2025-08-26,G001,Milk 1L,Dairy,North,298,56.35,5.0,0.0,15952.68
2025-06-04,G005,Cooking Oil 1L,Staples,West,61,144.58,0.0,0.0,8819.38
2025-11-02,G001,Milk 1L,Dairy,West,432,55.49,0.0,319.22,23971.68
2025-11-06,G006,Bananas 1kg,Produce,West,95,40.23,0.0,0.0,3821.85
2025-01-24,G006,Bananas 1kg,Produce,North,136,38.92,5.0,0.0,5028.46
2025-02-04,G006,Bananas 1kg,Produce,North,145,40.31,0.0,0.0,5844.95
2025-01-08,G004,Rice 5kg,Staples,East,47,330.52,0.0,127.98,15534.44
2025-11-20,G002,Bread Loaf,Bakery,West,143,45.89,0.0,0.0,6562.27
2025-01-31,G001,Milk 1L,Dairy,North,123,54.32,0.0,0.0,6681.36
2025-10-14,G003,Eggs (12),Dairy,West,93,86.9,0.0,0.0,8081.7
2025-12-15,G005,Cooking Oil 1L,Staples,North,113,144.8,0.0,0.0,16362.4
2025-02-25,G005,Cooking Oil 1L,Staples,South,111,135.93,5.0,0.0,14333.82
2025-12-03,G006,Bananas 1kg,Produce,West,154,38.45,0.0,0.0,5921.3
2025-10-10,G002,Bread Loaf,Bakery,North,162,44.3,0.0,0.0,7176.6
2025-03-25,G006,Bananas 1kg,Produce,North,116,40.57,0.0,282.87,4706.12
2025-05-19,G001,Milk 1L,Dairy,North,262,55.44,0.0,0.0,14525.28
2025-11-27,G001,Milk 1L,Dairy,East,166,54.07,0.0,517.67,8975.62
2025-06-07,G007,Instant Noodles,Packaged Foods,North,343,17.61,0.0,0.0,6040.23
2025-06-07,G005,Cooking Oil 1L,Staples,South,125,142.28,0.0,0.0,17785.0
2025-11-11,G006,Bananas 1kg,Produce,North,207,40.7,0.0,0.0,8424.9
2025-03-12,G005,Cooking Oil 1L,Staples,East,70,140.63,10.0,0.0,8859.69
2025-03-04,G006,Bananas 1kg,Produce,South,131,40.12,0.0,11.63,5255.72
2025-04-20,G007,Instant Noodles,Packaged Foods,West,357,17.69,0.0,0.0,6315.33
2025-04-21,G003,Eggs (12),Dairy,South,115,92.41,0.0,0.0,10627.15
2025-11-02,G007,Instant Noodles,Packaged Foods,North,540,18.27,0.0,468.44,9865.8
2025-03-05,G001,Milk 1L,Dairy,West,198,55.58,0.0,0.0,11004.84
2025-01-02,G004,Rice 5kg,Staples,South,72,310.38,0.0,0.0,22347.36
2025-12-09,G006,Bananas 1kg,Produce,East,169,38.5,0.0,0.0,6506.5
2025-07-11,G001,Milk 1L,Dairy,South,171,53.4,0.0,0.0,9131.4
2025-12-15,G004,Rice 5kg,Staples,East,45,309.83,0.0,0.0,13942.35
2025-03-16,G007,Instant Noodles,Packaged Foods,West,418,17.8,5.0,0.0,7068.38
2025-12-30,G007,Instant Noodles,Packaged Foods,East,290,18.08,0.0,0.0,5243.2
2025-07-09,G005,Cooking Oil 1L,Staples,West,61,136.52,0.0,302.34,8327.72
2025-12-09,G007,Instant Noodles,Packaged Foods,North,452,18.13,0.0,0.0,8194.76
2025-01-25,G004,Rice 5kg,Staples,East,55,321.02,0.0,0.0,17656.1
2025-03-14,G004,Rice 5kg,Staples,South,57,316.8,0.0,0.0,18057.6
2025-06-15,G001,Milk 1L,Dairy,East,475,55.87,0.0,0.0,26538.25
2025-11-14,G007,Instant Noodles,Packaged Foods,West,395,18.14,0.0,0.0,7165.3
2025-09-02,G005,Cooking Oil 1L,Staples,North,146,139.01,0.0,0.0,20295.46
2025-12-16,G003,Eggs (12),Dairy,North,95,91.2,0.0,0.0,8664.0
2025-03-17,G006,Bananas 1kg,Produce,South,126,40.83,10.0,0.0,4630.12
2025-05-29,G001,Milk 1L,Dairy,North,221,55.82,0.0,0.0,12336.22
2025-09-03,G001,Milk 1L,Dairy,East,340,55.04,0.0,0.0,18713.6
2025-03-11,G001,Milk 1L,Dairy,East,316,53.71,5.0,281.82,16123.74
2025-09-27,G004,Rice 5kg,Staples,North,77,323.26,0.0,0.0,24891.02
2025-01-02,G001,Milk 1L,Dairy,North,269,56.41,0.0,0.0,15174.29
2025-04-15,G002,Bread Loaf,Bakery,East,210,46.05,5.0,77.05,9186.98
2025-04-27,G001,Milk 1L,Dairy,North,262,54.44,0.0,0.0,14263.28
2025-12-27,G002,Bread Loaf,Bakery,East,257,46.07,0.0,0.0,11839.99
2025-02-22,G004,Rice 5kg,Staples,North,71,321.91,0.0,0.0,22855.61
2025-04-26,G005,Cooking Oil 1L,Staples,West,135,134.97,0.0,334.31,18220.95
2025-03-29,G005,Cooking Oil 1L,Staples,West,128,135.59,5.0,0.0,16487.74
2025-12-13,G002,Bread Loaf,Bakery,East,308,44.01,0.0,0.0,13555.08
2025-10-17,G007,Instant Noodles,Packaged Foods,East,263,18.27,0.0,0.0,4805.01
2025-05-15,G003,Eggs (12),Dairy,North,97,91.56,0.0,0.0,8881.32
2025-10-01,G007,Instant Noodles,Packaged Foods,West,507,17.42,0.0,0.0,8831.94
2025-12-03,G002,Bread Loaf,Bakery,East,161,44.8,0.0,0.0,7212.8
2025-10-11,G002,Bread Loaf,Bakery,South,208,46.45,0.0,0.0,9661.6
2025-04-27,G004,Rice 5kg,Staples,North,74,315.41,0.0,0.0,23340.34
2025-11-15,G006,Bananas 1kg,Produce,West,156,38.46,0.0,0.0,5999.76
2025-03-04,G006,Bananas 1kg,Produce,East,147,39.43,0.0,0.0,5796.21
2025-11-08,G004,Rice 5kg,Staples,East,56,309.94,0.0,0.0,17356.64
2025-02-14,G001,Milk 1L,Dairy,West,163,55.41,0.0,0.0,9031.83
2025-11-21,G002,Bread Loaf,Bakery,East,206,46.08,0.0,0.0,9492.48
2025-10-13,G002,Bread Loaf,Bakery,South,237,43.97,10.0,0.0,9378.8
2025-10-09,G007,Instant Noodles,Packaged Foods,West,279,17.3,10.0,0.0,4344.03
2025-11-12,G002,Bread Loaf,Bakery,South,182,46.31,0.0,130.78,8428.42
2025-12-21,G003,Eggs (12),Dairy,North,98,89.48,0.0,0.0,8769.04
2025-07-15,G003,Eggs (12),Dairy,West,110,89.55,0.0,0.0,9850.5
2025-02-09,G006,Bananas 1kg,Produce,East,302,41.36,5.0,0.0,11866.18
2025-08-06,G007,Instant Noodles,Packaged Foods,West,408,17.94,0.0,0.0,7319.52
2025-01-13,G003,Eggs (12),Dairy,East,101,90.62,0.0,0.0,9152.62
2025-09-12,G004,Rice 5kg,Staples,West,55,319.81,0.0,0.0,17589.55
2025-12-20,G005,Cooking Oil 1L,Staples,South,131,137.16,0.0,0.0,17967.96
2025-04-10,G002,Bread Loaf,Bakery,North,117,45.83,0.0,652.88,5362.11
2025-09-07,G006,Bananas 1kg,Produce,West,148,39.57,0.0,0.0,5856.36
2025-08-21,G007,Instant Noodles,Packaged Foods,South,209,18.02,0.0,0.0,3766.18
2025-10-10,G003,Eggs (12),Dairy,North,73,92.97,0.0,0.0,6786.81
2025-12-22,G006,Bananas 1kg,Produce,North,193,40.87,0.0,0.0,7887.91
2025-09-14,G007,Instant Noodles,Packaged Foods,East,372,17.81,0.0,0.0,6625.32
2025-05-24,G001,Milk 1L,Dairy,East,400,53.37,0.0,0.0,21348.0
2025-03-11,G005,Cooking Oil 1L,Staples,South,82,139.13,0.0,0.0,11408.66
2025-02-14,G002,Bread Loaf,Bakery,South,143,43.85,0.0,0.0,6270.55
2025-02-27,G005,Cooking Oil 1L,Staples,East,79,144.57,0.0,0.0,11421.03
2025-09-18,G007,Instant Noodles,Packaged Foods,East,311,17.96,0.0,0.0,5585.56
2025-04-12,G001,Milk 1L,Dairy,North,249,52.87,0.0,0.0,13164.63
2025-10-21,G003,Eggs (12),Dairy,South,149,88.22,0.0,0.0,13144.78
2025-01-18,G006,Bananas 1kg,Produce,South,90,41.55,0.0,0.0,3739.5
2025-07-02,G007,Instant Noodles,Packaged Foods,West,539,18.71,0.0,0.0,10084.69
2025-06-21,G001,Milk 1L,Dairy,North,409,55.2,0.0,0.0,22576.8
2025-02-18,G006,Bananas 1kg,Produce,West,68,40.1,0.0,0.0,2726.8
2025-10-18,G004,Rice 5kg,Staples,West,85,318.12,10.0,0.0,24336.18
2025-07-24,G004,Rice 5kg,Staples,West,46,313.94,10.0,0.0,12997.12
2025-08-27,G002,Bread Loaf,Bakery,East,145,44.26,0.0,0.0,6417.7
2025-02-02,G005,Cooking Oil 1L,Staples,East,66,144.54,0.0,0.0,9539.64
2025-12-09,G002,Bread Loaf,Bakery,East,284,44.33,0.0,0.0,12589.72
2025-06-20,G004,Rice 5kg,Staples,West,66,314.3,0.0,0.0,20743.8
2025-05-04,G007,Instant Noodles,Packaged Foods,West,361,18.54,0.0,0.0,6692.94
2025-06-02,G003,Eggs (12),Dairy,East,144,89.38,0.0,0.0,12870.72
2025-08-19,G004,Rice 5kg,Staples,North,56,322.71,0.0,348.65,18071.76
2025-04-05,G003,Eggs (12),Dairy,North,117,90.89,0.0,0.0,10634.13
2025-06-26,G003,Eggs (12),Dairy,North,58,92.03,5.0,0.0,5070.85
2025-03-30,G005,Cooking Oil 1L,Staples,East,127,141.93,0.0,0.0,18025.11
2025-01-22,G004,Rice 5kg,Staples,West,48,322.01,0.0,0.0,15456.48
2025-10-06,G002,Bread Loaf,Bakery,West,150,45.78,0.0,204.29,6867.0
2025-01-11,G001,Milk 1L,Dairy,West,412,54.75,0.0,0.0,22557.0
2025-04-06,G002,Bread Loaf,Bakery,East,331,45.2,0.0,0.0,14961.2
2025-09-29,G002,Bread Loaf,Bakery,West,149,45.77,0.0,0.0,6819.73
2025-12-02,G007,Instant Noodles,Packaged Foods,North,430,18.4,0.0,0.0,7912.0
2025-01-18,G001,Milk 1L,Dairy,East,489,57.14,0.0,0.0,27941.46
2025-05-03,G002,Bread Loaf,Bakery,South,335,43.89,0.0,210.38,14703.15
2025-01-04,G007,Instant Noodles,Packaged Foods,North,449,17.75,0.0,0.0,7969.75
2025-08-01,G005,Cooking Oil 1L,Staples,West,156,136.86,0.0,564.69,21350.16
2025-10-17,G006,Bananas 1kg,Produce,South,116,39.03,0.0,0.0,4527.48
2025-09-08,G003,Eggs (12),Dairy,North,109,86.69,0.0,0.0,9449.21
2025-06-25,G003,Eggs (12),Dairy,East,125,89.61,0.0,0.0,11201.25
2025-03-12,G005,Cooking Oil 1L,Staples,West,84,136.89,0.0,0.0,11498.76
2025-02-03,G003,Eggs (12),Dairy,West,145,87.64,0.0,0.0,12707.8
2025-07-25,G007,Instant Noodles,Packaged Foods,South,275,17.48,0.0,0.0,4807.0
2025-02-12,G007,Instant Noodles,Packaged Foods,North,283,18.63,0.0,0.0,5272.29
2025-05-23,G007,Instant Noodles,Packaged Foods,South,229,18.12,0.0,0.0,4149.48
2025-12-25,G007,Instant Noodles,Packaged Foods,East,245,17.4,0.0,0.0,4263.0
2025-01-05,G006,Bananas 1kg,Produce,East,260,40.32,0.0,11.19,10483.2
2025-03-10,G006,Bananas 1kg,Produce,North,119,40.63,0.0,0.0,4834.97
2025-02-02,G001,Milk 1L,Dairy,North,621,55.07,10.0,0.0,30778.62
2025-11-19,G003,Eggs (12),Dairy,West,42,86.98,10.0,0.0,3287.84
2025-03-20,G003,Eggs (12),Dairy,North,60,88.81,0.0,0.0,5328.6
2025-06-18,G004,Rice 5kg,Staples,North,84,323.99,0.0,0.0,27215.16
2025-10-28,G006,Bananas 1kg,Produce,West,82,39.34,5.0,0.0,3064.59
2025-02-21,G002,Bread Loaf,Bakery,North,147,45.54,0.0,732.72,6694.38
2025-03-10,G006,Bananas 1kg,Produce,East,147,40.94,0.0,0.0,6018.18
2025-07-07,G002,Bread Loaf,Bakery,South,193,44.24,0.0,259.87,8538.32
2025-04-07,G004,Rice 5kg,Staples,East,40,320.44,0.0,631.27,12817.6
2025-06-08,G004,Rice 5kg,Staples,West,63,317.21,0.0,0.0,19984.23
2025-07-16,G007,Instant Noodles,Packaged Foods,North,303,18.02,0.0,0.0,5460.06
2025-08-25,G007,Instant Noodles,Packaged Foods,South,272,17.67,0.0,0.0,4806.24
2025-04-12,G005,Cooking Oil 1L,Staples,North,87,137.64,0.0,0.0,11974.68
2025-08-03,G007,Instant Noodles,Packaged Foods,South,472,18.36,0.0,0.0,8665.92
2025-05-25,G005,Cooking Oil 1L,Staples,East,73,139.66,0.0,0.0,10195.18
2025-10-20,G001,Milk 1L,Dairy,East,237,54.52,0.0,0.0,12921.24
2025-07-13,G001,Milk 1L,Dairy,North,228,56.25,0.0,0.0,12825.0
2025-08-10,G004,Rice 5kg,Staples,East,61,310.38,0.0,0.0,18933.18
2025-02-15,G002,Bread Loaf,Bakery,West,133,44.47,5.0,0.0,5618.78
2025-08-04,G001,Milk 1L,Dairy,South,175,55.29,0.0,0.0,9675.75
2025-11-29,G001,Milk 1L,Dairy,South,237,53.03,0.0,351.21,12568.11
2025-07-14,G006,Bananas 1kg,Produce,West,104,40.36,0.0,0.0,4197.44
2025-03-26,G006,Bananas 1kg,Produce,South,95,40.25,0.0,0.0,3823.75
2025-01-15,G003,Eggs (12),Dairy,South,58,87.94,0.0,0.0,5100.52
2025-03-25,G003,Eggs (12),Dairy,North,61,89.42,0.0,277.44,5454.62
2025-06-25,G005,Cooking Oil 1L,Staples,East,85,135.88,0.0,0.0,11549.8
2025-03-31,G003,Eggs (12),Dairy,North,66,93.32,0.0,0.0,6159.12
2025-04-05,G002,Bread Loaf,Bakery,West,235,46.6,0.0,12.4,10951.0
2025-01-28,G007,Instant Noodles,Packaged Foods,East,321,18.17,0.0,110.75,5832.57
2025-04-02,G004,Rice 5kg,Staples,East,86,310.58,0.0,0.0,26709.88
2025-11-17,G006,Bananas 1kg,Produce,North,174,40.83,0.0,518.55,7104.42
2025-07-24,G005,Cooking Oil 1L,Staples,South,78,140.9,10.0,0.0,9891.18
2025-01-25,G001,Milk 1L,Dairy,South,127,52.89,0.0,0.0,6717.03
2025-01-29,G006,Bananas 1kg,Produce,North,124,40.77,0.0,0.0,5055.48
2025-06-22,G002,Bread Loaf,Bakery,North,185,45.89,0.0,0.0,8489.65
2025-09-16,G006,Bananas 1kg,Produce,East,180,38.89,0.0,0.0,7000.2
2025-05-01,G006,Bananas 1kg,Produce,East,231,40.74,0.0,0.0,9410.94
2025-02-18,G004,Rice 5kg,Staples,South,60,316.64,0.0,0.0,18998.4
2025-07-19,G003,Eggs (12),Dairy,South,148,90.15,0.0,0.0,13342.2
2025-06-19,G003,Eggs (12),Dairy,West,78,93.32,5.0,0.0,6915.01
2025-12-06,G002,Bread Loaf,Bakery,South,168,44.89,0.0,734.99,7541.52
2025-04-09,G001,Milk 1L,Dairy,South,164,56.08,0.0,0.0,9197.12
2025-02-09,G005,Cooking Oil 1L,Staples,North,167,138.88,0.0,0.0,23192.96
2025-04-18,G002,Bread Loaf,Bakery,South,183,44.5,5.0,0.0,7736.32
2025-12-04,G004,Rice 5kg,Staples,South,35,321.11,0.0,0.0,11238.85
2025-01-09,G006,Bananas 1kg,Produce,North,121,39.78,0.0,0.0,4813.38
2025-02-15,G003,Eggs (12),Dairy,South,48,87.88,0.0,0.0,4218.24
2025-08-02,G003,Eggs (12),Dairy,South,230,89.69,0.0,0.0,20628.7
2025-10-26,G003,Eggs (12),Dairy,North,73,88.39,0.0,0.0,6452.47
2025-09-30,G006,Bananas 1kg,Produce,West,104,41.27,5.0,392.96,4077.48
2025-10-16,G007,Instant Noodles,Packaged Foods,East,407,18.65,5.0,0.0,7211.02
2025-12-27,G003,Eggs (12),Dairy,South,140,91.66,0.0,0.0,12832.4
2025-02-09,G003,Eggs (12),Dairy,West,171,88.03,0.0,78.16,15053.13
2025-04-23,G005,Cooking Oil 1L,Staples,West,97,142.12,0.0,0.0,13785.64
2025-11-06,G002,Bread Loaf,Bakery,North,147,46.74,0.0,0.0,6870.78
2025-05-14,G001,Milk 1L,Dairy,North,219,52.91,10.0,0.0,10428.56
2025-03-16,G006,Bananas 1kg,Produce,South,132,39.83,0.0,277.01,5257.56
2025-04-17,G006,Bananas 1kg,Produce,West,86,38.62,0.0,0.0,3321.32
2025-07-19,G005,Cooking Oil 1L,Staples,North,131,142.4,0.0,0.0,18654.4
2025-08-23,G001,Milk 1L,Dairy,North,473,56.87,0.0,645.8,26899.51
2025-12-09,G005,Cooking Oil 1L,Staples,West,89,135.45,10.0,0.0,10849.55
2025-01-12,G005,Cooking Oil 1L,Staples,North,100,134.82,10.0,0.0,12133.8
2025-01-04,G004,Rice 5kg,Staples,West,81,317.31,0.0,0.0,25702.11
2025-07-04,G004,Rice 5kg,Staples,North,66,328.11,10.0,0.0,19489.73
2025-09-09,G001,Milk 1L,Dairy,East,283,55.0,0.0,0.0,15565.0
2025-02-08,G004,Rice 5kg,Staples,West,75,311.17,0.0,0.0,23337.75
2025-02-21,G004,Rice 5kg,Staples,West,57,313.7,0.0,0.0,17880.9
2025-04-20,G005,Cooking Oil 1L,Staples,North,157,136.83,0.0,0.0,21482.31
2025-11-26,G004,Rice 5kg,Staples,North,57,313.85,0.0,0.0,17889.45
2025-04-15,G006,Bananas 1kg,Produce,East,206,41.36,0.0,0.0,8520.16
2025-05-08,G006,Bananas 1kg,Produce,South,79,38.82,5.0,0.0,2913.44
2025-03-19,G002,Bread Loaf,Bakery,East,189,44.37,0.0,0.0,8385.93
2025-05-21,G002,Bread Loaf,Bakery,South,205,45.99,5.0,0.0,8956.55
2025-04-30,G002,Bread Loaf,Bakery,East,164,45.14,0.0,0.0,7402.96
2025-07-21,G007,Instant Noodles,Packaged Foods,South,353,18.51,0.0,0.0,6534.03
2025-03-02,G006,Bananas 1kg,Produce,South,133,39.07,5.0,0.0,4936.49
2025-11-22,G003,Eggs (12),Dairy,East,169,89.59,0.0,0.0,15140.71
2025-12-13,G007,Instant Noodles,Packaged Foods,North,291,17.29,10.0,0.0,4528.25
2025-09-17,G005,Cooking Oil 1L,Staples,East,100,136.45,10.0,0.0,12280.5
2025-06-20,G007,Instant Noodles,Packaged Foods,South,328,18.31,0.0,0.0,6005.68
2025-01-25,G002,Bread Loaf,Bakery,West,251,46.32,0.0,385.63,11626.32
2025-04-16,G004,Rice 5kg,Staples,East,33,322.91,0.0,0.0,10656.03
2025-12-18,G006,Bananas 1kg,Produce,North,138,40.24,0.0,0.0,5553.12
2025-01-10,G001,Milk 1L,Dairy,West,335,52.91,5.0,0.0,16838.61
2025-03-24,G002,Bread Loaf,Bakery,North,109,45.4,0.0,0.0,4948.6
2025-05-27,G001,Milk 1L,Dairy,East,300,55.12,0.0,0.0,16536.0
2025-01-07,G004,Rice 5kg,Staples,South,67,322.46,0.0,686.71,21604.82
2025-09-15,G001,Milk 1L,Dairy,West,284,54.79,0.0,0.0,15560.36
2025-04-22,G007,Instant Noodles,Packaged Foods,South,213,17.55,0.0,0.0,3738.15
2025-04-30,G004,Rice 5kg,Staples,South,42,332.07,0.0,0.0,13946.94
2025-10-03,G001,Milk 1L,Dairy,South,199,53.92,5.0,0.0,10193.58
2025-08-16,G002,Bread Loaf,Bakery,South,201,44.38,5.0,0.0,8474.36
2025-10-26,G003,Eggs (12),Dairy,West,89,86.73,0.0,535.68,7718.97
2025-01-24,G002,Bread Loaf,Bakery,South,174,46.43,0.0,634.51,8078.82
2025-10-01,G006,Bananas 1kg,Produce,North,230,39.59,0.0,0.0,9105.7
2025-02-04,G004,Rice 5kg,Staples,East,50,319.61,5.0,0.0,15181.47
2025-08-13,G004,Rice 5kg,Staples,South,59,309.43,0.0,339.64,18256.37
2025-06-30,G005,Cooking Oil 1L,Staples,South,71,139.13,0.0,0.0,9878.23
2025-03-17,G005,Cooking Oil 1L,Staples,North,82,135.3,0.0,0.0,11094.6
2025-03-19,G005,Cooking Oil 1L,Staples,West,109,142.75,10.0,0.0,14003.77
2025-03-24,G001,Milk 1L,Dairy,West,262,57.06,0.0,0.0,14949.72
2025-11-11,G001,Milk 1L,Dairy,South,201,56.18,0.0,0.0,11292.18
2025-11-12,G007,Instant Noodles,Packaged Foods,North,354,18.23,5.0,0.0,6130.75
2025-09-01,G002,Bread Loaf,Bakery,West,160,45.04,0.0,0.0,7206.4
2025-03-02,G006,Bananas 1kg,Produce,West,141,39.89,0.0,0.0,5624.49
2025-09-23,G007,Instant Noodles,Packaged Foods,South,321,18.68,0.0,0.0,5996.28
2025-09-06,G003,Eggs (12),Dairy,West,128,88.42,10.0,0.0,10185.98
2025-05-22,G004,Rice 5kg,Staples,North,60,315.34,10.0,0.0,17028.36
2025-09-27,G007,Instant Noodles,Packaged Foods,South,465,17.83,0.0,0.0,8290.95
2025-05-16,G006,Bananas 1kg,Produce,East,173,40.08,0.0,0.0,6933.84
2025-08-10,G006,Bananas 1kg,Produce,East,196,41.09,0.0,0.0,8053.64
2025-06-16,G007,Instant Noodles,Packaged Foods,East,204,18.49,10.0,479.34,3394.76
2025-07-11,G004,Rice 5kg,Staples,North,61,319.04,5.0,0.0,18488.37
2025-03-10,G004,Rice 5kg,Staples,East,64,307.51,0.0,0.0,19680.64
2025-09-07,G006,Bananas 1kg,Produce,North,252,41.24,0.0,0.0,10392.48
2025-11-07,G001,Milk 1L,Dairy,South,173,55.71,0.0,0.0,9637.83
2025-10-07,G004,Rice 5kg,Staples,North,57,318.2,10.0,0.0,16323.66
2025-01-21,G005,Cooking Oil 1L,Staples,East,85,138.29,0.0,0.0,11754.65
2025-08-28,G005,Cooking Oil 1L,Staples,North,82,140.62,0.0,0.0,11530.84
2025-08-18,G007,Instant Noodles,Packaged Foods,North,254,17.55,5.0,0.0,4234.81
2025-05-26,G002,Bread Loaf,Bakery,East,185,44.35,0.0,0.0,8204.75
2025-10-24,G007,Instant Noodles,Packaged Foods,East,242,17.65,0.0,0.0,4271.3
2025-08-04,G003,Eggs (12),Dairy,North,81,90.23,0.0,793.46,7308.63
2025-03-27,G007,Instant Noodles,Packaged Foods,East,268,18.62,5.0,0.0,4740.65
2025-10-19,G007,Instant Noodles,Packaged Foods,South,408,18.48,10.0,0.0,6785.86
2025-02-24,G002,Bread Loaf,Bakery,South,142,45.68,0.0,0.0,6486.56
2025-12-19,G004,Rice 5kg,Staples,South,61,313.44,10.0,669.64,17207.86
2025-11-08,G006,Bananas 1kg,Produce,West,90,40.38,0.0,0.0,3634.2
2025-03-20,G007,Instant Noodles,Packaged Foods,West,325,17.53,0.0,0.0,5697.25
2025-06-02,G007,Instant Noodles,Packaged Foods,North,339,18.61,0.0,0.0,6308.79
2025-07-12,G005,Cooking Oil 1L,Staples,North,117,138.26,0.0,0.0,16176.42
2025-02-24,G002,Bread Loaf,Bakery,North,124,45.91,0.0,455.99,5692.84
2025-05-29,G006,Bananas 1kg,Produce,North,192,40.3,0.0,0.0,7737.6
2025-09-14,G006,Bananas 1kg,Produce,South,161,40.44,10.0,102.83,5859.76
2025-01-11,G003,Eggs (12),Dairy,South,96,86.9,5.0,0.0,7925.28
2025-08-18,G003,Eggs (12),Dairy,East,141,87.05,0.0,727.74,12274.05
2025-07-21,G003,Eggs (12),Dairy,West,109,93.01,0.0,0.0,10138.09
2025-03-27,G002,Bread Loaf,Bakery,West,175,44.51,0.0,0.0,7789.25
2025-09-30,G003,Eggs (12),Dairy,East,79,92.97,0.0,0.0,7344.63
2025-11-20,G005,Cooking Oil 1L,Staples,East,105,137.83,5.0,0.0,13748.54
2025-09-28,G004,Rice 5kg,Staples,North,53,324.83,10.0,0.0,15494.39
2025-04-27,G007,Instant Noodles,Packaged Foods,North,282,18.51,0.0,378.24,5219.82
2025-06-30,G007,Instant Noodles,Packaged Foods,South,324,17.62,0.0,0.0,5708.88
2025-03-04,G002,Bread Loaf,Bakery,North,115,46.31,0.0,0.0,5325.65
2025-02-22,G001,Milk 1L,Dairy,West,290,55.79,0.0,0.0,16179.1
2025-03-23,G004,Rice 5kg,Staples,West,97,313.06,10.0,0.0,27330.14
2025-11-01,G007,Instant Noodles,Packaged Foods,North,775,17.97,0.0,0.0,13926.75
2025-03-22,G007,Instant Noodles,Packaged Foods,West,352,17.54,0.0,0.0,6174.08
2025-02-28,G007,Instant Noodles,Packaged Foods,West,235,18.13,10.0,0.0,3834.5
2025-05-10,G004,Rice 5kg,Staples,North,98,314.58,5.0,0.0,29287.4
2025-12-10,G002,Bread Loaf,Bakery,South,177,46.59,0.0,734.71,8246.43
2025-02-14,G005,Cooking Oil 1L,Staples,North,90,136.55,0.0,244.73,12289.5
2025-11-30,G006,Bananas 1kg,Produce,South,145,38.43,0.0,0.0,5572.35
2025-09-19,G005,Cooking Oil 1L,Staples,West,40,139.5,0.0,0.0,5580.0
2025-03-28,G005,Cooking Oil 1L,Staples,East,68,136.83,0.0,0.0,9304.44
2025-05-19,G005,Cooking Oil 1L,Staples,West,72,140.49,0.0,0.0,10115.28
2025-07-10,G002,Bread Loaf,Bakery,East,228,45.75,0.0,37.91,10431.0
2025-06-19,G006,Bananas 1kg,Produce,West,124,40.68,0.0,0.0,5044.32
2025-08-11,G002,Bread Loaf,Bakery,South,115,44.33,0.0,0.0,5097.95
2025-03-23,G001,Milk 1L,Dairy,East,324,54.84,0.0,0.0,17768.16
2025-03-19,G006,Bananas 1kg,Produce,East,173,39.69,5.0,0.0,6523.05
2025-08-16,G006,Bananas 1kg,Produce,North,328,40.31,0.0,0.0,13221.68
2025-12-15,G007,Instant Noodles,Packaged Foods,North,145,18.08,0.0,484.06,2621.6
2025-10-16,G002,Bread Loaf,Bakery,East,119,43.74,0.0,0.0,5205.06
2025-07-20,G006,Bananas 1kg,Produce,South,143,40.59,0.0,0.0,5804.37
2025-02-27,G003,Eggs (12),Dairy,South,75,92.02,0.0,0.0,6901.5
2025-08-26,G005,Cooking Oil 1L,Staples,North,93,141.22,0.0,581.54,13133.46
2025-10-08,G002,Bread Loaf,Bakery,West,132,44.59,10.0,0.0,5297.29
2025-08-30,G006,Bananas 1kg,Produce,East,215,41.03,0.0,0.0,8821.45
2025-05-08,G004,Rice 5kg,Staples,North,27,309.22,0.0,0.0,8348.94
2025-03-22,G004,Rice 5kg,Staples,West,78,323.87,0.0,0.0,25261.86
2025-03-16,G003,Eggs (12),Dairy,North,127,88.33,0.0,0.0,11217.91
2025-01-10,G002,Bread Loaf,Bakery,West,149,43.41,0.0,0.0,6468.09
2025-11-05,G002,Bread Loaf,Bakery,North,145,44.4,0.0,0.0,6438.0
2025-06-30,G004,Rice 5kg,Staples,North,52,314.39,0.0,0.0,16348.28
2025-12-18,G007,Instant Noodles,Packaged Foods,West,268,18.05,0.0,0.0,4837.4
2025-11-07,G007,Instant Noodles,Packaged Foods,East,295,18.49,0.0,0.0,5454.55
2025-08-03,G005,Cooking Oil 1L,Staples,North,223,139.91,0.0,0.0,31199.93
2025-01-07,G006,Bananas 1kg,Produce,South,123,38.89,0.0,765.98,4783.47
2025-05-18,G003,Eggs (12),Dairy,West,165,89.37,0.0,542.23,14746.05
2025-05-19,G005,Cooking Oil 1L,Staples,North,83,140.6,0.0,0.0,11669.8
2025-08-21,G004,Rice 5kg,Staples,West,39,313.71,0.0,0.0,12234.69
2025-04-07,G006,Bananas 1kg,Produce,East,161,39.54,0.0,273.63,6365.94
2025-02-24,G005,Cooking Oil 1L,Staples,West,88,141.43,0.0,0.0,12445.84
2025-05-21,G007,Instant Noodles,Packaged Foods,West,314,18.46,0.0,366.49,5796.44
2025-07-02,G001,Milk 1L,Dairy,East,341,54.24,0.0,0.0,18495.84
2025-08-04,G002,Bread Loaf,Bakery,West,193,46.26,0.0,0.0,8928.18
2025-04-30,G005,Cooking Oil 1L,Staples,North,80,145.09,5.0,0.0,11026.84
2025-05-12,G002,Bread Loaf,Bakery,North,116,45.53,0.0,0.0,5281.48
2025-09-18,G001,Milk 1L,Dairy,North,311,56.42,0.0,0.0,17546.62
2025-08-10,G004,Rice 5kg,Staples,West,66,316.17,0.0,535.67,20867.22
2025-01-28,G005,Cooking Oil 1L,Staples,West,52,137.63,5.0,0.0,6798.92
2025-11-08,G004,Rice 5kg,Staples,West,50,323.47,0.0,98.62,16173.5
2025-07-06,G005,Cooking Oil 1L,Staples,North,149,135.51,0.0,0.0,20190.99
2025-04-01,G003,Eggs (12),Dairy,North,76,91.05,0.0,0.0,6919.8
2025-03-31,G006,Bananas 1kg,Produce,North,151,39.28,0.0,672.62,5931.28
2025-02-08,G004,Rice 5kg,Staples,North,63,326.07,10.0,0.0,18488.17
2025-08-05,G002,Bread Loaf,Bakery,South,156,43.83,10.0,0.0,6153.73
2025-07-24,G002,Bread Loaf,Bakery,East,96,46.45,0.0,0.0,4459.2
2025-05-28,G001,Milk 1L,Dairy,West,213,53.51,0.0,0.0,11397.63
2025-01-23,G004,Rice 5kg,Staples,East,40,318.67,0.0,0.0,12746.8
2025-11-22,G004,Rice 5kg,Staples,East,70,318.4,0.0,0.0,22288.0
2025-01-04,G006,Bananas 1kg,Produce,South,168,38.53,0.0,753.88,6473.04
2025-10-19,G001,Milk 1L,Dairy,West,289,53.58,0.0,0.0,15484.62
2025-12-31,G001,Milk 1L,Dairy,South,170,55.76,0.0,0.0,9479.2
2025-06-02,G007,Instant Noodles,Packaged Foods,East,407,18.26,0.0,716.36,7431.82
2025-12-12,G007,Instant Noodles,Packaged Foods,South,255,17.58,0.0,0.0,4482.9
2025-07-30,G004,Rice 5kg,Staples,North,60,323.02,0.0,0.0,19381.2
2025-03-29,G001,Milk 1L,Dairy,North,324,56.64,0.0,0.0,18351.36
2025-10-10,G007,Instant Noodles,Packaged Foods,North,338,17.32,0.0,0.0,5854.16
2025-03-22,G005,Cooking Oil 1L,Staples,South,148,134.95,0.0,0.0,19972.6
2025-06-14,G001,Milk 1L,Dairy,North,451,53.12,0.0,0.0,23957.12
2025-12-16,G001,Milk 1L,Dairy,East,190,53.52,10.0,0.0,9151.92
2025-01-10,G005,Cooking Oil 1L,Staples,West,73,141.09,0.0,0.0,10299.57
2025-12-17,G001,Milk 1L,Dairy,South,159,55.31,0.0,0.0,8794.29
2025-02-10,G004,Rice 5kg,Staples,South,46,308.77,0.0,594.65,14203.42
2025-09-01,G002,Bread Loaf,Bakery,North,208,44.81,0.0,0.0,9320.48
2025-02-11,G003,Eggs (12),Dairy,South,54,89.57,10.0,160.47,4353.1
2025-02-11,G002,Bread Loaf,Bakery,East,196,45.43,0.0,0.0,8904.28
2025-10-06,G001,Milk 1L,Dairy,North,266,56.45,0.0,0.0,15015.7
2025-12-03,G007,Instant Noodles,Packaged Foods,West,286,18.5,0.0,0.0,5291.0
2025-05-09,G004,Rice 5kg,Staples,West,39,318.4,0.0,0.0,12417.6
2025-06-17,G002,Bread Loaf,Bakery,East,153,45.29,0.0,0.0,6929.37
2025-10-26,G006,Bananas 1kg,Produce,North,155,39.63,0.0,0.0,6142.65
2025-05-17,G005,Cooking Oil 1L,Staples,South,136,144.54,0.0,0.0,19657.44
2025-03-12,G002,Bread Loaf,Bakery,North,154,44.33,0.0,0.0,6826.82
2025-01-14,G001,Milk 1L,Dairy,East,318,56.02,0.0,0.0,17814.36
2025-03-29,G006,Bananas 1kg,Produce,West,71,41.19,5.0,0.0,2778.27
2025-02-07,G007,Instant Noodles,Packaged Foods,North,250,18.45,0.0,0.0,4612.5
2025-07-02,G002,Bread Loaf,Bakery,North,258,46.23,0.0,0.0,11927.34
2025-03-30,G001,Milk 1L,Dairy,North,334,57.11,0.0,0.0,19074.74
2025-01-09,G001,Milk 1L,Dairy,West,181,56.57,0.0,0.0,10239.17
2025-12-23,G003,Eggs (12),Dairy,North,69,90.07,0.0,0.0,6214.83
2025-11-01,G005,Cooking Oil 1L,Staples,South,137,143.98,0.0,345.35,19725.26
2025-03-21,G004,Rice 5kg,Staples,West,87,315.76,0.0,0.0,27471.12
2025-08-05,G007,Instant Noodles,Packaged Foods,South,334,18.06,0.0,0.0,6032.04
2025-09-22,G005,Cooking Oil 1L,Staples,West,78,139.77,0.0,0.0,10902.06
2025-08-10,G003,Eggs (12),Dairy,North,111,93.03,0.0,0.0,10326.33
2025-08-31,G002,Bread Loaf,Bakery,North,157,43.78,5.0,0.0,6529.79
2025-04-28,G005,Cooking Oil 1L,Staples,North,109,138.89,0.0,0.0,15139.01
2025-09-06,G001,Milk 1L,Dairy,West,432,53.89,5.0,0.0,22116.46
2025-11-26,G003,Eggs (12),Dairy,West,121,92.21,0.0,0.0,11157.41
2025-04-25,G005,Cooking Oil 1L,Staples,North,67,135.33,10.0,0.0,8160.4
2025-07-04,G005,Cooking Oil 1L,Staples,East,66,144.08,0.0,0.0,9509.28
2025-11-21,G005,Cooking Oil 1L,Staples,East,83,145.34,0.0,0.0,12063.22
2025-08-08,G002,Bread Loaf,Bakery,North,115,45.6,0.0,0.0,5244.0
2025-05-08,G002,Bread Loaf,Bakery,North,190,46.46,0.0,0.0,8827.4
2025-05-11,G004,Rice 5kg,Staples,East,58,312.86,0.0,0.0,18145.88
2025-12-25,G006,Bananas 1kg,Produce,East,68,40.82,0.0,92.57,2775.76
2025-02-19,G006,Bananas 1kg,Produce,West,92,39.7,0.0,0.0,3652.4
2025-11-02,G007,Instant Noodles,Packaged Foods,East,737,18.32,0.0,280.26,13501.84
2025-09-28,G001,Milk 1L,Dairy,West,496,53.46,5.0,0.0,25190.35
2025-03-14,G002,Bread Loaf,Bakery,North,117,44.75,0.0,0.0,5235.75
2025-11-12,G001,Milk 1L,Dairy,South,149,55.36,0.0,0.0,8248.64
2025-09-01,G003,Eggs (12),Dairy,West,115,93.31,0.0,0.0,10730.65
2025-09-05,G005,Cooking Oil 1L,Staples,North,108,137.81,10.0,0.0,13395.13
2025-11-26,G006,Bananas 1kg,Produce,East,140,40.0,0.0,0.0,5600.0
2025-09-10,G003,Eggs (12),Dairy,West,126,87.7,0.0,0.0,11050.2
2025-01-21,G003,Eggs (12),Dairy,North,93,92.97,10.0,0.0,7781.59
2025-07-15,G005,Cooking Oil 1L,Staples,South,94,143.87,0.0,0.0,13523.78
2025-12-06,G007,Instant Noodles,Packaged Foods,East,457,17.49,10.0,0.0,7193.64
2025-04-14,G004,Rice 5kg,Staples,South,63,314.7,0.0,0.0,19826.1
2025-01-05,G001,Milk 1L,Dairy,South,194,53.25,0.0,0.0,10330.5
2025-03-05,G005,Cooking Oil 1L,Staples,East,80,136.9,0.0,0.0,10952.0
2025-10-17,G003,Eggs (12),Dairy,West,66,89.82,0.0,0.0,5928.12
2025-11-15,G003,Eggs (12),Dairy,West,98,87.73,10.0,780.2,7737.79
2025-08-23,G002,Bread Loaf,Bakery,West,193,44.3,0.0,0.0,8549.9
2025-02-13,G007,Instant Noodles,Packaged Foods,West,261,18.22,0.0,0.0,4755.42
2025-10-08,G004,Rice 5kg,Staples,East,65,308.91,0.0,0.0,20079.15
2025-08-15,G002,Bread Loaf,Bakery,West,111,45.88,0.0,0.0,5092.68
2025-01-29,G005,Cooking Oil 1L,Staples,North,81,138.18,0.0,0.0,11192.58
2025-08-06,G004,Rice 5kg,Staples,South,45,317.79,0.0,0.0,14300.55
2025-04-30,G003,Eggs (12),Dairy,West,97,86.92,0.0,681.12,8431.24
2025-02-28,G003,Eggs (12),Dairy,West,81,92.4,0.0,0.0,7484.4
2025-05-10,G001,Milk 1L,Dairy,South,226,55.71,0.0,0.0,12590.46
2025-11-14,G005,Cooking Oil 1L,Staples,West,111,137.0,0.0,0.0,15207.0
2025-09-28,G006,Bananas 1kg,Produce,South,117,38.83,0.0,0.0,4543.11
2025-08-26,G007,Instant Noodles,Packaged Foods,East,245,18.01,0.0,335.81,4412.45
2025-11-28,G004,Rice 5kg,Staples,South,63,313.23,0.0,0.0,19733.49
2025-05-13,G002,Bread Loaf,Bakery,South,192,45.93,0.0,0.0,8818.56
2025-11-18,G001,Milk 1L,Dairy,East,266,57.08,0.0,0.0,15183.28
2025-08-18,G004,Rice 5kg,Staples,West,48,314.03,10.0,0.0,13566.1
2025-01-06,G001,Milk 1L,Dairy,South,140,53.98,0.0,0.0,7557.2
2025-04-29,G001,Milk 1L,Dairy,West,219,53.13,5.0,0.0,11053.7
2025-01-11,G006,Bananas 1kg,Produce,North,246,40.25,0.0,0.0,9901.5
2025-09-06,G003,Eggs (12),Dairy,South,181,92.98,5.0,0.0,15987.91
2025-05-11,G004,Rice 5kg,Staples,South,97,308.45,0.0,0.0,29919.65
2025-12-25,G004,Rice 5kg,Staples,North,60,328.84,0.0,0.0,19730.4
2025-08-24,G003,Eggs (12),Dairy,West,167,88.78,5.0,0.0,14084.95
2025-11-30,G005,Cooking Oil 1L,Staples,North,152,141.84,5.0,0.0,20481.7
2025-04-20,G005,Cooking Oil 1L,Staples,West,110,141.16,0.0,0.0,15527.6
2025-09-30,G007,Instant Noodles,Packaged Foods,East,238,18.42,10.0,0.0,3945.56
2025-05-11,G006,Bananas 1kg,Produce,West,111,39.47,0.0,0.0,4381.17
2025-02-14,G003,Eggs (12),Dairy,East,122,89.26,0.0,0.0,10889.72
2025-12-05,G005,Cooking Oil 1L,Staples,North,133,142.53,0.0,0.0,18956.49
2025-04-02,G001,Milk 1L,Dairy,North,530,53.84,0.0,0.0,28535.2
2025-12-28,G003,Eggs (12),Dairy,East,188,89.94,0.0,0.0,16908.72
2025-05-17,G004,Rice 5kg,Staples,North,68,330.29,0.0,0.0,22459.72
2025-06-10,G004,Rice 5kg,Staples,South,53,310.38,0.0,0.0,16450.14
2025-06-03,G005,Cooking Oil 1L,Staples,South,154,138.07,5.0,0.0,20199.64
2025-11-04,G001,Milk 1L,Dairy,West,344,53.62,0.0,159.09,18445.28
2025-03-16,G004,Rice 5kg,Staples,West,78,312.03,5.0,0.0,23121.42
2025-12-06,G003,Eggs (12),Dairy,East,153,88.09,0.0,490.81,13477.77
2025-12-05,G001,Milk 1L,Dairy,West,322,54.92,10.0,0.0,15915.82
2025-05-13,G004,Rice 5kg,Staples,West,57,314.51,0.0,0.0,17927.07
2025-07-08,G001,Milk 1L,Dairy,East,229,53.87,5.0,0.0,11719.42
2025-06-05,G005,Cooking Oil 1L,Staples,South,70,135.88,0.0,0.0,9511.6
2025-09-12,G007,Instant Noodles,Packaged Foods,South,256,18.7,0.0,369.11,4787.2
2025-07-01,G001,Milk 1L,Dairy,South,216,54.3,0.0,0.0,11728.8
2025-11-16,G005,Cooking Oil 1L,Staples,North,167,136.34,0.0,775.71,22768.78
2025-11-06,G003,Eggs (12),Dairy,East,68,91.81,0.0,0.0,6243.08
2025-04-11,G004,Rice 5kg,Staples,West,36,320.77,0.0,516.89,11547.72
2025-11-23,G005,Cooking Oil 1L,Staples,West,118,137.92,10.0,0.0,14647.1
2025-09-05,G001,Milk 1L,Dairy,East,256,54.1,0.0,242.06,13849.6
2025-01-02,G002,Bread Loaf,Bakery,West,130,46.29,0.0,0.0,6017.7
2025-07-19,G003,Eggs (12),Dairy,East,180,92.05,0.0,0.0,16569.0
2025-09-28,G004,Rice 5kg,Staples,West,43,322.24,0.0,497.71,13856.32
2025-08-11,G006,Bananas 1kg,Produce,North,162,40.45,0.0,0.0,6552.9
2025-07-25,G007,Instant Noodles,Packaged Foods,North,305,17.89,0.0,395.27,5456.45
2025-08-31,G007,Instant Noodles,Packaged Foods,North,403,18.05,0.0,0.0,7274.15
2025-05-30,G007,Instant Noodles,Packaged Foods,East,253,17.61,0.0,21.7,4455.33
2025-04-27,G006,Bananas 1kg,Produce,North,258,39.23,0.0,0.0,10121.34
2025-11-19,G004,Rice 5kg,Staples,East,59,327.49,0.0,0.0,19321.91
2025-01-17,G005,Cooking Oil 1L,Staples,South,75,139.81,0.0,0.0,10485.75
2025-09-04,G001,Milk 1L,Dairy,North,231,53.4,0.0,0.0,12335.4
2025-12-13,G003,Eggs (12),Dairy,South,112,90.8,0.0,0.0,10169.6
2025-11-02,G001,Milk 1L,Dairy,East,170,53.34,0.0,0.0,9067.8
2025-06-15,G005,Cooking Oil 1L,Staples,North,134,140.1,0.0,0.0,18773.4
2025-08-15,G005,Cooking Oil 1L,Staples,South,93,145.46,0.0,642.25,13527.78
2025-07-14,G007,Instant Noodles,Packaged Foods,East,316,17.65,0.0,0.0,5577.4
2025-02-04,G002,Bread Loaf,Bakery,West,123,46.62,0.0,0.0,5734.26
2025-02-12,G003,Eggs (12),Dairy,South,100,89.91,0.0,0.0,8991.0
2025-10-28,G007,Instant Noodles,Packaged Foods,West,319,17.4,0.0,0.0,5550.6
2025-10-27,G004,Rice 5kg,Staples,East,56,330.21,0.0,0.0,18491.76
2025-04-27,G001,Milk 1L,Dairy,South,172,56.24,0.0,0.0,9673.28
2025-06-19,G006,Bananas 1kg,Produce,North,187,39.53,0.0,0.0,7392.11
2025-04-17,G003,Eggs (12),Dairy,North,87,92.33,0.0,0.0,8032.71
2025-08-25,G005,Cooking Oil 1L,Staples,South,96,139.76,0.0,0.0,13416.96
2025-03-19,G005,Cooking Oil 1L,Staples,East,76,135.57,0.0,0.0,10303.32
2025-02-28,G002,Bread Loaf,Bakery,West,168,45.01,10.0,61.75,6805.51
2025-02-11,G004,Rice 5kg,Staples,South,39,309.47,0.0,0.0,12069.33
2025-06-27,G002,Bread Loaf,Bakery,East,249,43.92,0.0,0.0,10936.08
2025-01-11,G003,Eggs (12),Dairy,East,162,87.86,10.0,614.28,12809.99
2025-04-04,G003,Eggs (12),Dairy,West,93,92.44,0.0,0.0,8596.92
2025-10-16,G005,Cooking Oil 1L,Staples,North,112,136.16,0.0,0.0,15249.92
2025-07-13,G005,Cooking Oil 1L,Staples,North,143,144.61,5.0,0.0,19645.27
2025-03-19,G004,Rice 5kg,Staples,West,30,318.27,0.0,0.0,9548.1
2025-10-18,G004,Rice 5kg,Staples,South,93,311.43,0.0,0.0,28962.99
2025-06-20,G006,Bananas 1kg,Produce,South,101,41.15,0.0,0.0,4156.15
2025-03-29,G006,Bananas 1kg,Produce,East,183,40.47,0.0,57.69,7406.01
2025-01-17,G002,Bread Loaf,Bakery,North,148,45.79,0.0,0.0,6776.92
2025-04-19,G007,Instant Noodles,Packaged Foods,North,359,18.49,0.0,0.0,6637.91
2025-06-29,G006,Bananas 1kg,Produce,East,161,40.76,10.0,0.0,5906.12
2025-07-09,G004,Rice 5kg,Staples,West,56,309.46,0.0,351.18,17329.76
2025-08-07,G004,Rice 5kg,Staples,West,40,315.18,0.0,0.0,12607.2
2025-02-10,G007,Instant Noodles,Packaged Foods,South,149,18.49,0.0,0.0,2755.01
2025-01-23,G006,Bananas 1kg,Produce,South,82,40.18,0.0,0.0,3294.76
2025-04-26,G001,Milk 1L,Dairy,South,209,55.56,0.0,0.0,11612.04
2025-09-10,G001,Milk 1L,Dairy,East,256,56.79,0.0,109.69,14538.24
2025-01-06,G001,Milk 1L,Dairy,West,150,56.97,0.0,0.0,8545.5
2025-11-12,G004,Rice 5kg,Staples,North,60,316.66,0.0,0.0,18999.6
2025-09-25,G003,Eggs (12),Dairy,East,124,92.17,0.0,0.0,11429.08
2025-09-26,G002,Bread Loaf,Bakery,North,152,45.74,0.0,0.0,6952.48
2025-10-21,G007,Instant Noodles,Packaged Foods,South,326,17.93,0.0,666.38,5845.18
2025-05-19,G006,Bananas 1kg,Produce,West,107,38.88,0.0,0.0,4160.16
2025-08-05,G006,Bananas 1kg,Produce,South,91,38.93,0.0,0.0,3542.63
2025-03-19,G007,Instant Noodles,Packaged Foods,South,243,17.4,5.0,0.0,4016.79
2025-08-13,G003,Eggs (12),Dairy,North,92,88.62,0.0,0.0,8153.04
2025-06-04,G002,Bread Loaf,Bakery,North,135,45.75,0.0,0.0,6176.25
2025-02-14,G001,Milk 1L,Dairy,South,219,56.24,0.0,0.0,12316.56
2025-02-25,G003,Eggs (12),Dairy,East,146,91.38,0.0,0.0,13341.48
2025-04-25,G002,Bread Loaf,Bakery,East,155,44.01,0.0,0.0,6821.55
2025-08-06,G003,Eggs (12),Dairy,South,83,91.47,0.0,0.0,7592.01
2025-03-10,G006,Bananas 1kg,Produce,West,90,40.48,0.0,0.0,3643.2
2025-06-10,G007,Instant Noodles,Packaged Foods,West,319,17.76,0.0,0.0,5665.44
2025-07-15,G001,Milk 1L,Dairy,North,194,56.94,0.0,0.0,11046.36
2025-12-17,G004,Rice 5kg,Staples,West,83,317.89,10.0,0.0,23746.38
2025-01-12,G004,Rice 5kg,Staples,West,74,324.72,5.0,0.0,22827.82
2025-05-18,G005,Cooking Oil 1L,Staples,North,86,145.35,0.0,0.0,12500.1
2025-08-21,G001,Milk 1L,Dairy,East,179,53.28,0.0,0.0,9537.12
2025-02-27,G007,Instant Noodles,Packaged Foods,East,287,17.92,0.0,0.0,5143.04
2025-03-06,G001,Milk 1L,Dairy,East,301,56.01,0.0,0.0,16859.01
2025-01-26,G007,Instant Noodles,Packaged Foods,North,390,18.15,0.0,0.0,7078.5
2025-10-09,G003,Eggs (12),Dairy,West,99,91.24,5.0,687.45,8581.12
2025-08-20,G002,Bread Loaf,Bakery,North,148,45.55,0.0,0.0,6741.4
2025-06-30,G005,Cooking Oil 1L,Staples,West,90,145.52,0.0,509.05,13096.8
2025-11-29,G004,Rice 5kg,Staples,South,112,325.78,10.0,335.85,32838.62
2025-03-16,G007,Instant Noodles,Packaged Foods,North,411,18.65,0.0,0.0,7665.15
2025-10-24,G006,Bananas 1kg,Produce,South,109,41.41,0.0,0.0,4513.69
2025-02-11,G001,Milk 1L,Dairy,West,170,56.0,0.0,0.0,9520.0
2025-11-18,G005,Cooking Oil 1L,Staples,South,90,142.84,0.0,0.0,12855.6
2025-07-23,G004,Rice 5kg,Staples,South,59,319.29,0.0,0.0,18838.11
2025-08-30,G006,Bananas 1kg,Produce,South,166,41.0,0.0,0.0,6806.0
2025-10-13,G002,Bread Loaf,Bakery,North,142,45.98,0.0,0.0,6529.16
2025-05-30,G007,Instant Noodles,Packaged Foods,North,215,17.65,0.0,0.0,3794.75
2025-10-18,G001,Milk 1L,Dairy,North,399,56.6,0.0,0.0,22583.4
2025-05-11,G005,Cooking Oil 1L,Staples,East,98,136.21,0.0,0.0,13348.58
2025-03-15,G007,Instant Noodles,Packaged Foods,West,539,17.49,10.0,0.0,8484.4
2025-08-27,G006,Bananas 1kg,Produce,North,103,39.71,0.0,0.0,4090.13
2025-11-08,G007,Instant Noodles,Packaged Foods,West,569,18.0,0.0,0.0,10242.0
2025-08-13,G007,Instant Noodles,Packaged Foods,South,327,17.97,0.0,0.0,5876.19
2025-01-18,G007,Instant Noodles,Packaged Foods,South,238,17.87,0.0,0.0,4253.06
2025-06-24,G003,Eggs (12),Dairy,South,104,89.03,10.0,286.67,8333.21
2025-09-14,G001,Milk 1L,Dairy,North,262,56.85,0.0,0.0,14894.7
2025-10-02,G007,Instant Noodles,Packaged Foods,North,407,17.5,0.0,0.0,7122.5
2025-06-02,G001,Milk 1L,Dairy,East,249,57.09,0.0,0.0,14215.41
2025-03-27,G004,Rice 5kg,Staples,East,57,329.6,0.0,140.1,18787.2
2025-04-17,G001,Milk 1L,Dairy,East,194,52.88,0.0,0.0,10258.72
2025-07-05,G007,Instant Noodles,Packaged Foods,South,288,18.64,0.0,0.0,5368.32
2025-01-03,G003,Eggs (12),Dairy,South,134,88.8,0.0,149.1,11899.2
2025-11-01,G007,Instant Noodles,Packaged Foods,East,397,17.7,5.0,0.0,6675.55
2025-04-08,G001,Milk 1L,Dairy,South,148,55.68,0.0,0.0,8240.64
2025-11-04,G003,Eggs (12),Dairy,North,80,92.98,0.0,120.07,7438.4
2025-12-05,G006,Bananas 1kg,Produce,East,207,39.92,10.0,0.0,7437.1
2025-06-14,G001,Milk 1L,Dairy,East,279,56.12,0.0,741.09,15657.48
2025-06-26,G005,Cooking Oil 1L,Staples,North,99,138.17,0.0,654.54,13678.83
2025-02-12,G004,Rice 5kg,Staples,West,52,320.3,0.0,0.0,16655.6
2025-03-07,G003,Eggs (12),Dairy,South,103,90.76,0.0,0.0,9348.28
2025-10-07,G004,Rice 5kg,Staples,West,60,313.33,0.0,0.0,18799.8
2025-02-05,G005,Cooking Oil 1L,Staples,East,79,134.96,0.0,0.0,10661.84
2025-08-14,G004,Rice 5kg,Staples,East,45,316.26,0.0,0.0,14231.7
2025-09-12,G006,Bananas 1kg,Produce,West,122,40.05,0.0,0.0,4886.1
2025-11-24,G005,Cooking Oil 1L,Staples,South,88,139.66,0.0,0.0,12290.08
2025-03-22,G001,Milk 1L,Dairy,North,315,52.94,0.0,0.0,16676.1
2025-07-24,G003,Eggs (12),Dairy,West,73,86.97,10.0,0.0,5713.93
2025-07-06,G002,Bread Loaf,Bakery,West,250,45.17,0.0,0.0,11292.5
2025-09-29,G001,Milk 1L,Dairy,West,213,56.8,5.0,0.0,11493.48
2025-04-22,G005,Cooking Oil 1L,Staples,East,90,142.87,0.0,0.0,12858.3
2025-05-09,G002,Bread Loaf,Bakery,East,251,44.07,0.0,0.0,11061.57
2025-12-11,G003,Eggs (12),Dairy,East,93,91.74,5.0,0.0,8105.23
2025-03-23,G001,Milk 1L,Dairy,West,322,54.79,0.0,0.0,17642.38
2025-06-21,G006,Bananas 1kg,Produce,West,165,39.63,10.0,0.0,5885.06
2025-05-08,G003,Eggs (12),Dairy,West,71,88.7,0.0,634.28,6297.7
2025-04-24,G005,Cooking Oil 1L,Staples,South,71,139.09,0.0,0.0,9875.39
2025-04-02,G002,Bread Loaf,Bakery,West,237,44.17,0.0,0.0,10468.29
2025-08-27,G005,Cooking Oil 1L,Staples,North,100,144.08,0.0,0.0,14408.0
2025-06-14,G002,Bread Loaf,Bakery,North,204,44.6,10.0,0.0,8188.56
2025-08-05,G001,Milk 1L,Dairy,West,244,54.42,0.0,0.0,13278.48
2025-12-28,G001,Milk 1L,Dairy,West,315,56.59,0.0,450.05,17825.85
2025-02-26,G007,Instant Noodles,Packaged Foods,West,258,18.02,0.0,0.0,4649.16
2025-01-28,G002,Bread Loaf,Bakery,East,169,46.55,0.0,0.0,7866.95
2025-12-12,G006,Bananas 1kg,Produce,East,146,41.46,0.0,468.17,6053.16
2025-04-22,G005,Cooking Oil 1L,Staples,North,84,135.13,0.0,0.0,11350.92
2025-04-04,G007,Instant Noodles,Packaged Foods,West,190,18.23,0.0,0.0,3463.7
2025-02-10,G003,Eggs (12),Dairy,South,42,91.01,0.0,0.0,3822.42
2025-09-02,G003,Eggs (12),Dairy,West,154,90.93,0.0,0.0,14003.22
2025-11-17,G001,Milk 1L,Dairy,South,147,56.33,0.0,0.0,8280.51
2025-09-06,G006,Bananas 1kg,Produce,South,113,39.75,0.0,645.75,4491.75
2025-07-09,G001,Milk 1L,Dairy,West,165,55.17,0.0,434.58,9103.05
2025-01-23,G001,Milk 1L,Dairy,East,289,54.42,5.0,0.0,14941.01
2025-03-14,G004,Rice 5kg,Staples,West,61,312.99,0.0,0.0,19092.39
2025-10-01,G004,Rice 5kg,Staples,North,88,330.55,0.0,0.0,29088.4
2025-04-08,G007,Instant Noodles,Packaged Foods,West,268,18.27,0.0,0.0,4896.36
2025-04-03,G001,Milk 1L,Dairy,East,388,55.04,0.0,0.0,21355.52
2025-01-19,G003,Eggs (12),Dairy,West,134,90.88,0.0,0.0,12177.92
2025-12-29,G006,Bananas 1kg,Produce,South,119,41.54,0.0,0.0,4943.26
2025-08-27,G001,Milk 1L,Dairy,South,142,53.95,0.0,0.0,7660.9
2025-06-20,G002,Bread Loaf,Bakery,South,167,45.81,0.0,247.01,7650.27
2025-01-19,G004,Rice 5kg,Staples,North,53,326.24,0.0,715.91,17290.72
2025-04-13,G007,Instant Noodles,Packaged Foods,South,384,18.7,0.0,0.0,7180.8
2025-02-14,G007,Instant Noodles,Packaged Foods,East,228,18.36,0.0,0.0,4186.08
2025-10-04,G002,Bread Loaf,Bakery,East,268,44.05,0.0,0.0,11805.4
2025-11-14,G001,Milk 1L,Dairy,South,246,56.24,0.0,0.0,13835.04
2025-06-19,G004,Rice 5kg,Staples,West,51,313.66,0.0,0.0,15996.66
2025-01-22,G003,Eggs (12),Dairy,West,50,92.73,0.0,0.0,4636.5
2025-03-22,G004,Rice 5kg,Staples,North,45,321.41,10.0,0.0,13017.11
2025-11-05,G004,Rice 5kg,Staples,East,45,323.03,0.0,0.0,14536.35
2025-01-01,G003,Eggs (12),Dairy,West,161,88.53,0.0,0.0,14253.33
2025-04-24,G001,Milk 1L,Dairy,West,118,54.09,0.0,0.0,6382.62
2025-03-09,G004,Rice 5kg,Staples,East,62,314.73,0.0,0.0,19513.26
2025-07-01,G005,Cooking Oil 1L,Staples,West,111,135.4,10.0,0.0,13526.46
2025-06-18,G007,Instant Noodles,Packaged Foods,North,212,17.58,0.0,0.0,3726.96
2025-04-18,G003,Eggs (12),Dairy,South,89,92.8,0.0,0.0,8259.2
2025-08-02,G003,Eggs (12),Dairy,West,151,90.06,0.0,0.0,13599.06
2025-12-02,G006,Bananas 1kg,Produce,East,217,40.4,0.0,0.0,8766.8
2025-10-28,G004,Rice 5kg,Staples,South,70,330.52,0.0,0.0,23136.4
2025-03-27,G002,Bread Loaf,Bakery,South,135,45.43,0.0,0.0,6133.05
2025-10-20,G005,Cooking Oil 1L,Staples,South,123,144.96,0.0,0.0,17830.08
2025-09-10,G003,Eggs (12),Dairy,South,100,87.39,0.0,215.72,8739.0
2025-09-24,G002,Bread Loaf,Bakery,South,203,45.57,0.0,311.77,9250.71
2025-03-31,G006,Bananas 1kg,Produce,West,100,41.54,5.0,0.0,3946.3
2025-02-04,G001,Milk 1L,Dairy,South,156,53.03,0.0,0.0,8272.68
2025-09-20,G007,Instant Noodles,Packaged Foods,West,548,18.05,0.0,712.3,9891.4
2025-05-29,G002,Bread Loaf,Bakery,South,170,45.61,0.0,510.5,7753.7
2025-04-24,G004,Rice 5kg,Staples,South,56,325.19,0.0,0.0,18210.64
2025-02-13,G003,Eggs (12),Dairy,West,106,90.65,0.0,0.0,9608.9
2025-01-21,G007,Instant Noodles,Packaged Foods,West,305,17.53,0.0,0.0,5346.65
2025-06-15,G007,Instant Noodles,Packaged Foods,North,412,17.9,0.0,0.0,7374.8
2025-09-06,G001,Milk 1L,Dairy,South,273,53.77,0.0,0.0,14679.21
2025-12-24,G005,Cooking Oil 1L,Staples,East,47,140.11,0.0,0.0,6585.17
2025-01-14,G005,Cooking Oil 1L,Staples,North,88,135.13,0.0,0.0,11891.44
2025-12-05,G006,Bananas 1kg,Produce,North,115,38.43,0.0,510.45,4419.45
2025-09-24,G002,Bread Loaf,Bakery,North,152,44.03,10.0,0.0,6023.3
2025-11-06,G004,Rice 5kg,Staples,North,66,327.47,0.0,0.0,21613.02
2025-04-18,G002,Bread Loaf,Bakery,North,124,43.92,5.0,0.0,5173.78
2025-05-25,G007,Instant Noodles,Packaged Foods,North,300,18.07,0.0,0.0,5421.0
2025-09-28,G007,Instant Noodles,Packaged Foods,East,461,18.65,0.0,0.0,8597.65
2025-03-01,G002,Bread Loaf,Bakery,North,148,46.21,0.0,0.0,6839.08
2025-11-15,G002,Bread Loaf,Bakery,North,201,45.61,0.0,0.0,9167.61
2025-07-18,G004,Rice 5kg,Staples,West,64,311.79,0.0,0.0,19954.56
2025-02-24,G007,Instant Noodles,Packaged Foods,South,299,18.01,0.0,0.0,5384.99
2025-06-23,G003,Eggs (12),Dairy,East,117,91.65,0.0,0.0,10723.05
2025-01-19,G005,Cooking Oil 1L,Staples,North,131,137.22,0.0,0.0,17975.82
2025-06-18,G007,Instant Noodles,Packaged Foods,South,246,17.98,0.0,0.0,4423.08
2025-05-02,G007,Instant Noodles,Packaged Foods,South,401,18.49,0.0,0.0,7414.49
2025-04-02,G004,Rice 5kg,Staples,South,66,309.54,0.0,27.61,20429.64
2025-09-10,G004,Rice 5kg,Staples,East,30,330.11,10.0,0.0,8912.97
2025-05-01,G004,Rice 5kg,Staples,North,85,310.72,0.0,0.0,26411.2
2025-06-26,G002,Bread Loaf,Bakery,South,168,46.24,0.0,0.0,7768.32
2025-09-28,G006,Bananas 1kg,Produce,West,141,38.52,0.0,0.0,5431.32
2025-03-01,G003,Eggs (12),Dairy,South,258,92.95,0.0,0.0,23981.1
2025-07-31,G003,Eggs (12),Dairy,North,98,89.4,0.0,0.0,8761.2
2025-01-20,G004,Rice 5kg,Staples,West,71,313.11,0.0,0.0,22230.81
2025-09-04,G004,Rice 5kg,Staples,North,43,310.0,0.0,518.56,13330.0
2025-06-09,G003,Eggs (12),Dairy,North,92,89.39,0.0,0.0,8223.88
2025-06-06,G002,Bread Loaf,Bakery,South,181,44.71,0.0,327.28,8092.51
2025-11-16,G006,Bananas 1kg,Produce,South,48,40.01,0.0,0.0,1920.48
2025-12-23,G004,Rice 5kg,Staples,North,55,312.36,0.0,0.0,17179.8
2025-03-04,G005,Cooking Oil 1L,Staples,North,82,141.17,0.0,0.0,11575.94
2025-01-26,G005,Cooking Oil 1L,Staples,South,93,140.19,0.0,245.62,13037.67
2025-04-22,G004,Rice 5kg,Staples,South,53,327.4,0.0,0.0,17352.2
2025-02-27,G006,Bananas 1kg,Produce,East,192,40.91,10.0,0.0,7069.25
2025-04-01,G007,Instant Noodles,Packaged Foods,North,334,18.06,0.0,0.0,6032.04
2025-06-29,G003,Eggs (12),Dairy,South,140,87.85,0.0,0.0,12299.0
2025-04-01,G005,Cooking Oil 1L,Staples,East,135,138.65,0.0,0.0,18717.75
2025-12-20,G005,Cooking Oil 1L,Staples,East,90,137.83,0.0,0.0,12404.7
2025-03-17,G007,Instant Noodles,Packaged Foods,North,188,18.5,0.0,0.0,3478.0
2025-02-08,G007,Instant Noodles,Packaged Foods,East,384,18.55,0.0,314.55,7123.2
2025-02-25,G001,Milk 1L,Dairy,East,264,54.32,10.0,0.0,12906.43
2025-08-30,G002,Bread Loaf,Bakery,North,196,43.85,0.0,0.0,8594.6
2025-08-29,G003,Eggs (12),Dairy,South,81,87.05,0.0,0.0,7051.05
2025-09-01,G005,Cooking Oil 1L,Staples,North,130,134.71,0.0,0.0,17512.3
2025-02-02,G006,Bananas 1kg,Produce,West,241,41.58,10.0,0.0,9018.7
2025-11-28,G004,Rice 5kg,Staples,West,65,316.42,0.0,0.0,20567.3
2025-08-21,G002,Bread Loaf,Bakery,West,148,44.68,0.0,0.0,6612.64
2025-05-28,G006,Bananas 1kg,Produce,East,159,41.26,0.0,0.0,6560.34
2025-08-23,G001,Milk 1L,Dairy,South,207,53.93,0.0,0.0,11163.51
2025-07-02,G005,Cooking Oil 1L,Staples,East,99,138.01,0.0,0.0,13662.99
2025-01-29,G001,Milk 1L,Dairy,South,149,55.82,0.0,0.0,8317.18
2025-05-07,G005,Cooking Oil 1L,Staples,South,41,145.25,0.0,0.0,5955.25
2025-07-18,G007,Instant Noodles,Packaged Foods,South,216,17.73,0.0,0.0,3829.68
2025-02-04,G005,Cooking Oil 1L,Staples,North,52,137.17,0.0,0.0,7132.84
2025-02-10,G003,Eggs (12),Dairy,West,71,90.63,0.0,0.0,6434.73
2025-05-25,G007,Instant Noodles,Packaged Foods,South,258,18.6,0.0,621.76,4798.8
2025-08-03,G006,Bananas 1kg,Produce,West,213,41.23,0.0,0.0,8781.99
2025-01-11,G002,Bread Loaf,Bakery,East,282,45.63,0.0,0.0,12867.66
2025-01-11,G004,Rice 5kg,Staples,West,62,329.79,0.0,0.0,20446.98
2025-09-05,G006,Bananas 1kg,Produce,West,118,40.51,0.0,0.0,4780.18
2025-04-03,G007,Instant Noodles,Packaged Foods,West,411,17.47,0.0,0.0,7180.17
2025-06-24,G001,Milk 1L,Dairy,East,253,53.57,0.0,0.0,13553.21
2025-03-08,G005,Cooking Oil 1L,Staples,West,131,142.22,0.0,476.0,18630.82
2025-03-22,G002,Bread Loaf,Bakery,South,192,44.74,0.0,0.0,8590.08
2025-02-11,G004,Rice 5kg,Staples,North,47,317.49,0.0,0.0,14922.03
2025-06-16,G003,Eggs (12),Dairy,North,89,88.13,0.0,0.0,7843.57
2025-11-08,G002,Bread Loaf,Bakery,West,197,44.02,0.0,0.0,8671.94
2025-11-15,G002,Bread Loaf,Bakery,South,239,46.29,0.0,0.0,11063.31
2025-02-22,G007,Instant Noodles,Packaged Foods,South,317,17.51,0.0,0.0,5550.67
2025-03-22,G006,Bananas 1kg,Produce,South,109,41.2,0.0,15.96,4490.8
2025-04-06,G004,Rice 5kg,Staples,East,47,330.3,10.0,0.0,13971.69
2025-10-13,G005,Cooking Oil 1L,Staples,West,95,144.7,5.0,572.36,13059.17
2025-02-25,G004,Rice 5kg,Staples,West,63,329.51,0.0,0.0,20759.13
2025-10-01,G002,Bread Loaf,Bakery,North,195,46.14,10.0,0.0,8097.57
2025-07-23,G004,Rice 5kg,Staples,North,46,316.66,5.0,0.0,13838.04
2025-09-08,G005,Cooking Oil 1L,Staples,East,66,137.66,0.0,696.11,9085.56
2025-05-13,G003,Eggs (12),Dairy,North,81,90.24,0.0,0.0,7309.44
2025-01-24,G001,Milk 1L,Dairy,North,249,57.06,0.0,0.0,14207.94
2025-10-09,G003,Eggs (12),Dairy,South,69,89.22,0.0,0.0,6156.18
2025-05-14,G001,Milk 1L,Dairy,South,172,56.91,0.0,726.98,9788.52
2025-10-22,G002,Bread Loaf,Bakery,North,106,45.34,0.0,635.61,4806.04
2025-09-23,G005,Cooking Oil 1L,Staples,East,94,143.41,0.0,0.0,13480.54
2025-08-22,G004,Rice 5kg,Staples,West,35,317.56,0.0,0.0,11114.6
2025-02-04,G007,Instant Noodles,Packaged Foods,West,247,18.17,0.0,0.0,4487.99
2025-08-19,G007,Instant Noodles,Packaged Foods,South,189,18.12,0.0,434.98,3424.68
2025-11-20,G006,Bananas 1kg,Produce,South,167,38.97,10.0,0.0,5857.19
2025-03-23,G006,Bananas 1kg,Produce,West,196,41.52,10.0,0.0,7324.13
2025-02-05,G004,Rice 5kg,Staples,North,65,308.04,0.0,0.0,20022.6
2025-07-18,G002,Bread Loaf,Bakery,South,178,44.6,0.0,0.0,7938.8
2025-02-19,G005,Cooking Oil 1L,Staples,North,104,135.28,0.0,0.0,14069.12
2025-10-23,G001,Milk 1L,Dairy,East,342,52.92,0.0,0.0,18098.64
2025-08-27,G001,Milk 1L,Dairy,West,216,56.62,0.0,0.0,12229.92
2025-03-20,G004,Rice 5kg,Staples,West,55,316.22,0.0,0.0,17392.1
2025-01-03,G005,Cooking Oil 1L,Staples,West,110,140.7,0.0,0.0,15477.0
2025-10-30,G007,Instant Noodles,Packaged Foods,West,332,17.35,0.0,0.0,5760.2
2025-01-22,G005,Cooking Oil 1L,Staples,North,116,141.3,0.0,0.0,16390.8
2025-12-14,G004,Rice 5kg,Staples,South,80,321.81,10.0,0.0,23170.32
2025-12-27,G007,Instant Noodles,Packaged Foods,East,518,17.59,0.0,0.0,9111.62
2025-03-02,G006,Bananas 1kg,Produce,East,366,39.47,10.0,0.0,13001.42
2025-07-09,G006,Bananas 1kg,Produce,North,208,40.15,0.0,0.0,8351.2
2025-07-17,G005,Cooking Oil 1L,Staples,West,83,140.42,5.0,0.0,11072.12
2025-10-15,G007,Instant Noodles,Packaged Foods,East,343,17.35,5.0,0.0,5653.5
2025-07-29,G007,Instant Noodles,Packaged Foods,North,212,18.09,0.0,0.0,3835.08
2025-12-09,G001,Milk 1L,Dairy,North,130,56.13,0.0,0.0,7296.9
2025-07-26,G004,Rice 5kg,Staples,North,60,330.0,0.0,0.0,19800.0
2025-01-13,G005,Cooking Oil 1L,Staples,North,38,139.9,10.0,0.0,4784.58
2025-08-03,G007,Instant Noodles,Packaged Foods,North,632,17.52,0.0,0.0,11072.64
2025-05-31,G007,Instant Noodles,Packaged Foods,South,426,17.77,0.0,0.0,7570.02
2025-07-24,G003,Eggs (12),Dairy,North,69,93.29,0.0,0.0,6437.01
2025-10-06,G007,Instant Noodles,Packaged Foods,East,285,17.36,0.0,0.0,4947.6
2025-09-28,G001,Milk 1L,Dairy,East,387,53.78,0.0,0.0,20812.86
2025-02-06,G007,Instant Noodles,Packaged Foods,West,370,17.64,0.0,0.0,6526.8
2025-10-21,G003,Eggs (12),Dairy,North,114,87.57,0.0,0.0,9982.98
2025-07-26,G003,Eggs (12),Dairy,West,154,87.83,0.0,0.0,13525.82
2025-01-26,G001,Milk 1L,Dairy,West,316,54.71,0.0,0.0,17288.36
2025-05-24,G005,Cooking Oil 1L,Staples,South,123,143.94,10.0,0.0,15934.16
2025-12-06,G001,Milk 1L,Dairy,South,245,55.09,0.0,0.0,13497.05
2025-03-06,G005,Cooking Oil 1L,Staples,East,85,137.52,10.0,0.0,10520.28
2025-01-18,G007,Instant Noodles,Packaged Foods,East,338,18.14,0.0,0.0,6131.32
2025-06-01,G004,Rice 5kg,Staples,South,151,317.83,0.0,0.0,47992.33
2025-02-19,G002,Bread Loaf,Bakery,North,147,46.14,0.0,0.0,6782.58
2025-12-14,G004,Rice 5kg,Staples,West,76,307.59,0.0,0.0,23376.84
2025-10-28,G006,Bananas 1kg,Produce,South,82,41.33,0.0,0.0,3389.06
2025-11-07,G005,Cooking Oil 1L,Staples,South,101,136.09,0.0,0.0,13745.09
2025-02-18,G001,Milk 1L,Dairy,South,123,54.44,0.0,0.0,6696.12
2025-11-13,G007,Instant Noodles,Packaged Foods,West,329,18.21,0.0,427.24,5991.09
2025-10-14,G001,Milk 1L,Dairy,East,152,54.72,0.0,0.0,8317.44
2025-08-22,G005,Cooking Oil 1L,Staples,South,102,140.23,0.0,0.0,14303.46
2025-08-15,G002,Bread Loaf,Bakery,South,193,43.7,0.0,0.0,8434.1
2025-04-08,G007,Instant Noodles,Packaged Foods,South,262,18.59,0.0,0.0,4870.58
2025-01-22,G003,Eggs (12),Dairy,North,76,90.52,0.0,0.0,6879.52
2025-11-19,G006,Bananas 1kg,Produce,East,101,40.57,0.0,0.0,4097.57
2025-09-09,G006,Bananas 1kg,Produce,West,107,40.66,0.0,0.0,4350.62
2025-11-19,G002,Bread Loaf,Bakery,South,139,45.56,0.0,0.0,6332.84
2025-01-03,G004,Rice 5kg,Staples,East,62,311.18,0.0,0.0,19293.16
2025-09-30,G002,Bread Loaf,Bakery,North,126,44.42,0.0,0.0,5596.92
2025-09-28,G005,Cooking Oil 1L,Staples,South,87,134.46,10.0,0.0,10528.22
2025-06-21,G006,Bananas 1kg,Produce,North,140,39.74,0.0,0.0,5563.6
2025-11-25,G003,Eggs (12),Dairy,West,103,90.01,0.0,0.0,9271.03
2025-04-10,G004,Rice 5kg,Staples,East,43,330.52,5.0,0.0,13501.74
2025-10-14,G006,Bananas 1kg,Produce,East,231,39.06,10.0,0.0,8120.57
2025-03-07,G003,Eggs (12),Dairy,West,90,91.13,0.0,681.14,8201.7
2025-07-15,G006,Bananas 1kg,Produce,South,116,40.48,0.0,0.0,4695.68
2025-02-21,G003,Eggs (12),Dairy,South,124,88.3,0.0,0.0,10949.2
2025-10-26,G006,Bananas 1kg,Produce,East,240,41.28,0.0,0.0,9907.2
2025-09-26,G007,Instant Noodles,Packaged Foods,West,274,17.89,0.0,0.0,4901.86
2025-08-12,G006,Bananas 1kg,Produce,North,172,39.66,0.0,0.0,6821.52
2025-10-20,G007,Instant Noodles,Packaged Foods,North,298,18.14,0.0,0.0,5405.72
2025-03-14,G004,Rice 5kg,Staples,East,42,322.13,0.0,0.0,13529.46
2025-02-20,G007,Instant Noodles,Packaged Foods,North,199,17.68,0.0,0.0,3518.32
2025-08-24,G007,Instant Noodles,Packaged Foods,South,347,17.9,0.0,0.0,6211.3
2025-06-16,G001,Milk 1L,Dairy,West,237,56.84,0.0,184.3,13471.08
2025-02-24,G007,Instant Noodles,Packaged Foods,North,273,18.51,0.0,0.0,5053.23
2025-10-07,G006,Bananas 1kg,Produce,East,209,40.91,10.0,0.0,7695.17
2025-08-28,G001,Milk 1L,Dairy,South,134,57.16,0.0,0.0,7659.44
2025-05-24,G001,Milk 1L,Dairy,South,221,52.91,0.0,143.39,11693.11
2025-02-21,G003,Eggs (12),Dairy,West,106,88.51,0.0,209.85,9382.06
2025-06-17,G006,Bananas 1kg,Produce,West,130,40.7,5.0,217.42,5026.45
2025-07-04,G004,Rice 5kg,Staples,East,49,329.66,10.0,0.0,14538.01
2025-01-10,G003,Eggs (12),Dairy,South,105,90.98,0.0,0.0,9552.9
2025-09-05,G002,Bread Loaf,Bakery,South,184,43.24,0.0,0.0,7956.16
2025-08-22,G007,Instant Noodles,Packaged Foods,South,97,17.68,5.0,0.0,1629.21
2025-10-16,G007,Instant Noodles,Packaged Foods,West,276,18.17,0.0,0.0,5014.92
2025-01-16,G007,Instant Noodles,Packaged Foods,South,255,18.51,10.0,75.6,4248.05
2025-12-16,G007,Instant Noodles,Packaged Foods,South,391,18.63,0.0,0.0,7284.33
2025-02-16,G004,Rice 5kg,Staples,West,57,313.01,0.0,0.0,17841.57
2025-08-27,G002,Bread Loaf,Bakery,North,125,46.6,0.0,0.0,5825.0
2025-01-31,G002,Bread Loaf,Bakery,South,142,45.38,10.0,0.0,5799.56
2025-01-20,G003,Eggs (12),Dairy,South,76,88.33,0.0,0.0,6713.08
2025-01-31,G004,Rice 5kg,Staples,North,48,324.44,0.0,0.0,15573.12
2025-04-29,G004,Rice 5kg,Staples,East,56,318.92,0.0,0.0,17859.52
2025-05-31,G005,Cooking Oil 1L,Staples,East,78,143.77,0.0,0.0,11214.06
2025-06-29,G006,Bananas 1kg,Produce,North,255,38.84,0.0,13.29,9904.2
2025-05-31,G004,Rice 5kg,Staples,North,46,312.07,10.0,0.0,12919.7
2025-08-19,G004,Rice 5kg,Staples,East,67,320.1,10.0,0.0,19302.03
2025-09-12,G005,Cooking Oil 1L,Staples,West,56,140.55,0.0,0.0,7870.8
2025-02-03,G007,Instant Noodles,Packaged Foods,South,417,17.94,0.0,0.0,7480.98
2025-03-10,G007,Instant Noodles,Packaged Foods,West,294,17.91,0.0,631.52,5265.54
2025-01-23,G002,Bread Loaf,Bakery,North,81,45.71,0.0,0.0,3702.51
2025-12-14,G002,Bread Loaf,Bakery,North,230,45.14,0.0,0.0,10382.2
2025-05-08,G004,Rice 5kg,Staples,South,54,332.74,5.0,0.0,17069.56
2025-08-16,G005,Cooking Oil 1L,Staples,South,121,139.45,5.0,726.07,16029.78
2025-03-13,G004,Rice 5kg,Staples,North,24,316.01,0.0,161.73,7584.24
2025-11-13,G003,Eggs (12),Dairy,West,88,87.29,10.0,260.73,6913.37
2025-05-31,G005,Cooking Oil 1L,Staples,West,156,137.5,0.0,0.0,21450.0
2025-11-16,G001,Milk 1L,Dairy,East,322,53.34,0.0,0.0,17175.48
2025-08-23,G003,Eggs (12),Dairy,South,138,88.52,0.0,0.0,12215.76
2025-10-18,G003,Eggs (12),Dairy,East,146,89.11,0.0,0.0,13010.06
2025-01-03,G001,Milk 1L,Dairy,West,261,55.57,0.0,0.0,14503.77
2025-10-07,G003,Eggs (12),Dairy,East,92,91.27,0.0,0.0,8396.84
2025-04-24,G006,Bananas 1kg,Produce,South,73,39.33,0.0,0.0,2871.09
2025-01-25,G002,Bread Loaf,Bakery,South,278,46.29,0.0,0.0,12868.62
2025-11-02,G005,Cooking Oil 1L,Staples,South,158,138.62,0.0,0.0,21901.96
2025-11-12,G002,Bread Loaf,Bakery,West,169,43.77,5.0,0.0,7027.27
2025-03-23,G001,Milk 1L,Dairy,South,128,55.17,5.0,657.98,6708.67
2025-12-03,G006,Bananas 1kg,Produce,South,141,38.74,0.0,789.24,5462.34
2025-09-07,G005,Cooking Oil 1L,Staples,East,136,140.92,0.0,329.88,19165.12
2025-03-16,G007,Instant Noodles,Packaged Foods,South,329,17.33,0.0,0.0,5701.57
2025-08-05,G004,Rice 5kg,Staples,East,31,330.61,0.0,0.0,10248.91
2025-06-23,G001,Milk 1L,Dairy,East,275,56.41,10.0,0.0,13961.47
2025-10-11,G003,Eggs (12),Dairy,West,176,89.85,0.0,0.0,15813.6
2025-11-08,G007,Instant Noodles,Packaged Foods,East,354,17.38,0.0,0.0,6152.52
2025-03-24,G006,Bananas 1kg,Produce,South,78,40.31,0.0,0.0,3144.18
2025-09-26,G001,Milk 1L,Dairy,North,183,56.26,5.0,0.0,9780.8
2025-03-25,G004,Rice 5kg,Staples,East,51,328.43,5.0,0.0,15912.43
2025-03-31,G007,Instant Noodles,Packaged Foods,North,208,18.45,5.0,0.0,3645.72
2025-02-18,G005,Cooking Oil 1L,Staples,North,62,137.19,0.0,230.22,8505.78
2025-08-06,G006,Bananas 1kg,Produce,North,182,41.19,0.0,0.0,7496.58
2025-04-21,G007,Instant Noodles,Packaged Foods,East,134,17.65,5.0,0.0,2246.84
2025-09-16,G005,Cooking Oil 1L,Staples,South,112,137.11,0.0,0.0,15356.32
2025-04-02,G001,Milk 1L,Dairy,South,211,55.45,0.0,0.0,11699.95
2025-03-30,G002,Bread Loaf,Bakery,East,201,44.67,5.0,0.0,8529.74
2025-04-21,G005,Cooking Oil 1L,Staples,South,103,142.16,0.0,0.0,14642.48
2025-05-07,G001,Milk 1L,Dairy,South,154,53.11,0.0,0.0,8178.94
2025-06-09,G007,Instant Noodles,Packaged Foods,North,299,18.56,0.0,183.73,5549.44
2025-10-13,G004,Rice 5kg,Staples,South,38,312.32,0.0,0.0,11868.16
2025-04-28,G001,Milk 1L,Dairy,South,191,56.76,0.0,0.0,10841.16
2025-04-24,G005,Cooking Oil 1L,Staples,North,86,145.11,0.0,0.0,12479.46
2025-06-12,G002,Bread Loaf,Bakery,South,163,43.79,0.0,0.0,7137.77
2025-07-20,G004,Rice 5kg,Staples,West,45,310.22,0.0,386.39,13959.9
2025-01-11,G004,Rice 5kg,Staples,South,56,315.94,10.0,0.0,15923.38
2025-01-02,G005,Cooking Oil 1L,Staples,South,111,139.52,0.0,0.0,15486.72
2025-07-01,G001,Milk 1L,Dairy,West,421,56.33,0.0,0.0,23714.93
2025-04-18,G004,Rice 5kg,Staples,West,53,326.96,0.0,0.0,17328.88
2025-12-17,G002,Bread Loaf,Bakery,North,151,44.07,0.0,0.0,6654.57
2025-10-24,G002,Bread Loaf,Bakery,West,141,43.98,0.0,0.0,6201.18
2025-11-09,G001,Milk 1L,Dairy,North,305,54.21,0.0,0.0,16534.05
2025-07-31,G006,Bananas 1kg,Produce,West,83,38.45,0.0,0.0,3191.35
2025-08-28,G007,Instant Noodles,Packaged Foods,East,216,17.34,0.0,0.0,3745.44
2025-03-17,G001,Milk 1L,Dairy,East,258,53.23,0.0,0.0,13733.34
2025-08-16,G005,Cooking Oil 1L,Staples,North,128,136.75,0.0,210.68,17504.0
2025-05-05,G004,Rice 5kg,Staples,East,44,318.73,10.0,0.0,12621.71
2025-01-12,G006,Bananas 1kg,Produce,South,184,40.28,0.0,0.0,7411.52
2025-08-09,G005,Cooking Oil 1L,Staples,South,94,142.42,0.0,0.0,13387.48
2025-03-07,G001,Milk 1L,Dairy,North,166,56.0,0.0,0.0,9296.0
2025-06-21,G004,Rice 5kg,Staples,West,31,310.46,0.0,0.0,9624.26
2025-12-06,G006,Bananas 1kg,Produce,North,256,40.13,0.0,0.0,10273.28
2025-08-26,G006,Bananas 1kg,Produce,North,166,41.38,0.0,0.0,6869.08
2025-01-19,G006,Bananas 1kg,Produce,West,122,40.24,0.0,0.0,4909.28
2025-02-16,G005,Cooking Oil 1L,Staples,North,90,136.76,0.0,625.46,12308.4
2025-05-31,G003,Eggs (12),Dairy,East,168,87.57,0.0,602.77,14711.76
2025-08-14,G006,Bananas 1kg,Produce,North,157,40.38,5.0,0.0,6022.68
2025-03-08,G004,Rice 5kg,Staples,North,77,318.5,0.0,0.0,24524.5
2025-01-29,G001,Milk 1L,Dairy,West,194,56.44,10.0,422.54,9854.42
2025-12-27,G003,Eggs (12),Dairy,North,115,86.7,10.0,0.0,8973.45
2025-02-18,G002,Bread Loaf,Bakery,West,105,44.05,0.0,0.0,4625.25
2025-08-30,G005,Cooking Oil 1L,Staples,North,64,144.03,0.0,0.0,9217.92
2025-02-10,G001,Milk 1L,Dairy,South,196,54.63,0.0,0.0,10707.48
2025-01-07,G004,Rice 5kg,Staples,West,46,329.88,0.0,0.0,15174.48
2025-07-25,G005,Cooking Oil 1L,Staples,East,64,138.73,0.0,740.15,8878.72
2025-09-24,G003,Eggs (12),Dairy,West,74,90.06,0.0,0.0,6664.44
2025-06-28,G005,Cooking Oil 1L,Staples,North,106,138.61,0.0,0.0,14692.66
2025-11-15,G001,Milk 1L,Dairy,East,324,56.43,5.0,0.0,17369.15
2025-02-24,G004,Rice 5kg,Staples,South,45,328.65,5.0,0.0,14049.79
2025-02-04,G006,Bananas 1kg,Produce,South,105,40.85,0.0,0.0,4289.25
2025-08-07,G002,Bread Loaf,Bakery,North,194,43.29,0.0,0.0,8398.26
2025-09-23,G004,Rice 5kg,Staples,West,29,322.57,0.0,0.0,9354.53
2025-08-20,G006,Bananas 1kg,Produce,East,148,40.97,10.0,0.0,5457.2
2025-04-20,G002,Bread Loaf,Bakery,South,198,43.9,10.0,0.0,7822.98
2025-12-02,G001,Milk 1L,Dairy,East,486,54.04,0.0,244.57,26263.44
2025-09-24,G006,Bananas 1kg,Produce,North,152,40.37,0.0,0.0,6136.24
2025-01-24,G003,Eggs (12),Dairy,South,75,89.82,0.0,0.0,6736.5
2025-04-30,G003,Eggs (12),Dairy,South,88,86.53,0.0,0.0,7614.64
2025-01-23,G003,Eggs (12),Dairy,West,63,90.89,0.0,0.0,5726.07
2025-06-29,G003,Eggs (12),Dairy,East,226,86.51,0.0,0.0,19551.26
2025-03-24,G005,Cooking Oil 1L,Staples,North,78,141.05,5.0,0.0,10451.81
2025-09-11,G006,Bananas 1kg,Produce,West,118,39.42,0.0,0.0,4651.56
2025-10-28,G001,Milk 1L,Dairy,South,127,53.25,0.0,0.0,6762.75
2025-05-15,G006,Bananas 1kg,Produce,South,125,40.17,5.0,0.0,4770.19
2025-06-25,G006,Bananas 1kg,Produce,West,123,40.56,5.0,0.0,4739.44
2025-05-21,G004,Rice 5kg,Staples,West,45,315.34,0.0,0.0,14190.3
2025-01-28,G001,Milk 1L,Dairy,East,220,56.68,0.0,0.0,12469.6
2025-04-03,G005,Cooking Oil 1L,Staples,West,108,138.73,0.0,0.0,14982.84
2025-04-03,G004,Rice 5kg,Staples,North,69,315.21,10.0,0.0,19574.54
2025-10-23,G005,Cooking Oil 1L,Staples,North,87,141.35,10.0,0.0,11067.7
2025-07-22,G006,Bananas 1kg,Produce,East,119,41.59,5.0,0.0,4701.75
2025-03-09,G004,Rice 5kg,Staples,West,62,308.89,0.0,0.0,19151.18
2025-01-26,G003,Eggs (12),Dairy,North,128,92.09,0.0,0.0,11787.52
2025-11-06,G006,Bananas 1kg,Produce,North,170,41.35,0.0,0.0,7029.5
2025-09-08,G003,Eggs (12),Dairy,West,70,90.54,5.0,0.0,6020.91
2025-09-16,G003,Eggs (12),Dairy,East,74,87.45,0.0,0.0,6471.3
2025-03-12,G006,Bananas 1kg,Produce,West,71,39.72,0.0,0.0,2820.12
2025-12-30,G001,Milk 1L,Dairy,West,327,54.06,0.0,0.0,17677.62
2025-06-13,G002,Bread Loaf,Bakery,North,125,45.29,0.0,0.0,5661.25
2025-08-20,G005,Cooking Oil 1L,Staples,East,54,143.48,0.0,0.0,7747.92
2025-11-11,G005,Cooking Oil 1L,Staples,West,103,143.16,0.0,0.0,14745.48
2025-07-03,G004,Rice 5kg,Staples,West,93,330.88,0.0,0.0,30771.84
2025-04-12,G001,Milk 1L,Dairy,West,266,55.29,0.0,0.0,14707.14
2025-01-27,G007,Instant Noodles,Packaged Foods,North,271,17.66,0.0,0.0,4785.86
2025-06-21,G007,Instant Noodles,Packaged Foods,East,259,17.55,0.0,0.0,4545.45
2025-02-10,G004,Rice 5kg,Staples,North,49,321.23,5.0,0.0,14953.26
2025-04-06,G006,Bananas 1kg,Produce,North,138,41.15,10.0,0.0,5110.83
2025-10-30,G006,Bananas 1kg,Produce,West,96,38.42,0.0,0.0,3688.32
2025-01-09,G004,Rice 5kg,Staples,East,44,319.41,0.0,0.0,14054.04
2025-02-18,G001,Milk 1L,Dairy,West,224,53.83,0.0,0.0,12057.92
2025-04-22,G002,Bread Loaf,Bakery,South,141,43.76,0.0,499.37,6170.16
2025-12-20,G007,Instant Noodles,Packaged Foods,South,285,17.58,0.0,0.0,5010.3
2025-02-02,G007,Instant Noodles,Packaged Foods,East,697,17.44,0.0,196.86,12155.68
2025-03-26,G007,Instant Noodles,Packaged Foods,North,252,18.68,0.0,0.0,4707.36
2025-07-09,G005,Cooking Oil 1L,Staples,South,88,141.73,0.0,0.0,12472.24
2025-06-03,G001,Milk 1L,Dairy,South,263,57.03,0.0,0.0,14998.89
2025-02-27,G001,Milk 1L,Dairy,South,189,55.83,5.0,0.0,10024.28
2025-10-01,G002,Bread Loaf,Bakery,West,234,45.9,0.0,0.0,10740.6
2025-06-26,G005,Cooking Oil 1L,Staples,East,68,139.87,0.0,0.0,9511.16
2025-03-30,G006,Bananas 1kg,Produce,South,118,40.06,0.0,0.0,4727.08
2025-02-02,G004,Rice 5kg,Staples,West,134,322.52,0.0,0.0,43217.68
2025-02-27,G007,Instant Noodles,Packaged Foods,South,242,17.56,10.0,0.0,3824.57
2025-11-30,G002,Bread Loaf,Bakery,West,244,43.77,0.0,0.0,10679.88
2025-10-18,G002,Bread Loaf,Bakery,North,136,44.23,0.0,40.29,6015.28
2025-07-05,G001,Milk 1L,Dairy,East,349,54.92,0.0,0.0,19167.08
2025-04-14,G006,Bananas 1kg,Produce,West,88,41.34,0.0,0.0,3637.92
2025-12-14,G001,Milk 1L,Dairy,West,350,56.47,0.0,0.0,19764.5
2025-08-12,G007,Instant Noodles,Packaged Foods,West,228,18.26,0.0,0.0,4163.28
2025-04-27,G006,Bananas 1kg,Produce,West,116,39.7,5.0,0.0,4374.94
2025-11-27,G003,Eggs (12),Dairy,West,125,88.45,0.0,0.0,11056.25
2025-08-05,G003,Eggs (12),Dairy,East,123,90.23,0.0,0.0,11098.29
2025-11-24,G006,Bananas 1kg,Produce,North,213,40.99,0.0,0.0,8730.87
2025-08-11,G004,Rice 5kg,Staples,South,55,321.16,5.0,0.0,16780.61
2025-12-05,G002,Bread Loaf,Bakery,South,171,45.27,10.0,0.0,6967.05
2025-07-12,G007,Instant Noodles,Packaged Foods,North,417,18.17,0.0,339.22,7576.89
2025-06-08,G006,Bananas 1kg,Produce,South,78,40.9,0.0,0.0,3190.2
2025-10-30,G007,Instant Noodles,Packaged Foods,South,298,18.14,5.0,0.0,5135.43
2025-03-28,G005,Cooking Oil 1L,Staples,South,80,144.72,0.0,400.77,11577.6
2025-12-11,G005,Cooking Oil 1L,Staples,West,95,134.98,0.0,173.2,12823.1
2025-03-05,G003,Eggs (12),Dairy,West,60,91.45,0.0,309.04,5487.0
2025-05-09,G006,Bananas 1kg,Produce,East,102,41.29,0.0,0.0,4211.58
2025-03-14,G001,Milk 1L,Dairy,South,123,55.09,0.0,0.0,6776.07
2025-02-25,G001,Milk 1L,Dairy,South,117,54.79,0.0,768.43,6410.43
2025-01-16,G007,Instant Noodles,Packaged Foods,East,195,18.28,5.0,0.0,3386.37
2025-04-04,G001,Milk 1L,Dairy,South,233,53.09,10.0,0.0,11132.97
2025-01-04,G002,Bread Loaf,Bakery,East,324,46.62,5.0,0.0,14349.64
2025-11-04,G002,Bread Loaf,Bakery,West,99,46.51,0.0,0.0,4604.49
2025-05-04,G001,Milk 1L,Dairy,West,353,54.09,5.0,0.0,18139.08
2025-03-27,G006,Bananas 1kg,Produce,South,67,39.05,5.0,0.0,2485.53
2025-11-02,G007,Instant Noodles,Packaged Foods,South,574,18.56,0.0,0.0,10653.44
2025-02-24,G006,Bananas 1kg,Produce,East,144,38.97,0.0,0.0,5611.68
2025-12-05,G001,Milk 1L,Dairy,South,155,54.62,0.0,0.0,8466.1
2025-03-03,G001,Milk 1L,Dairy,East,266,54.68,10.0,0.0,13090.39
2025-09-16,G007,Instant Noodles,Packaged Foods,West,401,17.34,10.0,595.01,6258.01
2025-01-22,G006,Bananas 1kg,Produce,South,96,38.5,0.0,0.0,3696.0
2025-01-17,G002,Bread Loaf,Bakery,West,103,44.62,5.0,0.0,4366.07
2025-07-30,G006,Bananas 1kg,Produce,East,143,39.06,0.0,0.0,5585.58
2025-04-29,G007,Instant Noodles,Packaged Foods,West,383,18.0,0.0,0.0,6894.0
2025-06-19,G004,Rice 5kg,Staples,South,54,316.84,0.0,0.0,17109.36
2025-06-26,G007,Instant Noodles,Packaged Foods,North,201,18.43,0.0,0.0,3704.43
2025-09-03,G005,Cooking Oil 1L,Staples,West,90,135.33,10.0,0.0,10961.73
2025-06-30,G004,Rice 5kg,Staples,East,47,315.16,0.0,0.0,14812.52
2025-08-19,G006,Bananas 1kg,Produce,West,92,38.66,0.0,0.0,3556.72
2025-12-03,G001,Milk 1L,Dairy,South,308,54.42,0.0,0.0,16761.36
2025-04-05,G001,Milk 1L,Dairy,South,181,54.1,0.0,0.0,9792.1
2025-12-23,G005,Cooking Oil 1L,Staples,West,93,140.77,0.0,0.0,13091.61
2025-05-10,G003,Eggs (12),Dairy,East,185,86.42,10.0,0.0,14388.93
2025-03-10,G001,Milk 1L,Dairy,North,296,53.35,5.0,0.0,15002.02
2025-10-18,G005,Cooking Oil 1L,Staples,South,82,134.85,0.0,482.53,11057.7
2025-06-10,G005,Cooking Oil 1L,Staples,West,106,140.43,0.0,0.0,14885.58
2025-11-11,G004,Rice 5kg,Staples,East,37,316.53,0.0,0.0,11711.61
2025-05-21,G006,Bananas 1kg,Produce,West,114,41.45,0.0,0.0,4725.3
2025-07-16,G001,Milk 1L,Dairy,East,209,55.17,0.0,0.0,11530.53
2025-07-26,G005,Cooking Oil 1L,Staples,West,128,134.74,5.0,0.0,16384.38
2025-08-26,G005,Cooking Oil 1L,Staples,East,90,136.24,0.0,0.0,12261.6
2025-01-02,G007,Instant Noodles,Packaged Foods,West,432,17.59,0.0,0.0,7598.88
2025-07-20,G003,Eggs (12),Dairy,West,109,90.38,0.0,0.0,9851.42
2025-03-17,G003,Eggs (12),Dairy,North,54,89.04,5.0,506.45,4567.75
2025-04-09,G007,Instant Noodles,Packaged Foods,North,241,17.95,0.0,0.0,4325.95
2025-04-03,G007,Instant Noodles,Packaged Foods,East,528,17.64,0.0,0.0,9313.92
2025-02-05,G005,Cooking Oil 1L,Staples,West,78,143.61,0.0,0.0,11201.58
2025-07-27,G004,Rice 5kg,Staples,South,71,332.47,0.0,0.0,23605.37
2025-02-17,G004,Rice 5kg,Staples,South,67,331.99,0.0,752.75,22243.33
2025-05-19,G001,Milk 1L,Dairy,West,308,56.87,0.0,0.0,17515.96
2025-03-31,G001,Milk 1L,Dairy,West,318,53.06,0.0,194.69,16873.08
2025-01-01,G007,Instant Noodles,Packaged Foods,East,515,18.15,0.0,604.88,9347.25
2025-06-06,G001,Milk 1L,Dairy,South,183,56.93,0.0,0.0,10418.19
2025-04-17,G007,Instant Noodles,Packaged Foods,North,234,17.39,0.0,458.19,4069.26
2025-12-21,G006,Bananas 1kg,Produce,West,171,40.28,10.0,0.0,6199.09
2025-02-17,G002,Bread Loaf,Bakery,East,160,43.65,0.0,0.0,6984.0
2025-06-05,G004,Rice 5kg,Staples,East,45,312.24,0.0,0.0,14050.8
2025-07-23,G007,Instant Noodles,Packaged Foods,South,297,17.68,0.0,0.0,5250.96
2025-11-27,G002,Bread Loaf,Bakery,East,162,43.76,0.0,0.0,7089.12
2025-01-20,G001,Milk 1L,Dairy,East,260,53.55,0.0,0.0,13923.0
2025-04-15,G004,Rice 5kg,Staples,South,47,316.06,0.0,0.0,14854.82
2025-12-11,G007,Instant Noodles,Packaged Foods,South,304,17.97,5.0,0.0,5189.74
2025-09-04,G007,Instant Noodles,Packaged Foods,West,279,17.51,0.0,0.0,4885.29
2025-02-01,G001,Milk 1L,Dairy,South,375,53.97,0.0,0.0,20238.75
2025-03-23,G004,Rice 5kg,Staples,East,44,321.64,0.0,0.0,14152.16
2025-06-27,G002,Bread Loaf,Bakery,South,132,44.08,0.0,0.0,5818.56
2025-06-19,G002,Bread Loaf,Bakery,West,146,45.53,5.0,0.0,6315.01
2025-08-29,G001,Milk 1L,Dairy,South,171,53.3,0.0,0.0,9114.3
2025-01-23,G006,Bananas 1kg,Produce,North,210,38.87,0.0,0.0,8162.7
2025-12-09,G004,Rice 5kg,Staples,North,53,310.05,5.0,0.0,15611.02
2025-04-22,G006,Bananas 1kg,Produce,East,124,40.68,0.0,0.0,5044.32
2025-09-19,G001,Milk 1L,Dairy,West,181,54.95,0.0,0.0,9945.95
2025-10-05,G001,Milk 1L,Dairy,South,261,55.38,0.0,415.1,14454.18
2025-11-20,G003,Eggs (12),Dairy,West,127,89.74,0.0,0.0,11396.98
2025-12-13,G004,Rice 5kg,Staples,East,80,321.09,0.0,0.0,25687.2
2025-12-29,G001,Milk 1L,Dairy,South,190,54.55,0.0,0.0,10364.5
2025-01-26,G005,Cooking Oil 1L,Staples,West,133,137.86,5.0,0.0,17418.61
2025-07-30,G001,Milk 1L,Dairy,North,236,57.03,0.0,0.0,13459.08
2025-01-27,G001,Milk 1L,Dairy,West,191,54.05,0.0,0.0,10323.55
2025-08-27,G005,Cooking Oil 1L,Staples,West,98,137.84,0.0,0.0,13508.32
2025-08-24,G004,Rice 5kg,Staples,West,96,317.94,5.0,0.0,28996.13
2025-09-17,G002,Bread Loaf,Bakery,North,183,45.53,0.0,445.13,8331.99
2025-05-25,G005,Cooking Oil 1L,Staples,North,103,138.24,0.0,0.0,14238.72
2025-07-26,G004,Rice 5kg,Staples,South,95,318.89,0.0,0.0,30294.55
2025-12-02,G006,Bananas 1kg,Produce,North,319,41.12,0.0,0.0,13117.28
2025-01-07,G001,Milk 1L,Dairy,North,103,55.57,10.0,0.0,5151.34
2025-03-29,G002,Bread Loaf,Bakery,South,305,43.24,0.0,0.0,13188.2
2025-05-15,G005,Cooking Oil 1L,Staples,South,83,139.84,0.0,0.0,11606.72
2025-01-16,G007,Instant Noodles,Packaged Foods,North,200,17.42,5.0,0.0,3309.8
2025-09-21,G002,Bread Loaf,Bakery,West,143,44.58,0.0,0.0,6374.94
2025-04-25,G003,Eggs (12),Dairy,South,90,93.39,0.0,0.0,8405.1
2025-03-12,G004,Rice 5kg,Staples,East,36,323.65,0.0,0.0,11651.4
2025-06-07,G004,Rice 5kg,Staples,West,86,308.62,0.0,0.0,26541.32
2025-04-06,G005,Cooking Oil 1L,Staples,East,48,142.93,0.0,0.0,6860.64
2025-11-17,G004,Rice 5kg,Staples,North,50,324.93,0.0,0.0,16246.5
2025-10-24,G005,Cooking Oil 1L,Staples,South,88,136.12,0.0,0.0,11978.56
2025-10-01,G007,Instant Noodles,Packaged Foods,North,209,17.86,0.0,0.0,3732.74
2025-10-08,G002,Bread Loaf,Bakery,South,123,46.38,0.0,0.0,5704.74
2025-11-22,G002,Bread Loaf,Bakery,East,224,45.01,0.0,0.0,10082.24
2025-08-09,G003,Eggs (12),Dairy,North,140,92.01,0.0,0.0,12881.4
2025-05-05,G002,Bread Loaf,Bakery,East,150,43.7,0.0,0.0,6555.0
2025-10-31,G004,Rice 5kg,Staples,East,39,332.18,0.0,647.17,12955.02
2025-01-31,G001,Milk 1L,Dairy,East,308,53.41,0.0,0.0,16450.28
2025-06-11,G006,Bananas 1kg,Produce,East,166,38.66,5.0,0.0,6096.68
2025-07-01,G004,Rice 5kg,Staples,East,64,317.02,0.0,0.0,20289.28
2025-03-30,G004,Rice 5kg,Staples,North,89,326.05,0.0,0.0,29018.45
2025-12-25,G004,Rice 5kg,Staples,West,66,317.25,10.0,0.0,18844.65
2025-11-27,G007,Instant Noodles,Packaged Foods,East,286,18.5,0.0,0.0,5291.0
2025-12-05,G004,Rice 5kg,Staples,North,70,331.65,0.0,0.0,23215.5
2025-09-02,G006,Bananas 1kg,Produce,West,154,40.39,0.0,0.0,6220.06
2025-07-11,G002,Bread Loaf,Bakery,North,98,43.82,0.0,0.0,4294.36
2025-11-02,G002,Bread Loaf,Bakery,West,270,44.32,0.0,0.0,11966.4
2025-03-08,G002,Bread Loaf,Bakery,North,179,43.81,0.0,0.0,7841.99
2025-02-25,G007,Instant Noodles,Packaged Foods,North,285,17.64,0.0,0.0,5027.4
2025-07-13,G002,Bread Loaf,Bakery,East,271,46.03,0.0,0.0,12474.13
2025-04-05,G004,Rice 5kg,Staples,East,60,320.45,0.0,0.0,19227.0
2025-04-20,G001,Milk 1L,Dairy,North,315,55.26,0.0,0.0,17406.9
2025-07-04,G001,Milk 1L,Dairy,East,188,55.76,0.0,0.0,10482.88
2025-02-02,G002,Bread Loaf,Bakery,East,205,44.28,0.0,0.0,9077.4
2025-11-19,G001,Milk 1L,Dairy,East,287,54.06,5.0,0.0,14739.46
2025-10-16,G002,Bread Loaf,Bakery,North,149,43.92,0.0,0.0,6544.08
2025-03-02,G001,Milk 1L,Dairy,East,503,56.96,0.0,0.0,28650.88
2025-12-23,G004,Rice 5kg,Staples,South,44,327.81,0.0,0.0,14423.64
2025-11-20,G005,Cooking Oil 1L,Staples,South,58,135.89,0.0,0.0,7881.62
2025-06-21,G005,Cooking Oil 1L,Staples,West,102,140.54,0.0,0.0,14335.08
2025-02-19,G007,Instant Noodles,Packaged Foods,South,243,17.55,0.0,0.0,4264.65
2025-02-28,G002,Bread Loaf,Bakery,East,179,46.62,0.0,0.0,8344.98
2025-12-27,G003,Eggs (12),Dairy,East,190,87.45,10.0,0.0,14953.95
2025-05-11,G002,Bread Loaf,Bakery,West,194,43.86,0.0,0.0,8508.84
2025-10-27,G005,Cooking Oil 1L,Staples,South,48,144.99,0.0,0.0,6959.52
2025-01-30,G001,Milk 1L,Dairy,East,295,56.44,0.0,0.0,16649.8
2025-07-27,G005,Cooking Oil 1L,Staples,South,119,135.84,0.0,0.0,16164.96
2025-03-08,G001,Milk 1L,Dairy,East,395,54.27,0.0,0.0,21436.65
2025-06-14,G004,Rice 5kg,Staples,North,54,308.6,0.0,0.0,16664.4
2025-03-20,G001,Milk 1L,Dairy,West,245,54.32,0.0,0.0,13308.4
2025-03-10,G007,Instant Noodles,Packaged Foods,South,238,17.76,0.0,0.0,4226.88
2025-05-30,G002,Bread Loaf,Bakery,East,112,46.42,0.0,0.0,5199.04
2025-10-07,G004,Rice 5kg,Staples,South,63,315.57,0.0,0.0,19880.91
2025-10-20,G005,Cooking Oil 1L,Staples,North,95,139.0,0.0,0.0,13205.0
2025-05-23,G002,Bread Loaf,Bakery,West,169,45.78,0.0,0.0,7736.82
2025-06-22,G007,Instant Noodles,Packaged Foods,North,465,18.24,0.0,0.0,8481.6
2025-05-29,G003,Eggs (12),Dairy,West,113,91.86,5.0,0.0,9861.17
2025-05-09,G005,Cooking Oil 1L,Staples,North,91,135.78,0.0,0.0,12355.98
2025-03-16,G006,Bananas 1kg,Produce,East,276,41.17,0.0,0.0,11362.92
2025-10-17,G004,Rice 5kg,Staples,East,63,311.28,5.0,0.0,18630.11
2025-03-05,G002,Bread Loaf,Bakery,East,179,45.53,0.0,0.0,8149.87
2025-07-09,G002,Bread Loaf,Bakery,South,171,43.78,0.0,0.0,7486.38
2025-01-28,G007,Instant Noodles,Packaged Foods,South,304,17.78,0.0,0.0,5405.12
2025-10-21,G007,Instant Noodles,Packaged Foods,North,284,18.13,0.0,0.0,5148.92
2025-04-01,G005,Cooking Oil 1L,Staples,North,124,144.95,0.0,0.0,17973.8
2025-07-02,G007,Instant Noodles,Packaged Foods,North,438,17.42,5.0,32.32,7248.46
2025-09-27,G006,Bananas 1kg,Produce,East,270,41.42,0.0,0.0,11183.4
2025-01-14,G007,Instant Noodles,Packaged Foods,East,322,18.71,5.0,0.0,5723.39
2025-11-02,G006,Bananas 1kg,Produce,North,476,40.95,0.0,0.0,19492.2
2025-09-10,G006,Bananas 1kg,Produce,West,63,40.4,0.0,0.0,2545.2
2025-06-20,G003,Eggs (12),Dairy,South,113,93.0,0.0,0.0,10509.0
2025-12-21,G001,Milk 1L,Dairy,East,282,56.89,0.0,0.0,16042.98
2025-08-22,G001,Milk 1L,Dairy,East,255,55.25,0.0,0.0,14088.75
2025-10-16,G006,Bananas 1kg,Produce,North,151,39.41,0.0,0.0,5950.91
2025-01-06,G006,Bananas 1kg,Produce,West,106,39.32,0.0,0.0,4167.92
2025-06-11,G003,Eggs (12),Dairy,West,84,92.6,0.0,0.0,7778.4
2025-04-30,G002,Bread Loaf,Bakery,West,109,45.54,0.0,0.0,4963.86
2025-04-18,G005,Cooking Oil 1L,Staples,South,62,137.83,0.0,0.0,8545.46
2025-01-09,G006,Bananas 1kg,Produce,West,57,39.77,0.0,0.0,2266.89
2025-06-01,G006,Bananas 1kg,Produce,West,185,38.57,0.0,0.0,7135.45
2025-01-20,G006,Bananas 1kg,Produce,South,87,40.16,10.0,0.0,3144.53
2025-07-30,G003,Eggs (12),Dairy,West,128,90.23,0.0,677.03,11549.44
2025-03-24,G007,Instant Noodles,Packaged Foods,South,265,17.67,0.0,0.0,4682.55
2025-01-03,G001,Milk 1L,Dairy,East,222,53.8,0.0,0.0,11943.6
2025-06-22,G004,Rice 5kg,Staples,East,63,329.48,10.0,0.0,18681.52
2025-08-20,G002,Bread Loaf,Bakery,South,168,44.34,0.0,0.0,7449.12
2025-04-18,G005,Cooking Oil 1L,Staples,East,77,145.56,0.0,0.0,11208.12
2025-06-02,G007,Instant Noodles,Packaged Foods,South,463,18.53,0.0,165.79,8579.39
2025-12-31,G004,Rice 5kg,Staples,South,63,308.24,0.0,163.58,19419.12
2025-01-22,G007,Instant Noodles,Packaged Foods,West,381,18.35,10.0,0.0,6292.22
2025-12-30,G002,Bread Loaf,Bakery,North,141,45.59,0.0,0.0,6428.19
2025-12-30,G002,Bread Loaf,Bakery,West,221,44.45,0.0,0.0,9823.45
2025-11-01,G002,Bread Loaf,Bakery,South,296,44.35,0.0,0.0,13127.6
2025-11-15,G002,Bread Loaf,Bakery,West,235,45.06,5.0,0.0,10059.65
2025-08-24,G002,Bread Loaf,Bakery,East,296,43.69,0.0,0.0,12932.24
2025-10-28,G003,Eggs (12),Dairy,North,57,88.04,0.0,0.0,5018.28
2025-03-04,G002,Bread Loaf,Bakery,West,166,44.2,0.0,0.0,7337.2
2025-03-20,G001,Milk 1L,Dairy,North,219,54.76,0.0,0.0,11992.44
2025-09-26,G004,Rice 5kg,Staples,North,59,330.24,0.0,0.0,19484.16
2025-12-17,G005,Cooking Oil 1L,Staples,East,99,145.48,0.0,0.0,14402.52
2025-08-14,G006,Bananas 1kg,Produce,East,147,40.73,10.0,316.23,5388.58
2025-07-13,G001,Milk 1L,Dairy,West,404,53.41,0.0,491.5,21577.64
2025-06-12,G003,Eggs (12),Dairy,East,156,88.22,0.0,0.0,13762.32
2025-08-28,G001,Milk 1L,Dairy,North,273,55.09,0.0,0.0,15039.57
2025-12-13,G001,Milk 1L,Dairy,North,364,56.55,10.0,0.0,18525.78
2025-05-24,G005,Cooking Oil 1L,Staples,East,125,145.38,0.0,244.95,18172.5
2025-07-08,G005,Cooking Oil 1L,Staples,West,58,138.63,0.0,255.3,8040.54
2025-02-22,G002,Bread Loaf,Bakery,North,156,44.01,0.0,0.0,6865.56
2025-11-05,G004,Rice 5kg,Staples,North,58,310.83,0.0,0.0,18028.14
2025-06-22,G005,Cooking Oil 1L,Staples,North,138,142.94,0.0,222.71,19725.72
2025-06-12,G001,Milk 1L,Dairy,South,99,56.21,0.0,386.13,5564.79
2025-05-26,G004,Rice 5kg,Staples,East,38,323.81,0.0,0.0,12304.78
2025-05-23,G007,Instant Noodles,Packaged Foods,West,271,17.96,10.0,0.0,4380.44
2025-05-18,G005,Cooking Oil 1L,Staples,South,94,136.38,0.0,0.0,12819.72
2025-04-21,G001,Milk 1L,Dairy,East,125,53.4,0.0,0.0,6675.0
2025-08-02,G003,Eggs (12),Dairy,North,183,89.42,0.0,0.0,16363.86
2025-04-06,G003,Eggs (12),Dairy,East,89,92.21,10.0,727.93,7386.02
2025-08-10,G005,Cooking Oil 1L,Staples,East,144,138.18,0.0,0.0,19897.92
2025-12-07,G006,Bananas 1kg,Produce,South,158,40.51,0.0,0.0,6400.58
2025-05-02,G007,Instant Noodles,Packaged Foods,East,340,17.73,0.0,400.26,6028.2
2025-01-02,G002,Bread Loaf,Bakery,South,155,45.34,0.0,0.0,7027.7
2025-11-23,G001,Milk 1L,Dairy,South,209,56.83,0.0,0.0,11877.47
2025-10-20,G006,Bananas 1kg,Produce,North,238,38.86,0.0,0.0,9248.68
2025-09-29,G005,Cooking Oil 1L,Staples,North,83,138.6,0.0,0.0,11503.8
2025-07-31,G003,Eggs (12),Dairy,West,104,89.64,10.0,0.0,8390.3
2025-08-09,G001,Milk 1L,Dairy,East,389,56.74,0.0,0.0,22071.86
2025-03-12,G007,Instant Noodles,Packaged Foods,East,267,18.31,0.0,0.0,4888.77
2025-10-08,G005,Cooking Oil 1L,Staples,South,87,141.11,0.0,0.0,12276.57
2025-05-28,G004,Rice 5kg,Staples,North,59,320.02,5.0,0.0,17937.12
2025-11-25,G005,Cooking Oil 1L,Staples,North,84,141.75,0.0,0.0,11907.0
2025-07-05,G002,Bread Loaf,Bakery,West,169,44.02,0.0,0.0,7439.38
2025-08-24,G007,Instant Noodles,Packaged Foods,East,437,17.39,5.0,0.0,7219.46
2025-10-25,G002,Bread Loaf,Bakery,South,171,44.79,0.0,26.1,7659.09
2025-03-31,G002,Bread Loaf,Bakery,West,144,45.13,10.0,0.0,5848.85
2025-06-25,G006,Bananas 1kg,Produce,South,107,39.7,0.0,14.36,4247.9
2025-10-24,G006,Bananas 1kg,Produce,North,148,39.62,0.0,493.27,5863.76
2025-11-09,G007,Instant Noodles,Packaged Foods,East,260,17.36,5.0,0.0,4287.92
2025-05-04,G007,Instant Noodles,Packaged Foods,North,229,17.88,0.0,0.0,4094.52
2025-05-04,G001,Milk 1L,Dairy,East,186,55.5,0.0,0.0,10323.0
2025-11-11,G007,Instant Noodles,Packaged Foods,West,393,18.59,0.0,0.0,7305.87
2025-08-17,G002,Bread Loaf,Bakery,South,180,44.06,0.0,0.0,7930.8
2025-09-11,G004,Rice 5kg,Staples,East,50,308.33,0.0,0.0,15416.5
2025-10-19,G001,Milk 1L,Dairy,East,419,57.18,0.0,0.0,23958.42
2025-07-16,G006,Bananas 1kg,Produce,East,146,40.7,0.0,685.34,5942.2
2025-12-12,G006,Bananas 1kg,Produce,West,70,40.42,5.0,0.0,2687.93
2025-08-18,G002,Bread Loaf,Bakery,West,134,44.03,0.0,569.42,5900.02
2025-09-24,G001,Milk 1L,Dairy,West,189,57.04,0.0,0.0,10780.56
2025-12-24,G005,Cooking Oil 1L,Staples,North,67,145.46,5.0,0.0,9258.53
2025-09-28,G005,Cooking Oil 1L,Staples,East,107,137.11,5.0,0.0,13937.23
2025-09-09,G006,Bananas 1kg,Produce,East,192,41.32,0.0,0.0,7933.44
2025-05-10,G005,Cooking Oil 1L,Staples,East,113,136.56,10.0,0.0,13888.15
2025-12-19,G005,Cooking Oil 1L,Staples,South,79,136.19,0.0,0.0,10759.01
2025-03-20,G004,Rice 5kg,Staples,South,42,326.86,0.0,0.0,13728.12
2025-02-21,G006,Bananas 1kg,Produce,West,100,41.53,0.0,0.0,4153.0
2025-03-08,G002,Bread Loaf,Bakery,West,167,46.06,0.0,0.0,7692.02
2025-01-20,G004,Rice 5kg,Staples,East,43,315.79,0.0,0.0,13578.97
2025-01-11,G007,Instant Noodles,Packaged Foods,South,416,17.97,10.0,0.0,6727.97
2025-04-14,G003,Eggs (12),Dairy,South,44,88.64,0.0,0.0,3900.16
2025-11-09,G006,Bananas 1kg,Produce,South,180,39.01,0.0,0.0,7021.8
2025-10-15,G004,Rice 5kg,Staples,North,68,321.99,0.0,0.0,21895.32
2025-07-06,G002,Bread Loaf,Bakery,North,226,45.5,0.0,0.0,10283.0
2025-07-29,G006,Bananas 1kg,Produce,East,170,41.06,0.0,0.0,6980.2
2025-01-15,G003,Eggs (12),Dairy,West,97,90.49,0.0,760.24,8777.53
2025-12-11,G002,Bread Loaf,Bakery,West,120,44.15,0.0,649.72,5298.0
2025-09-15,G004,Rice 5kg,Staples,South,49,320.16,0.0,0.0,15687.84
2025-08-29,G006,Bananas 1kg,Produce,East,170,40.7,0.0,0.0,6919.0
2025-05-02,G005,Cooking Oil 1L,Staples,North,100,141.29,0.0,0.0,14129.0
2025-09-13,G004,Rice 5kg,Staples,South,78,324.56,0.0,0.0,25315.68
2025-07-01,G002,Bread Loaf,Bakery,South,222,43.29,0.0,0.0,9610.38
2025-02-22,G002,Bread Loaf,Bakery,South,202,43.29,0.0,0.0,8744.58
2025-05-28,G007,Instant Noodles,Packaged Foods,West,195,18.63,10.0,560.07,3269.57
2025-07-02,G004,Rice 5kg,Staples,South,100,330.65,10.0,587.29,29758.5
2025-11-14,G006,Bananas 1kg,Produce,South,123,40.65,0.0,0.0,4999.95
2025-06-08,G003,Eggs (12),Dairy,West,122,91.82,0.0,0.0,11202.04
2025-06-25,G002,Bread Loaf,Bakery,North,158,43.61,10.0,0.0,6201.34
2025-08-14,G007,Instant Noodles,Packaged Foods,South,207,17.48,0.0,789.09,3618.36
2025-11-19,G005,Cooking Oil 1L,Staples,East,83,145.37,0.0,0.0,12065.71
2025-02-17,G001,Milk 1L,Dairy,East,234,56.96,0.0,0.0,13328.64
2025-05-21,G001,Milk 1L,Dairy,North,232,56.83,5.0,0.0,12525.33
2025-04-13,G007,Instant Noodles,Packaged Foods,West,317,17.88,5.0,0.0,5384.56
2025-07-22,G001,Milk 1L,Dairy,West,210,53.19,0.0,0.0,11169.9
2025-07-25,G004,Rice 5kg,Staples,West,54,317.53,5.0,224.5,16289.29
2025-06-25,G005,Cooking Oil 1L,Staples,North,121,145.23,10.0,0.0,15815.55
2025-09-30,G002,Bread Loaf,Bakery,West,110,46.63,0.0,0.0,5129.3
2025-11-19,G007,Instant Noodles,Packaged Foods,North,183,18.39,0.0,0.0,3365.37
2025-07-24,G006,Bananas 1kg,Produce,North,189,39.93,0.0,737.95,7546.77
2025-10-28,G006,Bananas 1kg,Produce,North,194,40.94,0.0,0.0,7942.36
2025-05-15,G003,Eggs (12),Dairy,South,87,87.73,0.0,779.23,7632.51
2025-06-30,G001,Milk 1L,Dairy,West,226,54.32,5.0,0.0,11662.5
2025-09-25,G006,Bananas 1kg,Produce,West,106,39.83,10.0,0.0,3799.78
2025-02-14,G003,Eggs (12),Dairy,West,90,87.32,0.0,658.82,7858.8
2025-02-26,G007,Instant Noodles,Packaged Foods,East,242,17.99,0.0,26.75,4353.58
2025-02-20,G001,Milk 1L,Dairy,North,275,55.56,0.0,0.0,15279.0
2025-12-11,G004,Rice 5kg,Staples,East,51,307.92,5.0,0.0,14918.72
2025-06-28,G007,Instant Noodles,Packaged Foods,West,568,18.19,0.0,0.0,10331.92
2025-10-04,G003,Eggs (12),Dairy,North,105,92.08,0.0,0.0,9668.4
2025-09-06,G004,Rice 5kg,Staples,North,89,307.4,0.0,0.0,27358.6
2025-12-31,G007,Instant Noodles,Packaged Foods,North,240,17.68,0.0,0.0,4243.2
2025-03-19,G003,Eggs (12),Dairy,East,109,90.8,0.0,0.0,9897.2
2025-09-13,G005,Cooking Oil 1L,Staples,South,80,143.71,0.0,0.0,11496.8
2025-03-29,G007,Instant Noodles,Packaged Foods,East,315,17.82,0.0,0.0,5613.3
2025-11-21,G004,Rice 5kg,Staples,South,61,329.95,0.0,0.0,20126.95
2025-02-23,G006,Bananas 1kg,Produce,West,179,41.21,0.0,0.0,7376.59
2025-10-06,G002,Bread Loaf,Bakery,North,136,45.73,0.0,0.0,6219.28
2025-05-12,G002,Bread Loaf,Bakery,East,205,43.6,0.0,0.0,8938.0
2025-08-09,G005,Cooking Oil 1L,Staples,West,111,142.9,0.0,0.0,15861.9
2025-01-11,G002,Bread Loaf,Bakery,West,117,44.96,0.0,0.0,5260.32
2025-11-07,G007,Instant Noodles,Packaged Foods,West,312,18.24,0.0,710.87,5690.88
2025-08-23,G004,Rice 5kg,Staples,North,103,317.9,0.0,0.0,32743.7
2025-10-18,G005,Cooking Oil 1L,Staples,North,130,136.15,5.0,0.0,16814.52
2025-10-28,G006,Bananas 1kg,Produce,East,166,39.89,10.0,782.84,5959.57
2025-06-01,G005,Cooking Oil 1L,Staples,South,142,134.67,0.0,0.0,19123.14
2025-03-25,G007,Instant Noodles,Packaged Foods,North,272,18.0,0.0,0.0,4896.0
2025-12-04,G007,Instant Noodles,Packaged Foods,East,252,17.51,0.0,0.0,4412.52
2025-03-24,G006,Bananas 1kg,Produce,West,93,40.31,5.0,70.58,3561.39
2025-01-18,G003,Eggs (12),Dairy,North,71,89.27,0.0,688.84,6338.17
2025-05-04,G004,Rice 5kg,Staples,East,45,314.81,0.0,0.0,14166.45
2025-11-06,G003,Eggs (12),Dairy,South,96,89.08,0.0,53.72,8551.68
2025-04-15,G007,Instant Noodles,Packaged Foods,North,272,17.44,0.0,254.2,4743.68
2025-03-20,G005,Cooking Oil 1L,Staples,West,76,141.73,0.0,0.0,10771.48
2025-05-12,G007,Instant Noodles,Packaged Foods,East,281,17.31,0.0,0.0,4864.11
2025-12-30,G005,Cooking Oil 1L,Staples,West,91,143.92,0.0,0.0,13096.72
2025-04-11,G007,Instant Noodles,Packaged Foods,East,365,18.12,0.0,0.0,6613.8
2025-11-25,G005,Cooking Oil 1L,Staples,East,47,135.84,0.0,0.0,6384.48
2025-09-01,G001,Milk 1L,Dairy,West,455,54.81,10.0,0.0,22444.69
2025-08-04,G003,Eggs (12),Dairy,West,89,92.39,10.0,0.0,7400.44
2025-12-26,G005,Cooking Oil 1L,Staples,East,77,143.64,0.0,755.83,11060.28
2025-11-13,G005,Cooking Oil 1L,Staples,North,120,141.87,0.0,0.0,17024.4
2025-01-19,G006,Bananas 1kg,Produce,South,123,40.73,0.0,0.0,5009.79
2025-03-21,G005,Cooking Oil 1L,Staples,East,64,141.29,5.0,731.74,8590.43
2025-08-07,G006,Bananas 1kg,Produce,East,177,41.1,10.0,0.0,6547.23
2025-08-18,G006,Bananas 1kg,Produce,West,106,39.38,0.0,0.0,4174.28
2025-10-20,G002,Bread Loaf,Bakery,North,136,45.9,5.0,44.49,5930.28
2025-08-18,G001,Milk 1L,Dairy,South,165,53.91,0.0,703.97,8895.15
2025-12-26,G004,Rice 5kg,Staples,South,78,315.86,10.0,649.55,22173.37
2025-02-28,G005,Cooking Oil 1L,Staples,North,83,142.28,5.0,0.0,11218.78
2025-12-26,G003,Eggs (12),Dairy,North,69,88.94,10.0,0.0,5523.17
2025-11-29,G002,Bread Loaf,Bakery,South,190,46.6,0.0,0.0,8854.0
2025-06-23,G003,Eggs (12),Dairy,South,74,90.06,0.0,0.0,6664.44
2025-09-23,G007,Instant Noodles,Packaged Foods,West,146,17.86,0.0,0.0,2607.56
2025-09-21,G005,Cooking Oil 1L,Staples,West,131,143.7,0.0,0.0,18824.7
2025-05-04,G005,Cooking Oil 1L,Staples,South,148,145.47,0.0,0.0,21529.56
2025-09-20,G007,Instant Noodles,Packaged Foods,South,395,17.75,0.0,0.0,7011.25
2025-11-09,G005,Cooking Oil 1L,Staples,West,116,142.79,0.0,0.0,16563.64
2025-03-23,G004,Rice 5kg,Staples,North,62,308.97,0.0,0.0,19156.14
2025-07-21,G007,Instant Noodles,Packaged Foods,North,288,18.38,0.0,0.0,5293.44
2025-12-20,G003,Eggs (12),Dairy,North,167,90.8,0.0,648.98,15163.6
2025-01-28,G001,Milk 1L,Dairy,North,227,56.37,0.0,335.12,12795.99
2025-06-23,G005,Cooking Oil 1L,Staples,East,64,143.58,0.0,766.22,9189.12
2025-10-10,G001,Milk 1L,Dairy,North,202,55.62,0.0,0.0,11235.24
2025-08-07,G003,Eggs (12),Dairy,West,91,91.21,0.0,0.0,8300.11
2025-03-15,G004,Rice 5kg,Staples,West,69,326.89,0.0,0.0,22555.41
2025-03-24,G004,Rice 5kg,Staples,North,54,327.76,0.0,0.0,17699.04
2025-11-18,G005,Cooking Oil 1L,Staples,North,79,138.65,10.0,0.0,9858.02
2025-09-25,G005,Cooking Oil 1L,Staples,South,85,140.54,5.0,0.0,11348.6
2025-11-30,G003,Eggs (12),Dairy,West,138,86.82,0.0,0.0,11981.16
2025-01-15,G003,Eggs (12),Dairy,East,117,87.4,5.0,0.0,9714.51
2025-01-15,G004,Rice 5kg,Staples,East,26,329.27,10.0,0.0,7704.92
2025-11-08,G004,Rice 5kg,Staples,South,72,322.77,0.0,0.0,23239.44
2025-05-02,G003,Eggs (12),Dairy,South,142,87.24,5.0,0.0,11768.68
2025-12-21,G007,Instant Noodles,Packaged Foods,East,367,18.71,0.0,0.0,6866.57
2025-04-06,G006,Bananas 1kg,Produce,East,196,40.66,10.0,0.0,7172.42
2025-08-19,G007,Instant Noodles,Packaged Foods,North,283,17.9,0.0,0.0,5065.7
2025-12-26,G003,Eggs (12),Dairy,West,105,89.55,0.0,0.0,9402.75
2025-02-10,G007,Instant Noodles,Packaged Foods,West,294,18.43,0.0,0.0,5418.42
2025-01-25,G004,Rice 5kg,Staples,North,41,331.04,0.0,0.0,13572.64
2025-02-21,G004,Rice 5kg,Staples,South,73,320.53,10.0,0.0,21058.82
2025-09-27,G002,Bread Loaf,Bakery,East,147,46.66,0.0,233.31,6859.02
2025-12-19,G007,Instant Noodles,Packaged Foods,East,274,18.08,5.0,0.0,4706.22
2025-08-07,G002,Bread Loaf,Bakery,East,233,46.09,0.0,0.0,10738.97
2025-09-21,G003,Eggs (12),Dairy,East,176,93.38,0.0,0.0,16434.88
2025-01-31,G001,Milk 1L,Dairy,West,249,53.98,5.0,0.0,12768.97
2025-01-03,G005,Cooking Oil 1L,Staples,North,98,143.61,5.0,0.0,13370.09
2025-06-01,G004,Rice 5kg,Staples,West,87,311.72,0.0,0.0,27119.64
2025-12-24,G006,Bananas 1kg,Produce,West,108,40.26,0.0,0.0,4348.08
2025-09-27,G005,Cooking Oil 1L,Staples,South,99,140.9,0.0,0.0,13949.1
2025-01-02,G006,Bananas 1kg,Produce,South,120,38.68,0.0,29.74,4641.6
2025-02-03,G005,Cooking Oil 1L,Staples,West,111,136.17,10.0,0.0,13603.38
2025-04-04,G003,Eggs (12),Dairy,East,104,90.67,0.0,684.3,9429.68
2025-12-19,G005,Cooking Oil 1L,Staples,East,74,137.14,0.0,0.0,10148.36
2025-01-14,G001,Milk 1L,Dairy,North,265,57.11,0.0,0.0,15134.15
2025-12-04,G005,Cooking Oil 1L,Staples,South,67,139.31,0.0,0.0,9333.77
2025-03-12,G003,Eggs (12),Dairy,West,98,88.49,0.0,0.0,8672.02
2025-10-09,G006,Bananas 1kg,Produce,West,124,40.33,0.0,0.0,5000.92
2025-07-16,G005,Cooking Oil 1L,Staples,South,81,136.84,5.0,0.0,10529.84
2025-10-30,G002,Bread Loaf,Bakery,North,117,46.4,0.0,448.97,5428.8
2025-07-25,G001,Milk 1L,Dairy,South,235,56.76,0.0,0.0,13338.6
2025-05-13,G005,Cooking Oil 1L,Staples,South,57,140.38,0.0,0.0,8001.66
2025-04-06,G003,Eggs (12),Dairy,West,172,86.94,0.0,0.0,14953.68
2025-10-28,G002,Bread Loaf,Bakery,North,88,44.82,0.0,0.0,3944.16
2025-01-07,G005,Cooking Oil 1L,Staples,East,72,141.05,0.0,9.52,10155.6
2025-12-01,G006,Bananas 1kg,Produce,East,228,39.47,10.0,0.0,8099.24
2025-07-11,G007,Instant Noodles,Packaged Foods,North,335,17.48,0.0,0.0,5855.8
2025-01-27,G004,Rice 5kg,Staples,South,52,329.31,10.0,0.0,15411.71
2025-10-05,G007,Instant Noodles,Packaged Foods,North,425,18.65,0.0,0.0,7926.25
2025-08-25,G006,Bananas 1kg,Produce,West,116,38.71,10.0,0.0,4041.32
2025-08-11,G007,Instant Noodles,Packaged Foods,South,341,17.89,0.0,0.0,6100.49
2025-01-26,G002,Bread Loaf,Bakery,West,157,46.8,0.0,0.0,7347.6
2025-12-10,G004,Rice 5kg,Staples,West,62,318.72,0.0,0.0,19760.64
2025-02-20,G007,Instant Noodles,Packaged Foods,East,302,18.67,0.0,0.0,5638.34
2025-04-25,G003,Eggs (12),Dairy,East,143,89.23,0.0,0.0,12759.89
2025-05-26,G004,Rice 5kg,Staples,South,63,310.14,10.0,0.0,17584.94
2025-05-31,G001,Milk 1L,Dairy,East,374,54.3,0.0,0.0,20308.2
2025-02-06,G007,Instant Noodles,Packaged Foods,East,294,18.64,0.0,0.0,5480.16
2025-09-26,G007,Instant Noodles,Packaged Foods,South,327,18.05,0.0,0.0,5902.35
2025-04-03,G001,Milk 1L,Dairy,South,301,56.78,0.0,0.0,17090.78
2025-07-19,G001,Milk 1L,Dairy,North,328,56.15,0.0,0.0,18417.2
2025-09-21,G004,Rice 5kg,Staples,North,101,327.41,5.0,0.0,31414.99
2025-11-23,G003,Eggs (12),Dairy,West,139,88.87,10.0,0.0,11117.64
2025-01-23,G005,Cooking Oil 1L,Staples,West,83,142.0,0.0,0.0,11786.0
2025-05-24,G007,Instant Noodles,Packaged Foods,West,454,18.03,0.0,419.64,8185.62
2025-03-02,G001,Milk 1L,Dairy,South,325,53.18,0.0,0.0,17283.5
2025-09-21,G005,Cooking Oil 1L,Staples,East,152,144.7,0.0,0.0,21994.4
2025-05-04,G006,Bananas 1kg,Produce,West,122,40.09,0.0,0.0,4890.98
2025-06-17,G006,Bananas 1kg,Produce,East,246,40.29,0.0,0.0,9911.34
2025-05-15,G003,Eggs (12),Dairy,East,122,88.74,0.0,0.0,10826.28
2025-02-06,G002,Bread Loaf,Bakery,East,146,45.31,5.0,0.0,6284.5
2025-07-27,G001,Milk 1L,Dairy,West,171,56.64,0.0,787.04,9685.44
2025-05-24,G003,Eggs (12),Dairy,West,98,92.59,0.0,0.0,9073.82
2025-04-11,G003,Eggs (12),Dairy,East,114,89.1,0.0,0.0,10157.4
2025-11-03,G006,Bananas 1kg,Produce,East,196,39.45,0.0,0.0,7732.2
2025-12-12,G007,Instant Noodles,Packaged Foods,North,330,18.27,0.0,0.0,6029.1
2025-06-10,G002,Bread Loaf,Bakery,West,75,46.18,0.0,0.0,3463.5
2025-02-11,G005,Cooking Oil 1L,Staples,East,71,143.61,0.0,0.0,10196.31
2025-09-07,G004,Rice 5kg,Staples,North,97,323.8,0.0,457.19,31408.6
2025-11-16,G007,Instant Noodles,Packaged Foods,North,328,18.31,10.0,245.72,5405.11
2025-05-04,G003,Eggs (12),Dairy,West,134,89.97,0.0,171.02,12055.98
2025-11-25,G007,Instant Noodles,Packaged Foods,North,224,18.51,0.0,0.0,4146.24
2025-12-16,G004,Rice 5kg,Staples,West,55,313.94,0.0,0.0,17266.7
2025-09-29,G003,Eggs (12),Dairy,West,68,87.01,5.0,0.0,5620.85
2025-04-10,G007,Instant Noodles,Packaged Foods,East,231,17.52,5.0,0.0,3844.76
2025-05-02,G002,Bread Loaf,Bakery,North,247,46.12,0.0,0.0,11391.64
2025-11-26,G002,Bread Loaf,Bakery,West,107,44.58,0.0,0.0,4770.06
2025-12-11,G007,Instant Noodles,Packaged Foods,East,269,17.33,0.0,0.0,4661.77
2025-05-09,G005,Cooking Oil 1L,Staples,West,98,141.06,0.0,0.0,13823.88
2025-09-12,G004,Rice 5kg,Staples,South,71,325.28,0.0,789.98,23094.88
2025-01-29,G004,Rice 5kg,Staples,North,58,308.83,0.0,0.0,17912.14
2025-09-14,G002,Bread Loaf,Bakery,East,225,46.24,0.0,0.0,10404.0
2025-12-19,G002,Bread Loaf,Bakery,North,147,43.22,10.0,0.0,5718.01
2025-06-15,G007,Instant Noodles,Packaged Foods,West,584,17.55,0.0,0.0,10249.2
2025-11-21,G006,Bananas 1kg,Produce,South,149,41.29,0.0,0.0,6152.21
2025-02-25,G003,Eggs (12),Dairy,South,91,90.45,0.0,0.0,8230.95
2025-01-03,G004,Rice 5kg,Staples,West,56,319.56,0.0,0.0,17895.36
2025-05-16,G006,Bananas 1kg,Produce,West,84,41.2,10.0,0.0,3114.72
2025-02-05,G003,Eggs (12),Dairy,East,117,92.92,0.0,0.0,10871.64
2025-01-21,G001,Milk 1L,Dairy,West,255,55.5,0.0,0.0,14152.5
2025-07-10,G001,Milk 1L,Dairy,South,159,53.55,0.0,735.75,8514.45
2025-06-06,G007,Instant Noodles,Packaged Foods,East,267,17.78,0.0,0.0,4747.26
2025-10-03,G006,Bananas 1kg,Produce,West,201,40.95,0.0,0.0,8230.95
2025-02-23,G007,Instant Noodles,Packaged Foods,South,395,18.51,0.0,335.33,7311.45
2025-11-24,G004,Rice 5kg,Staples,East,51,313.61,0.0,242.97,15994.11
2025-08-01,G003,Eggs (12),Dairy,East,149,89.31,0.0,425.23,13307.19
2025-12-22,G007,Instant Noodles,Packaged Foods,South,329,17.8,0.0,0.0,5856.2
2025-09-12,G004,Rice 5kg,Staples,East,62,307.24,0.0,566.57,19048.88
2025-04-08,G007,Instant Noodles,Packaged Foods,North,244,17.68,0.0,0.0,4313.92
2025-09-24,G001,Milk 1L,Dairy,South,207,54.97,10.0,0.0,10240.91
2025-06-15,G003,Eggs (12),Dairy,East,137,93.45,0.0,645.28,12802.65
2025-08-11,G007,Instant Noodles,Packaged Foods,East,369,18.59,0.0,790.33,6859.71
2025-10-09,G003,Eggs (12),Dairy,North,95,87.76,0.0,0.0,8337.2
2025-03-27,G005,Cooking Oil 1L,Staples,North,94,134.55,0.0,0.0,12647.7
2025-11-14,G002,Bread Loaf,Bakery,East,179,44.66,10.0,528.45,7194.73
2025-12-17,G003,Eggs (12),Dairy,East,131,92.67,0.0,0.0,12139.77
2025-01-14,G004,Rice 5kg,Staples,East,58,318.64,10.0,0.0,16633.01
2025-05-26,G003,Eggs (12),Dairy,West,63,88.94,10.0,0.0,5042.9
2025-10-11,G002,Bread Loaf,Bakery,East,296,44.13,0.0,57.33,13062.48
2025-09-05,G001,Milk 1L,Dairy,North,267,57.02,0.0,129.12,15224.34
2025-03-09,G005,Cooking Oil 1L,Staples,North,105,144.34,0.0,183.55,15155.7
2025-10-01,G003,Eggs (12),Dairy,East,149,87.04,10.0,0.0,11672.06
2025-03-08,G005,Cooking Oil 1L,Staples,East,72,136.92,0.0,0.0,9858.24
2025-10-02,G003,Eggs (12),Dairy,West,144,89.65,0.0,798.45,12909.6
2025-08-11,G002,Bread Loaf,Bakery,West,86,44.89,0.0,0.0,3860.54
2025-03-08,G003,Eggs (12),Dairy,North,73,92.6,10.0,0.0,6083.82
2025-09-15,G007,Instant Noodles,Packaged Foods,West,276,17.63,0.0,0.0,4865.88
2025-02-16,G002,Bread Loaf,Bakery,East,171,44.88,0.0,0.0,7674.48
2025-02-18,G006,Bananas 1kg,Produce,North,248,40.98,0.0,0.0,10163.04
2025-05-26,G005,Cooking Oil 1L,Staples,South,80,139.89,0.0,0.0,11191.2
2025-03-02,G003,Eggs (12),Dairy,East,215,87.13,0.0,0.0,18732.95
2025-03-17,G004,Rice 5kg,Staples,South,66,308.69,0.0,0.0,20373.54
2025-01-12,G006,Bananas 1kg,Produce,West,76,40.38,0.0,65.07,3068.88
2025-04-17,G004,Rice 5kg,Staples,North,60,331.17,5.0,0.0,18876.69
2025-05-08,G005,Cooking Oil 1L,Staples,East,61,138.34,0.0,0.0,8438.74
2025-04-03,G002,Bread Loaf,Bakery,West,170,44.81,0.0,0.0,7617.7
2025-09-08,G007,Instant Noodles,Packaged Foods,West,258,18.56,0.0,0.0,4788.48
2025-07-16,G003,Eggs (12),Dairy,North,74,87.58,0.0,111.31,6480.92
2025-04-18,G001,Milk 1L,Dairy,South,164,54.76,5.0,0.0,8531.61
2025-12-26,G007,Instant Noodles,Packaged Foods,South,303,18.62,0.0,0.0,5641.86
2025-12-31,G002,Bread Loaf,Bakery,East,138,43.95,0.0,0.0,6065.1
2025-06-01,G006,Bananas 1kg,Produce,South,148,40.15,0.0,0.0,5942.2
2025-04-26,G001,Milk 1L,Dairy,East,280,52.86,0.0,0.0,14800.8
2025-05-03,G007,Instant Noodles,Packaged Foods,West,662,18.41,0.0,250.78,12187.42
2025-10-19,G004,Rice 5kg,Staples,East,53,321.76,0.0,0.0,17053.28
2025-09-10,G002,Bread Loaf,Bakery,South,142,44.99,0.0,0.0,6388.58
2025-08-30,G005,Cooking Oil 1L,Staples,South,120,137.71,0.0,0.0,16525.2
2025-07-30,G001,Milk 1L,Dairy,East,288,54.69,0.0,0.0,15750.72
2025-11-10,G005,Cooking Oil 1L,Staples,South,50,135.93,0.0,502.97,6796.5
2025-04-01,G003,Eggs (12),Dairy,East,157,89.6,0.0,0.0,14067.2
2025-04-21,G004,Rice 5kg,Staples,North,48,318.81,0.0,741.37,15302.88
2025-04-22,G004,Rice 5kg,Staples,North,68,327.51,10.0,0.0,20043.61
2025-04-21,G005,Cooking Oil 1L,Staples,West,104,137.66,0.0,0.0,14316.64
2025-06-07,G006,Bananas 1kg,Produce,East,298,41.19,0.0,0.0,12274.62
2025-07-19,G007,Instant Noodles,Packaged Foods,East,516,18.49,0.0,0.0,9540.84
2025-02-16,G006,Bananas 1kg,Produce,South,138,39.45,10.0,0.0,4899.69
2025-08-16,G006,Bananas 1kg,Produce,South,150,38.46,0.0,0.0,5769.0
2025-10-15,G005,Cooking Oil 1L,Staples,West,100,145.14,0.0,197.58,14514.0
2025-04-12,G002,Bread Loaf,Bakery,South,182,43.48,10.0,0.0,7122.02
2025-03-14,G002,Bread Loaf,Bakery,East,208,43.39,0.0,0.0,9025.12
2025-12-26,G001,Milk 1L,Dairy,West,163,55.71,0.0,0.0,9080.73
2025-04-19,G006,Bananas 1kg,Produce,South,146,39.65,0.0,0.0,5788.9
2025-12-10,G005,Cooking Oil 1L,Staples,South,85,140.03,10.0,0.0,10712.3
2025-08-25,G001,Milk 1L,Dairy,West,277,53.85,0.0,0.0,14916.45
2025-09-20,G006,Bananas 1kg,Produce,East,202,39.45,0.0,0.0,7968.9
2025-03-03,G003,Eggs (12),Dairy,West,134,91.3,0.0,771.51,12234.2
2025-01-24,G006,Bananas 1kg,Produce,East,124,40.61,5.0,0.0,4783.86
2025-11-08,G005,Cooking Oil 1L,Staples,North,111,144.99,0.0,0.0,16093.89
2025-06-14,G005,Cooking Oil 1L,Staples,West,118,142.93,10.0,285.87,15179.17
2025-01-05,G001,Milk 1L,Dairy,East,286,56.81,0.0,0.0,16247.66
2025-09-11,G002,Bread Loaf,Bakery,North,133,46.67,0.0,0.0,6207.11
2025-10-10,G003,Eggs (12),Dairy,South,96,89.15,0.0,0.0,8558.4
2025-05-08,G003,Eggs (12),Dairy,North,57,89.03,10.0,0.0,4567.24
2025-04-09,G005,Cooking Oil 1L,Staples,North,97,135.19,0.0,155.24,13113.43
2025-11-15,G003,Eggs (12),Dairy,South,103,90.32,0.0,0.0,9302.96
2025-06-23,G001,Milk 1L,Dairy,South,133,54.01,0.0,0.0,7183.33
2025-03-09,G002,Bread Loaf,Bakery,North,144,45.68,0.0,0.0,6577.92
2025-02-04,G001,Milk 1L,Dairy,East,241,54.13,0.0,0.0,13045.33
2025-10-04,G005,Cooking Oil 1L,Staples,North,122,145.42,0.0,0.0,17741.24
2025-07-25,G004,Rice 5kg,Staples,East,49,329.26,0.0,0.0,16133.74
2025-12-10,G005,Cooking Oil 1L,Staples,East,78,138.98,0.0,228.19,10840.44
2025-09-01,G001,Milk 1L,Dairy,North,399,54.56,0.0,0.0,21769.44
2025-04-15,G004,Rice 5kg,Staples,West,48,325.71,0.0,0.0,15634.08
2025-03-19,G004,Rice 5kg,Staples,North,43,321.62,0.0,0.0,13829.66
2025-01-13,G003,Eggs (12),Dairy,West,106,88.72,0.0,0.0,9404.32
2025-01-09,G005,Cooking Oil 1L,Staples,South,106,144.04,0.0,0.0,15268.24
2025-01-29,G003,Eggs (12),Dairy,East,100,91.16,5.0,0.0,8660.2
2025-11-12,G004,Rice 5kg,Staples,South,60,331.78,0.0,0.0,19906.8
2025-11-27,G005,Cooking Oil 1L,Staples,North,94,136.07,0.0,0.0,12790.58
2025-04-10,G006,Bananas 1kg,Produce,West,111,39.28,0.0,0.0,4360.08
2025-06-14,G006,Bananas 1kg,Produce,South,135,39.03,0.0,0.0,5269.05
2025-03-18,G006,Bananas 1kg,Produce,West,83,39.57,0.0,0.0,3284.31
2025-05-09,G003,Eggs (12),Dairy,South,119,89.56,0.0,0.0,10657.64
2025-04-03,G002,Bread Loaf,Bakery,South,149,45.3,0.0,198.65,6749.7
2025-09-09,G004,Rice 5kg,Staples,East,40,320.9,0.0,0.0,12836.0
2025-06-18,G003,Eggs (12),Dairy,South,71,92.03,0.0,0.0,6534.13
2025-04-07,G005,Cooking Oil 1L,Staples,West,91,140.95,0.0,0.0,12826.45
2025-11-01,G001,Milk 1L,Dairy,North,566,54.97,0.0,0.0,31113.02
2025-07-31,G003,Eggs (12),Dairy,East,177,92.87,10.0,264.3,14794.19
2025-06-03,G002,Bread Loaf,Bakery,West,161,45.07,0.0,0.0,7256.27
2025-12-23,G007,Instant Noodles,Packaged Foods,West,196,17.91,0.0,0.0,3510.36
2025-07-23,G002,Bread Loaf,Bakery,West,142,43.53,0.0,0.0,6181.26
2025-09-24,G001,Milk 1L,Dairy,North,291,53.06,5.0,0.0,14668.44
2025-03-28,G004,Rice 5kg,Staples,North,69,314.25,0.0,0.0,21683.25
2025-03-27,G005,Cooking Oil 1L,Staples,South,64,144.91,0.0,0.0,9274.24
2025-08-02,G007,Instant Noodles,Packaged Foods,West,546,17.99,5.0,0.0,9331.41
2025-06-20,G003,Eggs (12),Dairy,East,95,91.61,0.0,9.9,8702.95
2025-05-14,G007,Instant Noodles,Packaged Foods,West,199,18.29,0.0,0.0,3639.71
2025-03-15,G001,Milk 1L,Dairy,West,345,54.18,0.0,0.0,18692.1
2025-07-27,G007,Instant Noodles,Packaged Foods,West,541,17.57,0.0,0.0,9505.37
2025-10-12,G004,Rice 5kg,Staples,East,50,327.4,0.0,449.06,16370.0
2025-08-25,G001,Milk 1L,Dairy,East,263,55.25,0.0,702.64,14530.75
2025-12-13,G006,Bananas 1kg,Produce,East,352,39.07,0.0,0.0,13752.64
2025-08-12,G005,Cooking Oil 1L,Staples,North,68,143.26,0.0,0.0,9741.68
2025-02-27,G004,Rice 5kg,Staples,South,67,311.23,10.0,0.0,18767.17
2025-06-23,G007,Instant Noodles,Packaged Foods,South,260,17.39,0.0,0.0,4521.4
2025-08-22,G006,Bananas 1kg,Produce,North,208,40.38,0.0,0.0,8399.04
2025-04-21,G001,Milk 1L,Dairy,North,269,54.85,0.0,0.0,14754.65
2025-11-02,G006,Bananas 1kg,Produce,West,148,41.0,0.0,0.0,6068.0
2025-01-01,G001,Milk 1L,Dairy,East,289,54.69,5.0,217.98,15015.14
2025-12-30,G007,Instant Noodles,Packaged Foods,South,305,18.59,0.0,0.0,5669.95
2025-04-12,G004,Rice 5kg,Staples,East,46,320.94,0.0,0.0,14763.24
2025-07-22,G004,Rice 5kg,Staples,West,48,323.99,0.0,430.59,15551.52
2025-12-26,G002,Bread Loaf,Bakery,North,191,43.72,0.0,0.0,8350.52
2025-09-27,G001,Milk 1L,Dairy,West,398,52.97,0.0,0.0,21082.06
2025-01-30,G002,Bread Loaf,Bakery,East,235,45.58,10.0,722.12,9640.17
2025-07-05,G006,Bananas 1kg,Produce,North,336,39.41,0.0,0.0,13241.76
2025-06-25,G001,Milk 1L,Dairy,North,276,52.99,10.0,0.0,13162.72
2025-01-12,G002,Bread Loaf,Bakery,North,182,45.63,0.0,0.0,8304.66
2025-01-19,G002,Bread Loaf,Bakery,North,192,44.76,0.0,0.0,8593.92
2025-07-20,G004,Rice 5kg,Staples,North,50,331.47,0.0,0.0,16573.5
2025-09-20,G003,Eggs (12),Dairy,South,113,89.08,0.0,695.94,10066.04
2025-04-10,G006,Bananas 1kg,Produce,East,136,40.08,0.0,0.0,5450.88
2025-12-10,G003,Eggs (12),Dairy,North,84,87.22,0.0,531.09,7326.48
2025-03-12,G002,Bread Loaf,Bakery,East,237,44.74,0.0,0.0,10603.38
2025-11-29,G004,Rice 5kg,Staples,East,80,309.81,0.0,0.0,24784.8
2025-04-16,G001,Milk 1L,Dairy,North,209,55.41,0.0,0.0,11580.69
2025-04-13,G004,Rice 5kg,Staples,East,55,319.9,0.0,0.0,17594.5
2025-03-15,G004,Rice 5kg,Staples,North,52,327.41,0.0,0.0,17025.32
2025-06-24,G002,Bread Loaf,Bakery,West,57,43.75,10.0,0.0,2244.38
2025-11-15,G002,Bread Loaf,Bakery,East,150,44.08,10.0,0.0,5950.8
2025-07-28,G002,Bread Loaf,Bakery,South,128,43.77,10.0,0.0,5042.3
2025-02-27,G002,Bread Loaf,Bakery,North,114,44.61,10.0,0.0,4576.99
2025-09-22,G004,Rice 5kg,Staples,South,98,307.7,0.0,0.0,30154.6
2025-04-30,G005,Cooking Oil 1L,Staples,South,81,139.84,0.0,0.0,11327.04
2025-12-07,G002,Bread Loaf,Bakery,South,284,45.92,0.0,0.0,13041.28
2025-05-30,G004,Rice 5kg,Staples,West,45,318.0,0.0,0.0,14310.0
2025-03-21,G004,Rice 5kg,Staples,North,66,307.51,0.0,0.0,20295.66
2025-09-03,G007,Instant Noodles,Packaged Foods,North,438,17.47,0.0,0.0,7651.86
2025-04-08,G004,Rice 5kg,Staples,South,68,329.33,0.0,0.0,22394.44
2025-09-15,G007,Instant Noodles,Packaged Foods,North,241,17.68,0.0,213.48,4260.88
2025-10-29,G001,Milk 1L,Dairy,North,166,56.21,0.0,0.0,9330.86
2025-02-26,G007,Instant Noodles,Packaged Foods,South,365,18.06,5.0,0.0,6262.3
2025-11-21,G005,Cooking Oil 1L,Staples,North,81,144.11,0.0,0.0,11672.91
2025-10-28,G004,Rice 5kg,Staples,West,84,323.78,5.0,0.0,25837.64
2025-12-28,G006,Bananas 1kg,Produce,West,132,41.4,0.0,0.0,5464.8
2025-12-16,G002,Bread Loaf,Bakery,South,250,43.42,0.0,0.0,10855.0
2025-11-13,G004,Rice 5kg,Staples,East,48,312.43,0.0,0.0,14996.64
2025-12-06,G002,Bread Loaf,Bakery,East,218,45.54,5.0,0.0,9431.33
2025-08-04,G005,Cooking Oil 1L,Staples,South,103,136.92,0.0,0.0,14102.76
2025-01-21,G002,Bread Loaf,Bakery,East,179,45.55,0.0,0.0,8153.45
2025-03-14,G005,Cooking Oil 1L,Staples,East,107,139.58,0.0,0.0,14935.06
2025-04-01,G005,Cooking Oil 1L,Staples,West,56,141.26,0.0,0.0,7910.56
2025-01-16,G006,Bananas 1kg,Produce,East,149,41.46,0.0,0.0,6177.54
2025-02-22,G007,Instant Noodles,Packaged Foods,West,387,18.65,0.0,0.0,7217.55
2025-03-18,G006,Bananas 1kg,Produce,North,164,39.15,0.0,0.0,6420.6
2025-11-01,G006,Bananas 1kg,Produce,North,312,40.96,0.0,0.0,12779.52
2025-11-03,G003,Eggs (12),Dairy,North,96,86.56,0.0,0.0,8309.76
2025-07-29,G006,Bananas 1kg,Produce,South,77,41.59,0.0,0.0,3202.43
2025-04-07,G002,Bread Loaf,Bakery,South,127,43.96,0.0,0.0,5582.92
2025-04-23,G004,Rice 5kg,Staples,West,65,316.84,0.0,0.0,20594.6
2025-05-31,G002,Bread Loaf,Bakery,East,359,44.09,0.0,0.0,15828.31
2025-05-12,G006,Bananas 1kg,Produce,North,166,38.74,5.0,0.0,6109.3
2025-09-25,G001,Milk 1L,Dairy,East,271,54.25,5.0,0.0,13966.66
2025-07-03,G005,Cooking Oil 1L,Staples,East,120,135.26,0.0,0.0,16231.2
2025-07-18,G007,Instant Noodles,Packaged Foods,West,405,17.75,0.0,0.0,7188.75
2025-08-25,G007,Instant Noodles,Packaged Foods,North,283,17.56,0.0,0.0,4969.48
2025-08-19,G002,Bread Loaf,Bakery,East,150,46.3,0.0,765.81,6945.0
2025-11-26,G002,Bread Loaf,Bakery,East,157,45.24,10.0,0.0,6392.41
2025-11-06,G001,Milk 1L,Dairy,South,152,56.99,0.0,0.0,8662.48
2025-12-17,G004,Rice 5kg,Staples,North,24,312.53,0.0,0.0,7500.72
2025-08-11,G001,Milk 1L,Dairy,South,201,55.74,0.0,0.0,11203.74
2025-09-07,G007,Instant Noodles,Packaged Foods,North,473,17.76,5.0,698.7,7980.46
2025-01-12,G001,Milk 1L,Dairy,West,373,56.26,5.0,0.0,19935.73
2025-01-21,G004,Rice 5kg,Staples,West,66,312.4,0.0,0.0,20618.4
2025-10-01,G003,Eggs (12),Dairy,West,135,92.09,0.0,0.0,12432.15
2025-04-26,G001,Milk 1L,Dairy,West,177,56.59,0.0,529.11,10016.43
2025-10-18,G007,Instant Noodles,Packaged Foods,South,382,17.4,0.0,0.0,6646.8
2025-08-28,G004,Rice 5kg,Staples,North,44,314.42,0.0,0.0,13834.48
2025-09-25,G004,Rice 5kg,Staples,West,33,326.55,0.0,0.0,10776.15
2025-04-08,G006,Bananas 1kg,Produce,East,240,40.77,0.0,0.0,9784.8
2025-09-09,G001,Milk 1L,Dairy,North,278,54.52,5.0,0.0,14398.73
2025-09-20,G004,Rice 5kg,Staples,North,78,328.28,0.0,726.99,25605.84
2025-04-24,G001,Milk 1L,Dairy,East,224,56.1,10.0,0.0,11309.76
2025-02-15,G005,Cooking Oil 1L,Staples,West,157,139.39,0.0,0.0,21884.23
2025-07-20,G004,Rice 5kg,Staples,South,71,326.65,0.0,0.0,23192.15
2025-07-27,G002,Bread Loaf,Bakery,North,151,45.2,0.0,0.0,6825.2
2025-10-17,G004,Rice 5kg,Staples,West,50,314.5,0.0,0.0,15725.0
2025-09-01,G007,Instant Noodles,Packaged Foods,East,399,17.65,0.0,0.0,7042.35
2025-10-18,G007,Instant Noodles,Packaged Foods,West,295,18.1,10.0,0.0,4805.55
2025-05-06,G002,Bread Loaf,Bakery,West,128,43.7,10.0,0.0,5034.24
2025-08-31,G007,Instant Noodles,Packaged Foods,South,341,17.65,0.0,0.0,6018.65
2025-03-06,G004,Rice 5kg,Staples,East,38,320.9,0.0,310.02,12194.2
2025-12-06,G002,Bread Loaf,Bakery,North,203,45.56,0.0,0.0,9248.68
2025-07-03,G001,Milk 1L,Dairy,East,334,53.61,0.0,0.0,17905.74
2025-09-10,G005,Cooking Oil 1L,Staples,North,78,141.52,0.0,87.54,11038.56
2025-07-17,G002,Bread Loaf,Bakery,South,148,43.27,0.0,0.0,6403.96
2025-01-06,G003,Eggs (12),Dairy,West,103,88.79,0.0,0.0,9145.37
2025-07-18,G001,Milk 1L,Dairy,South,178,53.58,0.0,0.0,9537.24
2025-06-09,G004,Rice 5kg,Staples,North,46,308.37,0.0,0.0,14185.02
2025-02-14,G005,Cooking Oil 1L,Staples,East,69,138.08,0.0,601.77,9527.52
2025-11-15,G004,Rice 5kg,Staples,West,62,316.88,0.0,0.0,19646.56
2025-06-13,G005,Cooking Oil 1L,Staples,North,64,136.99,0.0,0.0,8767.36
2025-07-07,G006,Bananas 1kg,Produce,East,129,40.38,5.0,0.0,4948.57
2025-06-30,G002,Bread Loaf,Bakery,West,138,46.01,10.0,0.0,5714.44
2025-07-06,G003,Eggs (12),Dairy,East,154,93.4,0.0,0.0,14383.6
2025-03-16,G002,Bread Loaf,Bakery,South,218,43.99,0.0,768.94,9589.82
2025-02-03,G004,Rice 5kg,Staples,North,92,315.5,0.0,0.0,29026.0
2025-04-16,G006,Bananas 1kg,Produce,North,164,40.03,10.0,0.0,5908.43
2025-06-03,G004,Rice 5kg,Staples,East,78,325.88,0.0,0.0,25418.64
2025-01-21,G001,Milk 1L,Dairy,East,280,53.0,0.0,325.67,14840.0
2025-06-23,G006,Bananas 1kg,Produce,South,98,40.96,0.0,0.0,4014.08
2025-06-29,G005,Cooking Oil 1L,Staples,South,85,145.56,5.0,0.0,11753.97
2025-07-10,G002,Bread Loaf,Bakery,North,158,45.23,0.0,0.0,7146.34
2025-02-26,G003,Eggs (12),Dairy,West,85,86.41,0.0,0.0,7344.85
2025-01-11,G005,Cooking Oil 1L,Staples,East,68,139.88,0.0,0.0,9511.84
2025-11-03,G007,Instant Noodles,Packaged Foods,West,529,18.62,0.0,0.0,9849.98
2025-11-07,G006,Bananas 1kg,Produce,West,79,39.12,5.0,0.0,2935.96
2025-10-12,G002,Bread Loaf,Bakery,West,121,43.71,0.0,0.0,5288.91
2025-04-09,G004,Rice 5kg,Staples,South,49,329.35,0.0,0.0,16138.15
2025-07-11,G007,Instant Noodles,Packaged Foods,East,266,18.47,0.0,0.0,4913.02
2025-11-17,G006,Bananas 1kg,Produce,West,120,39.09,0.0,0.0,4690.8
2025-07-18,G002,Bread Loaf,Bakery,East,164,46.75,0.0,0.0,7667.0
2025-09-10,G004,Rice 5kg,Staples,West,40,332.05,0.0,0.0,13282.0
2025-11-10,G004,Rice 5kg,Staples,West,66,307.8,0.0,0.0,20314.8
2025-01-21,G003,Eggs (12),Dairy,East,107,89.31,0.0,0.0,9556.17
2025-03-20,G002,Bread Loaf,Bakery,North,110,46.75,5.0,0.0,4885.38
2025-07-03,G003,Eggs (12),Dairy,East,173,89.88,10.0,0.0,13994.32
2025-02-16,G005,Cooking Oil 1L,Staples,East,135,145.07,0.0,0.0,19584.45
2025-12-12,G003,Eggs (12),Dairy,West,125,92.71,0.0,0.0,11588.75
2025-01-21,G006,Bananas 1kg,Produce,East,92,41.37,0.0,0.0,3806.04
2025-12-09,G005,Cooking Oil 1L,Staples,North,118,136.12,0.0,0.0,16062.16
2025-08-26,G001,Milk 1L,Dairy,South,190,54.75,0.0,0.0,10402.5
2025-03-24,G002,Bread Loaf,Bakery,South,174,44.24,0.0,730.64,7697.76
2025-07-19,G004,Rice 5kg,Staples,North,66,307.57,0.0,0.0,20299.62
2025-12-22,G004,Rice 5kg,Staples,West,36,313.16,0.0,0.0,11273.76
2025-05-22,G003,Eggs (12),Dairy,West,73,87.13,0.0,0.0,6360.49
2025-04-23,G007,Instant Noodles,Packaged Foods,East,249,17.59,0.0,0.0,4379.91
2025-02-02,G002,Bread Loaf,Bakery,West,288,46.6,0.0,0.0,13420.8
2025-06-06,G003,Eggs (12),Dairy,East,135,89.69,0.0,0.0,12108.15
2025-07-04,G006,Bananas 1kg,Produce,North,157,40.9,5.0,0.0,6100.23
2025-07-20,G007,Instant Noodles,Packaged Foods,North,368,17.34,0.0,0.0,6381.12
2025-04-26,G004,Rice 5kg,Staples,North,91,316.3,0.0,0.0,28783.3
2025-01-14,G001,Milk 1L,Dairy,South,68,56.47,0.0,0.0,3839.96
2025-12-21,G002,Bread Loaf,Bakery,North,226,43.64,0.0,0.0,9862.64
2025-06-10,G005,Cooking Oil 1L,Staples,South,89,145.54,0.0,0.0,12953.06
2025-08-14,G004,Rice 5kg,Staples,West,48,331.87,0.0,0.0,15929.76
2025-05-29,G002,Bread Loaf,Bakery,East,202,45.75,0.0,0.0,9241.5
2025-01-20,G005,Cooking Oil 1L,Staples,West,100,134.6,0.0,0.0,13460.0
2025-09-12,G005,Cooking Oil 1L,Staples,South,100,135.95,0.0,0.0,13595.0
2025-04-13,G006,Bananas 1kg,Produce,East,204,40.83,5.0,0.0,7912.85
2025-11-28,G002,Bread Loaf,Bakery,South,133,46.13,0.0,0.0,6135.29
2025-07-09,G006,Bananas 1kg,Produce,East,155,39.93,0.0,0.0,6189.15
2025-09-01,G004,Rice 5kg,Staples,West,94,319.39,0.0,0.0,30022.66
2025-05-05,G006,Bananas 1kg,Produce,East,180,39.06,10.0,0.0,6327.72
2025-08-19,G001,Milk 1L,Dairy,East,335,53.47,0.0,588.84,17912.45
2025-05-30,G005,Cooking Oil 1L,Staples,North,81,136.39,0.0,0.0,11047.59
2025-02-17,G006,Bananas 1kg,Produce,South,113,40.76,0.0,297.18,4605.88
2025-11-17,G004,Rice 5kg,Staples,East,34,323.31,0.0,0.0,10992.54
2025-12-24,G004,Rice 5kg,Staples,East,34,318.86,0.0,0.0,10841.24
2025-12-06,G005,Cooking Oil 1L,Staples,South,150,143.84,0.0,0.0,21576.0
2025-11-01,G001,Milk 1L,Dairy,South,328,56.41,0.0,0.0,18502.48
2025-05-22,G005,Cooking Oil 1L,Staples,South,71,141.34,0.0,0.0,10035.14
2025-10-31,G001,Milk 1L,Dairy,West,288,53.87,0.0,0.0,15514.56
2025-07-20,G005,Cooking Oil 1L,Staples,South,91,144.23,0.0,0.0,13124.93
2025-06-12,G005,Cooking Oil 1L,Staples,West,106,136.63,0.0,0.0,14482.78
2025-08-22,G004,Rice 5kg,Staples,East,48,322.06,0.0,0.0,15458.88
2025-01-13,G001,Milk 1L,Dairy,East,202,54.49,5.0,0.0,10456.63
2025-03-21,G007,Instant Noodles,Packaged Foods,East,265,17.31,5.0,624.3,4357.79
2025-07-12,G001,Milk 1L,Dairy,East,382,52.92,0.0,0.0,20215.44
2025-04-26,G006,Bananas 1kg,Produce,North,262,39.02,10.0,0.0,9200.92
2025-02-12,G004,Rice 5kg,Staples,East,56,326.54,0.0,0.0,18286.24
2025-01-01,G002,Bread Loaf,Bakery,North,178,46.31,0.0,0.0,8243.18
2025-05-03,G001,Milk 1L,Dairy,East,557,56.27,0.0,0.0,31342.39
2025-07-02,G003,Eggs (12),Dairy,North,128,89.63,10.0,0.0,10325.38
2025-01-16,G001,Milk 1L,Dairy,West,207,53.02,0.0,0.0,10975.14
2025-05-28,G004,Rice 5kg,Staples,South,64,331.06,5.0,0.0,20128.45
2025-02-23,G002,Bread Loaf,Bakery,East,251,45.37,0.0,0.0,11387.87
2025-10-25,G001,Milk 1L,Dairy,West,388,55.77,0.0,0.0,21638.76
2025-05-07,G001,Milk 1L,Dairy,East,191,53.91,0.0,746.01,10296.81
2025-09-15,G002,Bread Loaf,Bakery,East,152,44.79,0.0,0.0,6808.08
2025-05-14,G003,Eggs (12),Dairy,North,63,87.12,0.0,0.0,5488.56
2025-12-11,G002,Bread Loaf,Bakery,East,161,46.43,0.0,681.74,7475.23
2025-06-29,G004,Rice 5kg,Staples,East,63,313.54,0.0,0.0,19753.02
2025-01-23,G001,Milk 1L,Dairy,North,214,56.11,0.0,297.75,12007.54
2025-01-05,G004,Rice 5kg,Staples,North,70,321.06,0.0,0.0,22474.2
2025-12-22,G005,Cooking Oil 1L,Staples,South,69,136.62,5.0,0.0,8955.44
2025-11-20,G003,Eggs (12),Dairy,South,119,89.89,0.0,0.0,10696.91
2025-12-24,G006,Bananas 1kg,Produce,North,154,39.9,0.0,0.0,6144.6
2025-06-23,G004,Rice 5kg,Staples,North,57,331.84,0.0,0.0,18914.88
2025-06-06,G007,Instant Noodles,Packaged Foods,South,246,17.51,0.0,0.0,4307.46
2025-05-18,G001,Milk 1L,Dairy,West,340,56.53,0.0,191.28,19220.2
2025-01-25,G005,Cooking Oil 1L,Staples,West,141,136.03,10.0,0.0,17262.21
2025-09-05,G007,Instant Noodles,Packaged Foods,North,291,17.69,0.0,0.0,5147.79
2025-06-13,G006,Bananas 1kg,Produce,East,156,41.27,10.0,511.31,5794.31
2025-12-15,G003,Eggs (12),Dairy,South,76,91.9,0.0,0.0,6984.4
2025-05-05,G005,Cooking Oil 1L,Staples,North,68,137.54,0.0,0.0,9352.72
2025-06-24,G007,Instant Noodles,Packaged Foods,South,179,17.87,5.0,0.0,3038.79
2025-03-24,G001,Milk 1L,Dairy,North,249,53.88,10.0,0.0,12074.51
2025-08-07,G007,Instant Noodles,Packaged Foods,North,360,17.99,0.0,0.0,6476.4
2025-04-24,G006,Bananas 1kg,Produce,East,121,39.76,0.0,0.0,4810.96
2025-09-20,G005,Cooking Oil 1L,Staples,West,143,145.37,0.0,793.75,20787.91
2025-06-20,G005,Cooking Oil 1L,Staples,South,105,137.52,0.0,597.15,14439.6
2025-07-17,G003,Eggs (12),Dairy,North,69,89.25,0.0,0.0,6158.25
2025-02-25,G003,Eggs (12),Dairy,North,70,87.71,0.0,0.0,6139.7
2025-05-16,G007,Instant Noodles,Packaged Foods,West,335,17.69,10.0,0.0,5333.54
2025-07-01,G007,Instant Noodles,Packaged Foods,West,301,18.3,5.0,0.0,5232.89
2025-07-28,G005,Cooking Oil 1L,Staples,East,72,143.59,0.0,0.0,10338.48
2025-03-02,G005,Cooking Oil 1L,Staples,South,177,136.21,0.0,0.0,24109.17
2025-01-18,G002,Bread Loaf,Bakery,North,216,45.53,5.0,0.0,9342.76
2025-12-05,G001,Milk 1L,Dairy,East,212,53.11,0.0,0.0,11259.32
2025-02-26,G004,Rice 5kg,Staples,South,70,326.97,5.0,0.0,21743.51
2025-05-18,G002,Bread Loaf,Bakery,South,177,44.96,10.0,0.0,7162.13
2025-10-17,G001,Milk 1L,Dairy,South,206,56.47,0.0,0.0,11632.82
2025-04-27,G004,Rice 5kg,Staples,South,54,321.94,0.0,0.0,17384.76
2025-04-06,G005,Cooking Oil 1L,Staples,South,105,136.65,0.0,0.0,14348.25
2025-05-12,G001,Milk 1L,Dairy,East,248,56.17,0.0,0.0,13930.16
2025-06-21,G005,Cooking Oil 1L,Staples,South,99,142.22,0.0,0.0,14079.78
2025-08-10,G007,Instant Noodles,Packaged Foods,East,299,18.03,0.0,0.0,5390.97
2025-01-19,G004,Rice 5kg,Staples,South,78,314.83,0.0,0.0,24556.74
2025-09-05,G004,Rice 5kg,Staples,West,67,323.77,10.0,0.0,19523.33
2025-09-07,G005,Cooking Oil 1L,Staples,West,125,143.48,0.0,0.0,17935.0
2025-02-05,G001,Milk 1L,Dairy,North,224,53.9,10.0,0.0,10866.24
2025-02-21,G005,Cooking Oil 1L,Staples,South,86,137.6,0.0,746.91,11833.6
2025-07-14,G004,Rice 5kg,Staples,South,73,321.49,5.0,0.0,22295.33
2025-03-19,G006,Bananas 1kg,Produce,North,101,39.01,0.0,0.0,3940.01
2025-06-16,G005,Cooking Oil 1L,Staples,North,70,137.44,0.0,0.0,9620.8
2025-05-11,G007,Instant Noodles,Packaged Foods,South,337,18.71,0.0,0.0,6305.27
2025-04-18,G004,Rice 5kg,Staples,East,47,322.01,0.0,0.0,15134.47
2025-07-15,G001,Milk 1L,Dairy,South,128,55.87,0.0,0.0,7151.36
2025-06-05,G003,Eggs (12),Dairy,East,107,90.63,0.0,0.0,9697.41
2025-12-31,G006,Bananas 1kg,Produce,South,84,41.05,0.0,0.0,3448.2
2025-09-13,G007,Instant Noodles,Packaged Foods,South,292,17.35,0.0,591.49,5066.2
2025-10-08,G004,Rice 5kg,Staples,North,58,331.87,0.0,0.0,19248.46
2025-08-24,G001,Milk 1L,Dairy,West,290,54.42,0.0,0.0,15781.8
2025-02-04,G007,Instant Noodles,Packaged Foods,South,303,17.32,0.0,0.0,5247.96
2025-04-28,G003,Eggs (12),Dairy,West,125,88.11,5.0,0.0,10463.06
2025-09-08,G003,Eggs (12),Dairy,East,62,89.1,0.0,0.0,5524.2
2025-02-16,G003,Eggs (12),Dairy,East,136,87.96,0.0,0.0,11962.56
2025-06-22,G005,Cooking Oil 1L,Staples,West,113,144.42,0.0,0.0,16319.46
2025-07-24,G006,Bananas 1kg,Produce,East,149,41.28,0.0,0.0,6150.72
2025-09-21,G004,Rice 5kg,Staples,West,52,314.78,10.0,0.0,14731.7
2025-06-21,G002,Bread Loaf,Bakery,South,265,43.54,0.0,0.0,11538.1
2025-11-02,G006,Bananas 1kg,Produce,East,225,38.76,10.0,0.0,7848.9
2025-10-13,G003,Eggs (12),Dairy,East,88,88.8,0.0,272.69,7814.4
2025-01-19,G003,Eggs (12),Dairy,North,110,86.56,0.0,0.0,9521.6
2025-05-30,G001,Milk 1L,Dairy,West,200,56.02,5.0,0.0,10643.8
2025-04-08,G003,Eggs (12),Dairy,South,88,87.2,0.0,0.0,7673.6
2025-11-04,G002,Bread Loaf,Bakery,North,117,45.75,0.0,687.18,5352.75
2025-05-15,G007,Instant Noodles,Packaged Foods,South,270,17.8,0.0,0.0,4806.0
2025-09-02,G004,Rice 5kg,Staples,West,64,308.42,0.0,0.0,19738.88
2025-06-24,G004,Rice 5kg,Staples,West,66,307.82,0.0,0.0,20316.12
2025-10-30,G002,Bread Loaf,Bakery,South,128,43.32,5.0,0.0,5267.71
2025-09-23,G001,Milk 1L,Dairy,North,255,54.11,0.0,0.0,13798.05
2025-03-20,G002,Bread Loaf,Bakery,South,65,44.34,0.0,0.0,2882.1
2025-07-28,G001,Milk 1L,Dairy,North,213,54.27,0.0,24.69,11559.51
2025-04-08,G001,Milk 1L,Dairy,North,196,54.04,5.0,0.0,10062.25
2025-02-03,G001,Milk 1L,Dairy,North,336,55.35,0.0,0.0,18597.6
2025-06-22,G001,Milk 1L,Dairy,West,295,53.58,0.0,0.0,15806.1
2025-03-28,G004,Rice 5kg,Staples,East,50,327.09,5.0,0.0,15536.77
2025-12-19,G007,Instant Noodles,Packaged Foods,West,333,17.45,0.0,0.0,5810.85
2025-06-25,G007,Instant Noodles,Packaged Foods,West,336,17.68,0.0,0.0,5940.48
2025-10-11,G005,Cooking Oil 1L,Staples,West,121,138.2,0.0,0.0,16722.2
2025-12-15,G004,Rice 5kg,Staples,South,58,326.75,5.0,547.9,18003.92
2025-08-11,G005,Cooking Oil 1L,Staples,North,67,145.51,0.0,0.0,9749.17
2025-06-27,G003,Eggs (12),Dairy,North,84,92.24,0.0,0.0,7748.16
2025-02-01,G002,Bread Loaf,Bakery,West,156,44.8,10.0,0.0,6289.92
2025-11-12,G005,Cooking Oil 1L,Staples,West,107,138.22,0.0,0.0,14789.54
2025-06-08,G006,Bananas 1kg,Produce,East,226,39.02,10.0,0.0,7936.67
2025-10-24,G005,Cooking Oil 1L,Staples,East,75,145.13,0.0,0.0,10884.75
2025-07-04,G007,Instant Noodles,Packaged Foods,East,350,17.81,0.0,0.0,6233.5
2025-02-24,G006,Bananas 1kg,Produce,South,137,38.63,0.0,0.0,5292.31
2025-08-09,G006,Bananas 1kg,Produce,West,156,40.89,0.0,0.0,6378.84
2025-06-08,G001,Milk 1L,Dairy,West,468,53.09,0.0,0.0,24846.12
2025-06-01,G002,Bread Loaf,Bakery,North,305,45.0,0.0,0.0,13725.0
2025-07-24,G005,Cooking Oil 1L,Staples,East,104,138.51,0.0,0.0,14405.04
2025-11-25,G002,Bread Loaf,Bakery,East,221,44.12,0.0,0.0,9750.52
2025-08-14,G003,Eggs (12),Dairy,West,93,92.36,0.0,212.38,8589.48
2025-11-09,G003,Eggs (12),Dairy,North,112,90.02,5.0,0.0,9578.13
2025-08-06,G002,Bread Loaf,Bakery,South,124,46.05,0.0,771.61,5710.2
2025-04-12,G006,Bananas 1kg,Produce,East,240,40.7,0.0,0.0,9768.0
2025-06-14,G001,Milk 1L,Dairy,West,453,55.53,0.0,0.0,25155.09
2025-05-11,G004,Rice 5kg,Staples,North,59,311.6,5.0,0.0,17465.18
2025-11-29,G002,Bread Loaf,Bakery,West,176,43.63,0.0,0.0,7678.88
2025-09-20,G002,Bread Loaf,Bakery,West,219,46.21,5.0,0.0,9613.99
2025-06-04,G007,Instant Noodles,Packaged Foods,West,351,17.33,5.0,0.0,5778.69
2025-03-29,G003,Eggs (12),Dairy,East,157,93.32,0.0,0.0,14651.24
2025-04-24,G007,Instant Noodles,Packaged Foods,South,368,17.83,0.0,0.0,6561.44
2025-04-17,G004,Rice 5kg,Staples,West,49,311.23,0.0,0.0,15250.27
2025-02-03,G006,Bananas 1kg,Produce,South,146,41.45,0.0,687.48,6051.7
2025-08-03,G006,Bananas 1kg,Produce,North,461,39.3,0.0,0.0,18117.3
2025-02-06,G001,Milk 1L,Dairy,North,215,55.57,0.0,0.0,11947.55
2025-02-17,G005,Cooking Oil 1L,Staples,East,75,143.86,0.0,0.0,10789.5
2025-07-12,G002,Bread Loaf,Bakery,South,186,46.44,5.0,0.0,8205.95
2025-03-04,G002,Bread Loaf,Bakery,South,115,46.62,0.0,0.0,5361.3
2025-07-30,G003,Eggs (12),Dairy,East,123,92.03,0.0,0.0,11319.69
2025-11-26,G005,Cooking Oil 1L,Staples,North,89,138.04,10.0,0.0,11057.0
2025-06-30,G002,Bread Loaf,Bakery,North,121,44.46,0.0,0.0,5379.66
2025-07-15,G005,Cooking Oil 1L,Staples,North,83,138.59,0.0,0.0,11502.97
2025-12-23,G006,Bananas 1kg,Produce,East,111,40.89,10.0,0.0,4084.91
2025-10-22,G004,Rice 5kg,Staples,North,58,315.77,0.0,0.0,18314.66
2025-02-01,G003,Eggs (12),Dairy,North,210,89.93,0.0,0.0,18885.3
2025-02-11,G003,Eggs (12),Dairy,East,117,90.01,0.0,0.0,10531.17
2025-08-08,G006,Bananas 1kg,Produce,West,107,40.71,0.0,0.0,4355.97
2025-06-30,G004,Rice 5kg,Staples,West,62,331.54,5.0,0.0,19527.71
2025-07-14,G003,Eggs (12),Dairy,North,94,89.07,0.0,0.0,8372.58
2025-08-20,G001,Milk 1L,Dairy,West,254,54.07,0.0,0.0,13733.78
2025-03-28,G004,Rice 5kg,Staples,South,70,331.27,0.0,0.0,23188.9
2025-09-09,G003,Eggs (12),Dairy,East,104,86.79,10.0,0.0,8123.54
2025-07-20,G007,Instant Noodles,Packaged Foods,East,499,18.7,0.0,0.0,9331.3
2025-09-21,G002,Bread Loaf,Bakery,South,235,45.25,0.0,0.0,10633.75
2025-09-12,G006,Bananas 1kg,Produce,North,178,40.57,0.0,0.0,7221.46
2025-04-16,G003,Eggs (12),Dairy,North,85,89.04,0.0,0.0,7568.4
2025-02-08,G001,Milk 1L,Dairy,East,407,56.17,0.0,0.0,22861.19
2025-02-09,G007,Instant Noodles,Packaged Foods,South,335,18.65,10.0,0.0,5622.97
2025-12-30,G004,Rice 5kg,Staples,West,75,324.76,0.0,0.0,24357.0
2025-08-17,G001,Milk 1L,Dairy,West,297,53.33,0.0,0.0,15839.01
2025-08-15,G007,Instant Noodles,Packaged Foods,West,332,17.81,0.0,0.0,5912.92
2025-11-20,G003,Eggs (12),Dairy,East,145,92.39,0.0,0.0,13396.55
2025-03-21,G002,Bread Loaf,Bakery,South,146,46.48,0.0,0.0,6786.08
2025-06-09,G003,Eggs (12),Dairy,South,96,89.58,0.0,0.0,8599.68
2025-08-23,G004,Rice 5kg,Staples,West,102,331.17,5.0,0.0,32090.37
2025-04-14,G002,Bread Loaf,Bakery,North,168,46.52,0.0,0.0,7815.36
2025-01-02,G002,Bread Loaf,Bakery,North,157,43.97,0.0,0.0,6903.29
2025-09-12,G007,Instant Noodles,Packaged Foods,North,259,17.94,0.0,0.0,4646.46
2025-04-15,G003,Eggs (12),Dairy,South,119,87.07,5.0,0.0,9843.26
2025-08-25,G001,Milk 1L,Dairy,North,301,55.75,0.0,0.0,16780.75
2025-02-19,G003,Eggs (12),Dairy,North,60,89.77,0.0,0.0,5386.2
2025-12-16,G001,Milk 1L,Dairy,West,272,56.89,0.0,0.0,15474.08
2025-10-23,G003,Eggs (12),Dairy,West,85,91.4,0.0,0.0,7769.0
2025-09-12,G002,Bread Loaf,Bakery,North,136,43.59,10.0,0.0,5335.42
2025-12-04,G001,Milk 1L,Dairy,North,398,56.45,0.0,0.0,22467.1
2025-05-10,G007,Instant Noodles,Packaged Foods,South,232,18.08,0.0,0.0,4194.56
2025-08-27,G002,Bread Loaf,Bakery,South,163,46.44,0.0,0.0,7569.72
2025-11-13,G005,Cooking Oil 1L,Staples,South,102,136.19,0.0,0.0,13891.38
2025-11-20,G007,Instant Noodles,Packaged Foods,South,294,18.55,0.0,0.0,5453.7
2025-05-28,G002,Bread Loaf,Bakery,South,122,43.4,0.0,0.0,5294.8
2025-04-28,G001,Milk 1L,Dairy,East,302,56.26,0.0,0.0,16990.52
2025-09-30,G007,Instant Noodles,Packaged Foods,South,274,18.11,0.0,146.53,4962.14
2025-10-12,G006,Bananas 1kg,Produce,East,354,40.6,0.0,0.0,14372.4
2025-04-12,G001,Milk 1L,Dairy,South,202,54.99,0.0,603.39,11107.98
2025-08-14,G002,Bread Loaf,Bakery,West,124,44.06,0.0,0.0,5463.44
2025-12-06,G006,Bananas 1kg,Produce,South,134,38.48,10.0,468.96,4640.69
2025-01-06,G001,Milk 1L,Dairy,North,218,52.99,0.0,411.91,11551.82
2025-09-13,G003,Eggs (12),Dairy,South,119,91.78,0.0,0.0,10921.82
2025-04-03,G006,Bananas 1kg,Produce,South,163,39.2,0.0,0.0,6389.6
2025-01-22,G001,Milk 1L,Dairy,South,177,55.94,0.0,0.0,9901.38
2025-01-28,G004,Rice 5kg,Staples,West,47,315.32,0.0,0.0,14820.04
2025-08-25,G006,Bananas 1kg,Produce,South,99,40.96,5.0,0.0,3852.29
2025-10-16,G007,Instant Noodles,Packaged Foods,South,228,18.6,0.0,305.65,4240.8
2025-11-14,G004,Rice 5kg,Staples,North,46,316.8,0.0,0.0,14572.8
2025-11-23,G001,Milk 1L,Dairy,East,321,54.91,0.0,0.0,17626.11
2025-06-05,G001,Milk 1L,Dairy,West,125,53.78,0.0,0.0,6722.5
2025-07-23,G003,Eggs (12),Dairy,West,74,92.72,10.0,0.0,6175.15
2025-01-15,G004,Rice 5kg,Staples,North,56,307.73,0.0,0.0,17232.88
2025-11-11,G004,Rice 5kg,Staples,North,43,307.85,0.0,0.0,13237.55
2025-02-17,G007,Instant Noodles,Packaged Foods,North,259,17.46,0.0,0.0,4522.14
2025-04-24,G005,Cooking Oil 1L,Staples,East,64,139.75,5.0,0.0,8496.8
2025-10-16,G005,Cooking Oil 1L,Staples,East,85,143.78,0.0,0.0,12221.3
2025-09-14,G006,Bananas 1kg,Produce,West,180,40.6,0.0,0.0,7308.0
2025-02-26,G003,Eggs (12),Dairy,East,74,86.52,0.0,0.0,6402.48
2025-08-02,G004,Rice 5kg,Staples,West,107,312.97,0.0,0.0,33487.79
2025-01-08,G006,Bananas 1kg,Produce,South,91,38.99,0.0,0.0,3548.09
2025-11-17,G003,Eggs (12),Dairy,North,97,90.46,0.0,0.0,8774.62
2025-06-22,G004,Rice 5kg,Staples,West,69,315.8,0.0,0.0,21790.2
2025-02-24,G007,Instant Noodles,Packaged Foods,West,413,17.63,10.0,0.0,6553.07
2025-05-10,G003,Eggs (12),Dairy,South,117,87.99,5.0,0.0,9780.09
2025-12-22,G004,Rice 5kg,Staples,South,69,309.06,0.0,0.0,21325.14
2025-05-01,G002,Bread Loaf,Bakery,West,200,46.37,0.0,713.03,9274.0
2025-09-17,G007,Instant Noodles,Packaged Foods,East,368,17.75,0.0,0.0,6532.0
2025-05-31,G003,Eggs (12),Dairy,West,122,89.53,0.0,0.0,10922.66
2025-07-29,G005,Cooking Oil 1L,Staples,East,75,137.63,0.0,0.0,10322.25
2025-12-18,G005,Cooking Oil 1L,Staples,South,90,137.28,0.0,0.0,12355.2
2025-10-08,G006,Bananas 1kg,Produce,West,118,38.43,0.0,0.0,4534.74
2025-08-14,G002,Bread Loaf,Bakery,South,172,45.42,0.0,0.0,7812.24
2025-01-17,G001,Milk 1L,Dairy,West,266,53.71,0.0,0.0,14286.86
2025-05-24,G004,Rice 5kg,Staples,East,52,319.96,0.0,0.0,16637.92
2025-07-12,G003,Eggs (12),Dairy,East,160,89.86,0.0,0.0,14377.6
2025-03-26,G007,Instant Noodles,Packaged Foods,East,311,17.59,0.0,50.49,5470.49
2025-06-21,G007,Instant Noodles,Packaged Foods,North,402,18.68,0.0,0.0,7509.36
2025-09-30,G005,Cooking Oil 1L,Staples,South,85,136.56,0.0,0.0,11607.6
2025-12-19,G004,Rice 5kg,Staples,East,42,332.31,0.0,0.0,13957.02
2025-10-22,G005,Cooking Oil 1L,Staples,West,87,137.47,0.0,0.0,11959.89
2025-07-24,G002,Bread Loaf,Bakery,West,172,45.42,0.0,0.0,7812.24
2025-09-12,G005,Cooking Oil 1L,Staples,East,95,141.23,0.0,0.0,13416.85
2025-10-29,G001,Milk 1L,Dairy,West,284,56.18,0.0,0.0,15955.12
2025-02-22,G005,Cooking Oil 1L,Staples,North,127,134.41,5.0,0.0,16216.57
2025-01-19,G001,Milk 1L,Dairy,East,337,52.95,10.0,0.0,16059.74
2025-10-03,G004,Rice 5kg,Staples,South,80,311.25,0.0,0.0,24900.0
2025-05-25,G001,Milk 1L,Dairy,North,365,54.28,0.0,105.78,19812.2
2025-11-23,G006,Bananas 1kg,Produce,South,141,38.95,10.0,0.0,4942.76
2025-04-02,G007,Instant Noodles,Packaged Foods,North,423,17.79,0.0,0.0,7525.17
2025-12-15,G002,Bread Loaf,Bakery,North,155,43.24,0.0,0.0,6702.2
2025-04-02,G006,Bananas 1kg,Produce,East,271,41.6,0.0,0.0,11273.6
2025-10-18,G003,Eggs (12),Dairy,West,90,93.22,10.0,0.0,7550.82
2025-01-10,G001,Milk 1L,Dairy,South,199,53.96,0.0,0.0,10738.04
2025-07-25,G003,Eggs (12),Dairy,South,112,91.99,0.0,0.0,10302.88
2025-08-13,G001,Milk 1L,Dairy,West,318,53.62,0.0,148.42,17051.16
2025-07-12,G001,Milk 1L,Dairy,West,343,53.74,0.0,0.0,18432.82
2025-07-14,G007,Instant Noodles,Packaged Foods,North,153,17.31,0.0,0.0,2648.43
2025-04-26,G004,Rice 5kg,Staples,East,52,318.86,0.0,580.82,16580.72
2025-08-31,G003,Eggs (12),Dairy,North,116,89.05,0.0,0.0,10329.8
2025-02-26,G004,Rice 5kg,Staples,North,41,314.31,0.0,0.0,12886.71
2025-04-01,G006,Bananas 1kg,Produce,East,266,40.95,0.0,784.55,10892.7
2025-03-05,G001,Milk 1L,Dairy,South,114,54.82,0.0,0.0,6249.48
2025-08-03,G001,Milk 1L,Dairy,South,277,54.42,10.0,0.0,13566.91
2025-04-22,G001,Milk 1L,Dairy,West,133,53.09,5.0,0.0,6707.92
2025-10-08,G003,Eggs (12),Dairy,North,81,88.95,0.0,0.0,7204.95
2025-09-22,G002,Bread Loaf,Bakery,East,176,44.39,5.0,0.0,7422.01
2025-11-23,G007,Instant Noodles,Packaged Foods,West,506,17.59,0.0,0.0,8900.54
2025-09-03,G004,Rice 5kg,Staples,North,94,307.65,0.0,0.0,28919.1
2025-01-19,G002,Bread Loaf,Bakery,East,281,44.56,0.0,175.68,12521.36
2025-11-13,G006,Bananas 1kg,Produce,North,131,41.26,10.0,0.0,4864.55
2025-05-30,G003,Eggs (12),Dairy,East,130,89.0,0.0,15.71,11570.0
2025-12-02,G003,Eggs (12),Dairy,West,118,90.54,5.0,215.41,10149.53
2025-10-20,G004,Rice 5kg,Staples,West,53,313.08,0.0,0.0,16593.24
2025-03-10,G005,Cooking Oil 1L,Staples,South,61,144.36,0.0,0.0,8805.96
2025-08-26,G002,Bread Loaf,Bakery,West,107,43.92,0.0,0.0,4699.44
2025-09-02,G007,Instant Noodles,Packaged Foods,West,606,18.57,0.0,0.0,11253.42
2025-06-20,G004,Rice 5kg,Staples,South,38,331.21,10.0,0.0,11327.38
2025-09-15,G001,Milk 1L,Dairy,East,289,56.27,0.0,437.04,16262.03
2025-09-12,G007,Instant Noodles,Packaged Foods,East,175,17.55,5.0,0.0,2917.69
2025-10-01,G003,Eggs (12),Dairy,North,105,89.12,0.0,0.0,9357.6
2025-11-23,G007,Instant Noodles,Packaged Foods,North,455,18.33,10.0,0.0,7506.14
2025-11-27,G005,Cooking Oil 1L,Staples,East,73,137.72,0.0,0.0,10053.56
2025-01-17,G007,Instant Noodles,Packaged Foods,East,346,18.47,0.0,0.0,6390.62
2025-07-06,G006,Bananas 1kg,Produce,South,129,39.39,10.0,0.0,4573.18
2025-03-25,G005,Cooking Oil 1L,Staples,North,87,140.76,0.0,0.0,12246.12
2025-12-24,G002,Bread Loaf,Bakery,North,128,43.42,0.0,0.0,5557.76
2025-10-28,G002,Bread Loaf,Bakery,South,81,44.98,0.0,0.0,3643.38
2025-04-09,G006,Bananas 1kg,Produce,South,100,38.45,0.0,0.0,3845.0
2025-05-22,G001,Milk 1L,Dairy,West,140,54.67,0.0,379.61,7653.8
2025-08-28,G004,Rice 5kg,Staples,South,58,308.68,0.0,136.83,17903.44
2025-05-31,G005,Cooking Oil 1L,Staples,South,57,141.22,0.0,0.0,8049.54
2025-11-08,G002,Bread Loaf,Bakery,East,285,45.61,0.0,0.0,12998.85
2025-12-20,G003,Eggs (12),Dairy,South,81,87.31,0.0,0.0,7072.11
2025-08-07,G004,Rice 5kg,Staples,South,63,317.09,0.0,0.0,19976.67
2025-08-06,G004,Rice 5kg,Staples,North,49,325.24,0.0,0.0,15936.76
2025-11-23,G001,Milk 1L,Dairy,North,375,54.7,0.0,0.0,20512.5
2025-10-19,G001,Milk 1L,Dairy,North,440,56.0,0.0,307.36,24640.0
2025-10-25,G007,Instant Noodles,Packaged Foods,East,466,17.57,0.0,0.0,8187.62
2025-12-06,G001,Milk 1L,Dairy,North,298,54.42,0.0,0.0,16217.16
2025-04-14,G001,Milk 1L,Dairy,East,278,55.45,0.0,0.0,15415.1
2025-07-27,G003,Eggs (12),Dairy,North,95,92.83,0.0,0.0,8818.85
2025-02-10,G004,Rice 5kg,Staples,West,36,307.34,0.0,0.0,11064.24
2025-09-13,G006,Bananas 1kg,Produce,South,152,39.54,5.0,0.0,5709.58
2025-11-23,G003,Eggs (12),Dairy,South,111,91.92,0.0,627.82,10203.12
2025-10-25,G007,Instant Noodles,Packaged Foods,South,232,18.37,0.0,433.59,4261.84
2025-09-12,G001,Milk 1L,Dairy,East,274,53.34,0.0,0.0,14615.16
2025-01-16,G002,Bread Loaf,Bakery,West,115,44.59,0.0,0.0,5127.85
2025-08-28,G006,Bananas 1kg,Produce,South,131,38.75,10.0,0.0,4568.62
2025-11-05,G001,Milk 1L,Dairy,North,224,53.41,10.0,0.0,10767.46
2025-07-02,G005,Cooking Oil 1L,Staples,West,156,143.8,10.0,0.0,20189.52
2025-07-15,G001,Milk 1L,Dairy,West,270,54.7,0.0,0.0,14769.0
2025-06-19,G003,Eggs (12),Dairy,North,87,91.55,0.0,0.0,7964.85
2025-11-22,G001,Milk 1L,Dairy,North,276,54.4,10.0,0.0,13512.96
2025-12-07,G003,Eggs (12),Dairy,South,146,87.34,0.0,0.0,12751.64
2025-04-12,G003,Eggs (12),Dairy,East,216,88.64,0.0,0.0,19146.24
2025-09-13,G006,Bananas 1kg,Produce,East,212,38.75,0.0,0.0,8215.0
2025-05-27,G006,Bananas 1kg,Produce,South,86,41.02,0.0,0.0,3527.72
2025-03-01,G006,Bananas 1kg,Produce,West,154,38.48,10.0,0.0,5333.33
2025-01-16,G004,Rice 5kg,Staples,South,48,330.85,0.0,0.0,15880.8
2025-05-05,G003,Eggs (12),Dairy,West,92,86.51,0.0,471.34,7958.92
2025-08-14,G007,Instant Noodles,Packaged Foods,North,201,17.58,0.0,0.0,3533.58
2025-01-28,G006,Bananas 1kg,Produce,South,83,39.57,10.0,0.0,2955.88
2025-06-08,G005,Cooking Oil 1L,Staples,North,110,142.48,10.0,0.0,14105.52
2025-03-14,G001,Milk 1L,Dairy,East,206,53.62,0.0,0.0,11045.72
2025-06-02,G002,Bread Loaf,Bakery,West,211,45.61,0.0,0.0,9623.71
2025-08-14,G004,Rice 5kg,Staples,South,57,331.65,0.0,0.0,18904.05
2025-05-27,G007,Instant Noodles,Packaged Foods,West,415,18.6,0.0,231.04,7719.0
2025-04-27,G005,Cooking Oil 1L,Staples,East,117,145.13,0.0,0.0,16980.21
2025-05-26,G005,Cooking Oil 1L,Staples,East,76,137.77,5.0,0.0,9946.99
2025-10-29,G007,Instant Noodles,Packaged Foods,West,292,18.07,0.0,0.0,5276.44
2025-09-20,G001,Milk 1L,Dairy,South,236,53.83,0.0,0.0,12703.88
2025-01-22,G001,Milk 1L,Dairy,West,247,53.54,0.0,0.0,13224.38
2025-01-20,G006,Bananas 1kg,Produce,West,76,41.02,0.0,0.0,3117.52
2025-01-25,G003,Eggs (12),Dairy,East,136,90.11,0.0,0.0,12254.96
2025-05-09,G002,Bread Loaf,Bakery,North,182,45.35,0.0,0.0,8253.7
2025-07-09,G004,Rice 5kg,Staples,South,43,310.49,0.0,0.0,13351.07
2025-11-25,G007,Instant Noodles,Packaged Foods,South,253,18.14,5.0,0.0,4359.95
2025-09-04,G006,Bananas 1kg,Produce,North,239,41.57,10.0,0.0,8941.71
2025-10-05,G007,Instant Noodles,Packaged Foods,East,159,17.64,0.0,0.0,2804.76
2025-09-24,G007,Instant Noodles,Packaged Foods,South,242,17.68,0.0,0.0,4278.56
2025-07-17,G003,Eggs (12),Dairy,East,110,88.45,0.0,0.0,9729.5
2025-06-06,G006,Bananas 1kg,Produce,South,78,39.19,0.0,620.88,3056.82
2025-01-17,G005,Cooking Oil 1L,Staples,North,69,136.33,0.0,0.0,9406.77
2025-10-13,G001,Milk 1L,Dairy,South,131,57.11,0.0,0.0,7481.41
2025-10-11,G007,Instant Noodles,Packaged Foods,South,234,17.74,0.0,0.0,4151.16
2025-11-24,G002,Bread Loaf,Bakery,North,136,46.08,0.0,0.0,6266.88
2025-09-18,G002,Bread Loaf,Bakery,West,99,45.83,0.0,0.0,4537.17
2025-11-10,G001,Milk 1L,Dairy,North,328,55.34,0.0,0.0,18151.52
2025-02-19,G006,Bananas 1kg,Produce,East,156,40.99,0.0,0.0,6394.44
2025-11-05,G005,Cooking Oil 1L,Staples,North,59,142.44,0.0,0.0,8403.96
2025-08-22,G005,Cooking Oil 1L,Staples,East,81,141.1,0.0,565.52,11429.1
2025-10-01,G005,Cooking Oil 1L,Staples,West,142,134.64,0.0,0.0,19118.88
2025-10-06,G004,Rice 5kg,Staples,South,55,332.02,0.0,362.04,18261.1
2025-06-29,G002,Bread Loaf,Bakery,North,171,43.79,0.0,0.0,7488.09
2025-12-02,G005,Cooking Oil 1L,Staples,North,110,143.02,0.0,0.0,15732.2
2025-12-09,G002,Bread Loaf,Bakery,South,93,46.4,0.0,0.0,4315.2
2025-08-31,G004,Rice 5kg,Staples,South,64,320.78,0.0,620.24,20529.92
2025-09-17,G006,Bananas 1kg,Produce,West,100,41.45,0.0,0.0,4145.0
2025-06-19,G001,Milk 1L,Dairy,West,282,55.09,0.0,0.0,15535.38
2025-12-30,G006,Bananas 1kg,Produce,West,109,39.08,0.0,0.0,4259.72
2025-08-01,G002,Bread Loaf,Bakery,South,112,45.9,0.0,0.0,5140.8
2025-07-03,G007,Instant Noodles,Packaged Foods,North,519,17.38,5.0,0.0,8569.21
2025-05-21,G002,Bread Loaf,Bakery,North,93,44.26,0.0,0.0,4116.18
2025-09-17,G003,Eggs (12),Dairy,South,80,88.87,0.0,0.0,7109.6
2025-12-07,G002,Bread Loaf,Bakery,West,257,46.74,0.0,0.0,12012.18
2025-07-13,G002,Bread Loaf,Bakery,North,244,43.99,0.0,0.0,10733.56
2025-05-02,G002,Bread Loaf,Bakery,West,104,45.22,5.0,0.0,4467.74
2025-10-10,G005,Cooking Oil 1L,Staples,South,143,137.54,0.0,0.0,19668.22
2025-02-27,G004,Rice 5kg,Staples,North,54,330.9,0.0,0.0,17868.6
2025-07-21,G005,Cooking Oil 1L,Staples,South,97,143.61,0.0,3.42,13930.17
2025-12-31,G001,Milk 1L,Dairy,East,171,56.07,0.0,0.0,9587.97
2025-02-12,G007,Instant Noodles,Packaged Foods,East,264,18.16,0.0,0.0,4794.24
2025-05-23,G001,Milk 1L,Dairy,West,194,52.88,0.0,0.0,10258.72
2025-02-15,G007,Instant Noodles,Packaged Foods,West,584,17.79,0.0,0.0,10389.36
2025-05-12,G004,Rice 5kg,Staples,East,48,331.96,5.0,0.0,15137.38
2025-10-25,G004,Rice 5kg,Staples,North,80,318.42,0.0,0.0,25473.6
2025-10-12,G005,Cooking Oil 1L,Staples,West,118,137.3,10.0,0.0,14581.26
2025-11-03,G002,Bread Loaf,Bakery,West,217,43.28,0.0,0.0,9391.76
2025-06-03,G001,Milk 1L,Dairy,West,240,52.83,0.0,48.75,12679.2
2025-05-04,G007,Instant Noodles,Packaged Foods,East,445,17.46,5.0,0.0,7381.22
2025-09-26,G005,Cooking Oil 1L,Staples,North,74,136.97,0.0,0.0,10135.78
2025-09-21,G006,Bananas 1kg,Produce,East,199,38.98,0.0,0.0,7757.02
2025-12-17,G006,Bananas 1kg,Produce,South,110,40.19,0.0,0.0,4420.9
2025-09-12,G003,Eggs (12),Dairy,North,122,89.49,0.0,0.0,10917.78
2025-04-27,G004,Rice 5kg,Staples,West,57,315.14,0.0,87.52,17962.98
2025-06-18,G006,Bananas 1kg,Produce,East,136,39.25,0.0,0.0,5338.0
2025-10-30,G002,Bread Loaf,Bakery,East,103,43.63,0.0,0.0,4493.89
2025-07-04,G006,Bananas 1kg,Produce,West,104,40.97,0.0,0.0,4260.88
2025-01-13,G006,Bananas 1kg,Produce,South,73,39.1,5.0,0.0,2711.59
2025-05-18,G004,Rice 5kg,Staples,East,48,317.73,0.0,0.0,15251.04
2025-09-29,G004,Rice 5kg,Staples,South,65,314.86,0.0,0.0,20465.9
2025-01-05,G007,Instant Noodles,Packaged Foods,North,414,17.35,0.0,792.97,7182.9
2025-02-07,G001,Milk 1L,Dairy,North,213,53.69,0.0,170.33,11435.97
2025-06-06,G007,Instant Noodles,Packaged Foods,West,418,18.32,0.0,0.0,7657.76
2025-08-17,G004,Rice 5kg,Staples,West,99,319.23,0.0,0.0,31603.77
2025-01-30,G007,Instant Noodles,Packaged Foods,West,344,17.56,0.0,0.0,6040.64
2025-10-04,G006,Bananas 1kg,Produce,North,256,38.97,0.0,0.0,9976.32
2025-03-01,G004,Rice 5kg,Staples,North,96,328.33,0.0,0.0,31519.68
2025-07-31,G006,Bananas 1kg,Produce,North,143,39.88,0.0,0.0,5702.84
2025-04-24,G006,Bananas 1kg,Produce,North,159,38.85,0.0,0.0,6177.15
2025-07-29,G005,Cooking Oil 1L,Staples,West,86,138.22,0.0,0.0,11886.92
2025-11-05,G005,Cooking Oil 1L,Staples,East,100,139.37,10.0,0.0,12543.3
2025-02-05,G005,Cooking Oil 1L,Staples,North,73,135.59,0.0,0.0,9898.07
2025-03-16,G006,Bananas 1kg,Produce,North,251,41.01,0.0,662.96,10293.51
2025-11-17,G001,Milk 1L,Dairy,North,313,55.28,0.0,399.03,17302.64
2025-07-28,G006,Bananas 1kg,Produce,North,114,39.44,0.0,0.0,4496.16
2025-07-20,G006,Bananas 1kg,Produce,East,220,40.6,0.0,0.0,8932.0
2025-04-25,G005,Cooking Oil 1L,Staples,South,78,140.17,0.0,520.07,10933.26
2025-10-07,G002,Bread Loaf,Bakery,North,85,46.57,0.0,0.0,3958.45
2025-12-18,G006,Bananas 1kg,Produce,West,99,41.0,0.0,737.2,4059.0
2025-07-19,G003,Eggs (12),Dairy,North,99,91.89,5.0,331.95,8642.25
2025-10-23,G005,Cooking Oil 1L,Staples,South,58,142.36,0.0,0.0,8256.88
2025-11-04,G005,Cooking Oil 1L,Staples,West,79,141.04,10.0,0.0,10027.94
2025-06-03,G003,Eggs (12),Dairy,North,126,87.42,0.0,0.0,11014.92
2025-12-03,G003,Eggs (12),Dairy,West,158,86.59,0.0,0.0,13681.22
2025-03-17,G004,Rice 5kg,Staples,North,43,313.44,0.0,0.0,13477.92
2025-04-22,G004,Rice 5kg,Staples,East,52,309.43,10.0,0.0,14481.32
2025-11-03,G002,Bread Loaf,Bakery,South,283,44.48,0.0,132.89,12587.84
2025-03-05,G007,Instant Noodles,Packaged Foods,South,311,17.55,0.0,0.0,5458.05
2025-10-13,G006,Bananas 1kg,Produce,South,89,39.26,5.0,2.46,3319.43
2025-04-13,G001,Milk 1L,Dairy,North,284,55.97,0.0,0.0,15895.48
2025-03-09,G001,Milk 1L,Dairy,North,334,53.97,0.0,0.0,18025.98
2025-05-05,G004,Rice 5kg,Staples,South,60,319.77,0.0,0.0,19186.2
2025-03-06,G006,Bananas 1kg,Produce,West,79,38.6,0.0,0.0,3049.4
2025-10-31,G007,Instant Noodles,Packaged Foods,West,334,17.97,0.0,0.0,6001.98
2025-08-27,G006,Bananas 1kg,Produce,South,112,38.55,0.0,0.0,4317.6
2025-09-18,G005,Cooking Oil 1L,Staples,North,64,143.01,5.0,0.0,8695.01
2025-07-26,G005,Cooking Oil 1L,Staples,South,115,136.35,0.0,0.0,15680.25
2025-04-17,G006,Bananas 1kg,Produce,North,147,41.45,0.0,0.0,6093.15
2025-12-07,G007,Instant Noodles,Packaged Foods,East,349,18.31,0.0,0.0,6390.19
2025-02-03,G006,Bananas 1kg,Produce,North,340,40.17,0.0,0.0,13657.8
2025-09-07,G004,Rice 5kg,Staples,East,77,324.08,0.0,0.0,24954.16
2025-06-01,G003,Eggs (12),Dairy,North,224,89.61,0.0,0.0,20072.64
2025-11-13,G004,Rice 5kg,Staples,South,60,320.63,0.0,0.0,19237.8
2025-12-15,G003,Eggs (12),Dairy,East,101,89.56,0.0,0.0,9045.56
2025-07-22,G002,Bread Loaf,Bakery,West,94,45.49,0.0,0.0,4276.06
2025-12-28,G006,Bananas 1kg,Produce,East,238,40.17,0.0,0.0,9560.46
2025-01-04,G007,Instant Noodles,Packaged Foods,East,402,18.34,10.0,0.0,6635.41
2025-08-01,G004,Rice 5kg,Staples,East,53,329.22,0.0,0.0,17448.66
2025-07-11,G004,Rice 5kg,Staples,West,39,322.93,0.0,0.0,12594.27
2025-05-29,G001,Milk 1L,Dairy,West,210,53.78,0.0,0.0,11293.8
2025-03-06,G002,Bread Loaf,Bakery,North,115,44.24,0.0,519.84,5087.6
2025-05-03,G005,Cooking Oil 1L,Staples,West,115,137.98,0.0,0.0,15867.7
2025-08-08,G003,Eggs (12),Dairy,North,87,89.6,0.0,0.0,7795.2
2025-05-06,G004,Rice 5kg,Staples,South,53,310.51,0.0,169.23,16457.03
2025-12-20,G002,Bread Loaf,Bakery,North,232,45.38,5.0,553.39,10001.75
2025-04-11,G002,Bread Loaf,Bakery,West,118,45.74,10.0,0.0,4857.59
2025-09-10,G006,Bananas 1kg,Produce,North,289,40.91,0.0,0.0,11822.99
2025-05-13,G007,Instant Noodles,Packaged Foods,West,267,17.88,0.0,0.0,4773.96
2025-05-13,G002,Bread Loaf,Bakery,North,124,46.02,0.0,0.0,5706.48
2025-05-30,G006,Bananas 1kg,Produce,West,71,39.89,0.0,0.0,2832.19
2025-07-11,G006,Bananas 1kg,Produce,East,114,40.39,0.0,0.0,4604.46
2025-10-02,G003,Eggs (12),Dairy,South,138,93.41,0.0,0.0,12890.58
2025-02-23,G001,Milk 1L,Dairy,North,257,55.71,0.0,0.0,14317.47
2025-06-26,G007,Instant Noodles,Packaged Foods,South,274,17.59,5.0,0.0,4578.68
2025-02-13,G001,Milk 1L,Dairy,South,134,53.21,0.0,0.0,7130.14
2025-06-21,G002,Bread Loaf,Bakery,West,220,43.62,0.0,0.0,9596.4
2025-04-25,G005,Cooking Oil 1L,Staples,West,122,139.38,0.0,0.0,17004.36
2025-12-15,G005,Cooking Oil 1L,Staples,South,107,138.24,5.0,0.0,14052.1
2025-05-08,G002,Bread Loaf,Bakery,East,187,45.03,0.0,0.0,8420.61
2025-06-29,G001,Milk 1L,Dairy,West,349,55.06,0.0,0.0,19215.94
2025-07-29,G006,Bananas 1kg,Produce,North,198,39.13,5.0,516.53,7360.35
2025-12-23,G003,Eggs (12),Dairy,West,96,87.73,0.0,0.0,8422.08
2025-11-29,G001,Milk 1L,Dairy,North,264,55.7,0.0,0.0,14704.8
2025-05-02,G001,Milk 1L,Dairy,North,466,55.2,0.0,0.0,25723.2
2025-07-27,G006,Bananas 1kg,Produce,East,271,40.16,5.0,0.0,10339.19
2025-07-04,G006,Bananas 1kg,Produce,South,97,38.63,0.0,0.0,3747.11
2025-10-28,G003,Eggs (12),Dairy,West,104,92.5,0.0,0.0,9620.0
2025-01-02,G002,Bread Loaf,Bakery,East,240,45.24,0.0,0.0,10857.6
2025-08-15,G002,Bread Loaf,Bakery,North,187,44.22,10.0,0.0,7442.23
2025-06-08,G005,Cooking Oil 1L,Staples,East,125,142.68,0.0,0.0,17835.0
2025-11-10,G002,Bread Loaf,Bakery,North,135,45.91,0.0,0.0,6197.85
2025-10-04,G004,Rice 5kg,Staples,East,51,309.63,0.0,523.48,15791.13
2025-07-12,G006,Bananas 1kg,Produce,East,235,41.48,0.0,0.0,9747.8
2025-11-22,G002,Bread Loaf,Bakery,West,109,44.26,5.0,0.0,4583.12
2025-07-12,G006,Bananas 1kg,Produce,West,131,40.03,0.0,0.0,5243.93
2025-12-04,G001,Milk 1L,Dairy,South,189,56.38,0.0,744.9,10655.82
2025-12-14,G007,Instant Noodles,Packaged Foods,East,480,18.16,0.0,0.0,8716.8
2025-10-05,G006,Bananas 1kg,Produce,East,134,40.24,10.0,0.0,4852.94
2025-05-06,G003,Eggs (12),Dairy,South,90,88.46,0.0,0.0,7961.4
2025-12-13,G006,Bananas 1kg,Produce,South,168,39.41,0.0,0.0,6620.88
2025-09-04,G003,Eggs (12),Dairy,South,50,90.3,0.0,0.0,4515.0
2025-12-04,G004,Rice 5kg,Staples,West,60,325.2,0.0,0.0,19512.0
2025-08-31,G003,Eggs (12),Dairy,East,176,91.76,0.0,0.0,16149.76
2025-07-20,G002,Bread Loaf,Bakery,West,130,44.13,0.0,0.0,5736.9
2025-11-19,G002,Bread Loaf,Bakery,North,93,46.21,0.0,0.0,4297.53
2025-02-05,G004,Rice 5kg,Staples,South,55,315.96,0.0,0.0,17377.8
2025-06-16,G005,Cooking Oil 1L,Staples,East,67,139.78,0.0,0.0,9365.26
2025-06-12,G006,Bananas 1kg,Produce,North,141,40.01,0.0,0.0,5641.41
2025-09-13,G001,Milk 1L,Dairy,East,354,56.99,0.0,0.0,20174.46
2025-10-26,G007,Instant Noodles,Packaged Foods,West,359,18.31,5.0,0.0,6244.63
2025-02-03,G002,Bread Loaf,Bakery,South,240,43.53,0.0,0.0,10447.2
2025-11-25,G001,Milk 1L,Dairy,East,269,56.7,0.0,0.0,15252.3
2025-09-19,G001,Milk 1L,Dairy,East,355,55.83,0.0,0.0,19819.65
2025-02-19,G002,Bread Loaf,Bakery,South,181,46.43,0.0,0.0,8403.83
2025-12-30,G001,Milk 1L,Dairy,South,107,55.96,5.0,308.22,5688.33
2025-08-28,G003,Eggs (12),Dairy,East,151,88.38,10.0,0.0,12010.84
2025-02-25,G002,Bread Loaf,Bakery,West,131,46.32,0.0,0.0,6067.92
2025-03-22,G001,Milk 1L,Dairy,East,341,57.06,0.0,0.0,19457.46
2025-05-18,G003,Eggs (12),Dairy,East,92,86.99,0.0,0.0,8003.08
2025-06-28,G002,Bread Loaf,Bakery,South,240,46.38,5.0,21.36,10574.64
2025-07-03,G003,Eggs (12),Dairy,South,126,91.71,0.0,0.0,11555.46
2025-06-06,G005,Cooking Oil 1L,Staples,East,97,141.31,0.0,681.15,13707.07
2025-08-12,G007,Instant Noodles,Packaged Foods,North,367,17.89,0.0,0.0,6565.63
2025-05-01,G001,Milk 1L,Dairy,North,421,54.88,5.0,0.0,21949.26
2025-03-11,G005,Cooking Oil 1L,Staples,West,77,136.22,5.0,0.0,9964.49
2025-06-19,G007,Instant Noodles,Packaged Foods,East,276,17.88,0.0,0.0,4934.88
2025-03-09,G004,Rice 5kg,Staples,South,82,332.59,0.0,0.0,27272.38
2025-05-25,G003,Eggs (12),Dairy,East,138,87.62,0.0,0.0,12091.56
2025-10-10,G006,Bananas 1kg,Produce,South,136,41.16,5.0,0.0,5317.87
2025-10-12,G004,Rice 5kg,Staples,North,86,327.46,0.0,0.0,28161.56
2025-02-08,G003,Eggs (12),Dairy,South,139,90.32,0.0,62.87,12554.48
2025-02-12,G001,Milk 1L,Dairy,North,176,53.3,0.0,0.0,9380.8
2025-09-22,G001,Milk 1L,Dairy,East,141,54.43,0.0,224.95,7674.63
2025-03-18,G004,Rice 5kg,Staples,East,30,314.32,0.0,66.59,9429.6
2025-07-24,G004,Rice 5kg,Staples,East,28,317.96,0.0,0.0,8902.88
2025-12-31,G005,Cooking Oil 1L,Staples,North,101,136.75,0.0,0.0,13811.75
2025-11-22,G003,Eggs (12),Dairy,West,118,89.55,0.0,559.95,10566.9
2025-10-16,G003,Eggs (12),Dairy,East,72,89.87,0.0,0.0,6470.64
2025-06-15,G006,Bananas 1kg,Produce,North,199,41.17,0.0,0.0,8192.83
2025-10-05,G004,Rice 5kg,Staples,North,90,327.37,0.0,553.2,29463.3
2025-02-19,G004,Rice 5kg,Staples,North,43,322.43,0.0,0.0,13864.49
2025-08-02,G001,Milk 1L,Dairy,East,658,56.69,0.0,0.0,37302.02
2025-03-23,G006,Bananas 1kg,Produce,East,211,38.76,0.0,0.0,8178.36
2025-09-09,G001,Milk 1L,Dairy,West,223,56.85,0.0,574.91,12677.55
2025-09-18,G005,Cooking Oil 1L,Staples,East,67,134.85,0.0,0.0,9034.95
2025-02-17,G006,Bananas 1kg,Produce,East,162,40.47,0.0,0.0,6556.14
2025-11-07,G004,Rice 5kg,Staples,West,61,315.78,0.0,0.0,19262.58
2025-08-14,G005,Cooking Oil 1L,Staples,West,100,134.44,5.0,0.0,12771.8
2025-03-09,G002,Bread Loaf,Bakery,West,171,44.47,0.0,0.0,7604.37
2025-05-10,G006,Bananas 1kg,Produce,South,154,40.17,0.0,0.0,6186.18
2025-12-26,G002,Bread Loaf,Bakery,South,182,43.63,0.0,0.0,7940.66
2025-06-18,G001,Milk 1L,Dairy,North,222,55.31,0.0,0.0,12278.82
2025-02-23,G002,Bread Loaf,Bakery,North,212,44.33,0.0,0.0,9397.96
2025-10-20,G005,Cooking Oil 1L,Staples,West,52,140.22,0.0,0.0,7291.44
2025-04-28,G004,Rice 5kg,Staples,North,49,317.85,0.0,0.0,15574.65
2025-05-18,G006,Bananas 1kg,Produce,East,318,40.69,0.0,0.0,12939.42
2025-11-03,G007,Instant Noodles,Packaged Foods,South,337,18.0,0.0,0.0,6066.0
2025-06-10,G001,Milk 1L,Dairy,North,203,54.0,10.0,0.0,9865.8
2025-02-06,G005,Cooking Oil 1L,Staples,North,72,144.38,0.0,0.0,10395.36
2025-03-31,G004,Rice 5kg,Staples,East,52,310.62,0.0,0.0,16152.24
2025-09-23,G002,Bread Loaf,Bakery,West,222,46.32,0.0,0.0,10283.04
2025-04-20,G001,Milk 1L,Dairy,East,222,53.25,10.0,0.0,10639.35
2025-09-08,G004,Rice 5kg,Staples,East,47,324.63,0.0,0.0,15257.61
2025-05-17,G002,Bread Loaf,Bakery,South,218,45.61,0.0,0.0,9942.98
2025-02-04,G007,Instant Noodles,Packaged Foods,North,171,18.11,0.0,0.0,3096.81
2025-10-27,G004,Rice 5kg,Staples,West,28,319.64,5.0,0.0,8502.42
2025-03-08,G006,Bananas 1kg,Produce,North,225,39.99,0.0,0.0,8997.75
2025-12-15,G007,Instant Noodles,Packaged Foods,South,270,17.79,0.0,0.0,4803.3
2025-04-13,G004,Rice 5kg,Staples,South,98,319.02,10.0,0.0,28137.56
2025-02-07,G006,Bananas 1kg,Produce,South,98,40.21,0.0,0.0,3940.58
2025-07-13,G003,Eggs (12),Dairy,East,161,86.87,5.0,0.0,13286.77
2025-08-21,G005,Cooking Oil 1L,Staples,West,95,137.87,10.0,0.0,11787.89
2025-06-27,G001,Milk 1L,Dairy,South,197,54.28,0.0,0.0,10693.16
2025-08-01,G005,Cooking Oil 1L,Staples,South,144,144.25,0.0,0.0,20772.0
2025-07-23,G002,Bread Loaf,Bakery,East,217,43.81,0.0,0.0,9506.77
2025-05-23,G002,Bread Loaf,Bakery,North,99,46.15,0.0,0.0,4568.85
2025-08-21,G001,Milk 1L,Dairy,North,293,54.85,0.0,0.0,16071.05
2025-07-28,G007,Instant Noodles,Packaged Foods,North,205,18.26,0.0,594.78,3743.3
2025-05-27,G002,Bread Loaf,Bakery,South,219,46.12,5.0,0.0,9595.27
2025-05-11,G003,Eggs (12),Dairy,West,151,86.59,0.0,117.86,13075.09
2025-01-15,G001,Milk 1L,Dairy,North,196,55.78,0.0,0.0,10932.88
2025-11-02,G001,Milk 1L,Dairy,South,482,52.81,0.0,0.0,25454.42
2025-01-17,G005,Cooking Oil 1L,Staples,East,103,140.89,0.0,0.0,14511.67
2025-03-28,G005,Cooking Oil 1L,Staples,North,86,137.58,0.0,0.0,11831.88
2025-10-14,G006,Bananas 1kg,Produce,South,107,38.75,0.0,0.0,4146.25
2025-01-23,G004,Rice 5kg,Staples,South,59,328.39,0.0,0.0,19375.01
2025-09-14,G004,Rice 5kg,Staples,South,67,331.69,0.0,720.71,22223.23
2025-07-28,G006,Bananas 1kg,Produce,West,107,39.76,0.0,0.0,4254.32
2025-07-10,G007,Instant Noodles,Packaged Foods,North,258,17.82,0.0,25.28,4597.56
2025-09-05,G005,Cooking Oil 1L,Staples,West,65,142.06,0.0,0.0,9233.9
2025-08-03,G003,Eggs (12),Dairy,West,134,88.47,0.0,0.0,11854.98
2025-03-15,G003,Eggs (12),Dairy,South,185,87.27,0.0,0.0,16144.95
2025-06-19,G001,Milk 1L,Dairy,South,197,53.92,0.0,0.0,10622.24
2025-11-15,G001,Milk 1L,Dairy,North,220,55.86,0.0,0.0,12289.2
2025-12-29,G002,Bread Loaf,Bakery,North,163,43.77,0.0,0.0,7134.51
2025-05-23,G004,Rice 5kg,Staples,South,67,316.01,10.0,0.0,19055.4
2025-03-20,G003,Eggs (12),Dairy,South,118,88.64,10.0,0.0,9413.57
2025-02-06,G005,Cooking Oil 1L,Staples,East,29,140.41,0.0,0.0,4071.89
2025-05-20,G001,Milk 1L,Dairy,West,238,56.47,0.0,0.0,13439.86
2025-07-16,G004,Rice 5kg,Staples,West,48,308.54,5.0,233.99,14069.42
2025-05-17,G005,Cooking Oil 1L,Staples,North,159,139.86,0.0,0.0,22237.74
2025-12-26,G002,Bread Loaf,Bakery,East,160,45.88,0.0,0.0,7340.8
2025-01-27,G002,Bread Loaf,Bakery,East,119,46.52,5.0,758.56,5259.09
2025-05-12,G003,Eggs (12),Dairy,North,80,90.42,0.0,0.0,7233.6
2025-06-29,G003,Eggs (12),Dairy,North,87,92.18,0.0,0.0,8019.66
2025-05-12,G005,Cooking Oil 1L,Staples,East,46,139.08,10.0,0.0,5757.91
2025-07-17,G005,Cooking Oil 1L,Staples,North,81,137.56,0.0,0.0,11142.36
2025-07-02,G003,Eggs (12),Dairy,South,125,90.42,0.0,0.0,11302.5
2025-03-22,G002,Bread Loaf,Bakery,West,195,44.44,0.0,0.0,8665.8
2025-06-25,G002,Bread Loaf,Bakery,West,153,45.52,0.0,0.0,6964.56
2025-06-19,G007,Instant Noodles,Packaged Foods,West,470,18.56,5.0,0.0,8287.04
2025-10-13,G005,Cooking Oil 1L,Staples,South,65,138.01,0.0,0.0,8970.65
2025-03-18,G002,Bread Loaf,Bakery,South,166,44.58,5.0,0.0,7030.27
2025-02-21,G006,Bananas 1kg,Produce,South,92,38.94,0.0,0.0,3582.48
2025-08-13,G004,Rice 5kg,Staples,North,66,309.23,0.0,0.0,20409.18
2025-02-08,G003,Eggs (12),Dairy,North,96,90.32,0.0,240.6,8670.72
2025-05-02,G003,Eggs (12),Dairy,West,154,89.84,5.0,783.03,13143.59
2025-06-16,G004,Rice 5kg,Staples,East,39,328.17,0.0,0.0,12798.63
2025-03-29,G007,Instant Noodles,Packaged Foods,North,462,18.29,0.0,0.0,8449.98
2025-09-11,G005,Cooking Oil 1L,Staples,South,62,137.71,5.0,0.0,8111.12
2025-09-14,G005,Cooking Oil 1L,Staples,North,134,138.46,0.0,0.0,18553.64
2025-08-02,G007,Instant Noodles,Packaged Foods,North,492,17.61,0.0,0.0,8664.12
2025-06-16,G002,Bread Loaf,Bakery,West,108,45.44,0.0,438.65,4907.52
2025-09-10,G005,Cooking Oil 1L,Staples,East,52,144.9,0.0,0.0,7534.8
2025-11-09,G002,Bread Loaf,Bakery,West,225,45.73,0.0,0.0,10289.25
2025-02-09,G007,Instant Noodles,Packaged Foods,West,375,17.48,0.0,0.0,6555.0
2025-12-16,G005,Cooking Oil 1L,Staples,East,96,138.16,0.0,0.0,13263.36
2025-07-26,G003,Eggs (12),Dairy,East,167,88.19,0.0,0.0,14727.73
2025-04-12,G004,Rice 5kg,Staples,North,87,322.62,0.0,80.31,28067.94
2025-07-28,G003,Eggs (12),Dairy,West,93,90.38,5.0,0.0,7985.07
2025-02-04,G004,Rice 5kg,Staples,West,56,325.26,0.0,106.24,18214.56
2025-10-10,G005,Cooking Oil 1L,Staples,North,39,140.94,0.0,0.0,5496.66
2025-08-09,G002,Bread Loaf,Bakery,East,169,45.4,0.0,0.0,7672.6
2025-04-10,G003,Eggs (12),Dairy,North,78,90.69,0.0,0.0,7073.82
2025-05-21,G003,Eggs (12),Dairy,South,88,91.2,0.0,0.0,8025.6
2025-10-09,G001,Milk 1L,Dairy,South,223,53.16,0.0,0.0,11854.68
2025-11-27,G007,Instant Noodles,Packaged Foods,North,299,18.32,0.0,0.0,5477.68
2025-11-19,G001,Milk 1L,Dairy,South,76,54.98,0.0,0.0,4178.48
2025-01-31,G005,Cooking Oil 1L,Staples,East,46,137.71,0.0,65.68,6334.66
2025-02-13,G007,Instant Noodles,Packaged Foods,North,228,17.78,5.0,0.0,3851.15
2025-01-06,G002,Bread Loaf,Bakery,South,155,46.27,0.0,0.0,7171.85
2025-05-16,G001,Milk 1L,Dairy,North,261,56.29,0.0,0.0,14691.69
2025-09-15,G005,Cooking Oil 1L,Staples,North,105,141.29,0.0,0.0,14835.45
2025-10-10,G001,Milk 1L,Dairy,West,255,53.67,0.0,0.0,13685.85
2025-12-11,G004,Rice 5kg,Staples,North,39,326.49,0.0,0.0,12733.11
2025-05-22,G006,Bananas 1kg,Produce,West,98,39.3,0.0,0.0,3851.4
2025-07-11,G005,Cooking Oil 1L,Staples,West,56,136.54,0.0,0.0,7646.24
2025-12-31,G002,Bread Loaf,Bakery,South,110,43.65,0.0,674.84,4801.5
2025-02-27,G003,Eggs (12),Dairy,West,93,91.78,10.0,0.0,7681.99
2025-01-06,G002,Bread Loaf,Bakery,West,146,45.7,0.0,0.0,6672.2
2025-08-30,G007,Instant Noodles,Packaged Foods,South,383,17.89,0.0,365.38,6851.87
2025-10-24,G001,Milk 1L,Dairy,West,275,54.27,0.0,0.0,14924.25
2025-12-27,G004,Rice 5kg,Staples,South,82,330.13,0.0,0.0,27070.66
2025-11-12,G003,Eggs (12),Dairy,West,104,86.75,0.0,0.0,9022.0
2025-08-07,G003,Eggs (12),Dairy,South,73,87.49,0.0,0.0,6386.77
2025-12-12,G002,Bread Loaf,Bakery,West,164,45.05,0.0,0.0,7388.2
2025-10-29,G005,Cooking Oil 1L,Staples,South,52,140.43,10.0,0.0,6572.12
2025-05-15,G002,Bread Loaf,Bakery,South,145,45.08,5.0,0.0,6209.77
2025-01-17,G001,Milk 1L,Dairy,South,160,53.78,0.0,0.0,8604.8
2025-10-15,G007,Instant Noodles,Packaged Foods,South,145,17.68,5.0,0.0,2435.42
2025-04-12,G004,Rice 5kg,Staples,West,73,321.17,5.0,0.0,22273.14
2025-12-03,G005,Cooking Oil 1L,Staples,North,152,135.55,0.0,0.0,20603.6
2025-11-24,G006,Bananas 1kg,Produce,East,206,40.25,0.0,0.0,8291.5
2025-03-18,G003,Eggs (12),Dairy,West,65,92.45,0.0,0.0,6009.25
2025-06-12,G007,Instant Noodles,Packaged Foods,South,172,18.38,0.0,0.0,3161.36
2025-05-08,G004,Rice 5kg,Staples,West,55,321.92,0.0,166.16,17705.6
2025-02-11,G007,Instant Noodles,Packaged Foods,East,229,17.69,0.0,0.0,4051.01
2025-08-10,G001,Milk 1L,Dairy,North,422,56.62,0.0,0.0,23893.64
2025-01-01,G002,Bread Loaf,Bakery,South,247,45.87,0.0,0.0,11329.89
2025-09-08,G002,Bread Loaf,Bakery,South,150,46.31,0.0,0.0,6946.5
2025-12-29,G003,Eggs (12),Dairy,North,55,93.07,0.0,0.0,5118.85
2025-02-05,G003,Eggs (12),Dairy,South,65,87.96,0.0,0.0,5717.4
2025-08-19,G005,Cooking Oil 1L,Staples,South,63,145.06,5.0,0.0,8681.84
2025-01-21,G004,Rice 5kg,Staples,East,36,313.28,0.0,551.81,11278.08
2025-07-29,G003,Eggs (12),Dairy,West,80,90.61,0.0,0.0,7248.8
2025-02-08,G006,Bananas 1kg,Produce,North,209,38.81,5.0,0.0,7705.73
2025-04-09,G003,Eggs (12),Dairy,North,73,92.2,0.0,0.0,6730.6
2025-01-25,G004,Rice 5kg,Staples,South,89,315.79,0.0,0.0,28105.31
2025-07-28,G004,Rice 5kg,Staples,West,40,320.7,5.0,0.0,12186.6
2025-07-10,G005,Cooking Oil 1L,Staples,South,64,144.34,0.0,694.46,9237.76
2025-11-26,G006,Bananas 1kg,Produce,North,216,40.49,0.0,0.0,8745.84
2025-12-02,G004,Rice 5kg,Staples,West,62,317.2,0.0,0.0,19666.4
2025-10-23,G004,Rice 5kg,Staples,South,59,320.71,0.0,0.0,18921.89
2025-05-24,G002,Bread Loaf,Bakery,East,300,45.21,5.0,0.0,12884.85
2025-02-14,G007,Instant Noodles,Packaged Foods,North,263,18.25,0.0,0.0,4799.75
2025-01-02,G006,Bananas 1kg,Produce,North,262,39.42,5.0,0.0,9811.64
2025-12-17,G003,Eggs (12),Dairy,West,117,91.31,0.0,0.0,10683.27
2025-03-18,G005,Cooking Oil 1L,Staples,East,45,145.12,0.0,0.0,6530.4
2025-07-09,G007,Instant Noodles,Packaged Foods,South,229,18.45,0.0,0.0,4225.05
2025-01-26,G001,Milk 1L,Dairy,East,345,54.25,0.0,0.0,18716.25
2025-08-31,G005,Cooking Oil 1L,Staples,North,97,143.27,10.0,623.85,12507.47
2025-09-29,G007,Instant Noodles,Packaged Foods,South,362,17.88,0.0,0.0,6472.56
2025-04-17,G007,Instant Noodles,Packaged Foods,South,276,18.0,0.0,0.0,4968.0
2025-02-07,G004,Rice 5kg,Staples,South,54,330.22,0.0,0.0,17831.88
2025-10-15,G006,Bananas 1kg,Produce,East,115,39.55,0.0,0.0,4548.25
2025-06-22,G007,Instant Noodles,Packaged Foods,South,376,18.33,0.0,0.0,6892.08
2025-04-18,G003,Eggs (12),Dairy,West,101,90.41,0.0,0.0,9131.41
2025-10-03,G003,Eggs (12),Dairy,South,134,90.62,0.0,0.0,12143.08
2025-01-22,G006,Bananas 1kg,Produce,East,171,40.25,0.0,0.0,6882.75
2025-05-08,G003,Eggs (12),Dairy,South,80,93.15,0.0,0.0,7452.0
2025-04-19,G006,Bananas 1kg,Produce,North,222,39.51,0.0,0.0,8771.22
2025-05-09,G005,Cooking Oil 1L,Staples,South,53,144.15,0.0,0.0,7639.95
2025-11-09,G004,Rice 5kg,Staples,West,56,322.36,0.0,0.0,18052.16
2025-10-19,G006,Bananas 1kg,Produce,North,262,40.81,0.0,698.8,10692.22
2025-03-20,G005,Cooking Oil 1L,Staples,North,67,140.1,0.0,0.0,9386.7
2025-05-17,G004,Rice 5kg,Staples,East,69,328.34,0.0,0.0,22655.46
2025-05-21,G007,Instant Noodles,Packaged Foods,East,349,18.53,0.0,0.0,6466.97
2025-03-13,G007,Instant Noodles,Packaged Foods,West,273,17.66,0.0,0.0,4821.18
2025-10-15,G002,Bread Loaf,Bakery,South,107,46.37,5.0,0.0,4713.51
2025-09-24,G005,Cooking Oil 1L,Staples,North,78,138.14,10.0,725.62,9697.43
2025-07-07,G004,Rice 5kg,Staples,North,49,323.44,0.0,0.0,15848.56
2025-03-07,G007,Instant Noodles,Packaged Foods,South,215,18.67,0.0,213.95,4014.05
2025-04-02,G003,Eggs (12),Dairy,South,114,91.95,0.0,0.0,10482.3
2025-05-07,G002,Bread Loaf,Bakery,West,207,45.94,0.0,0.0,9509.58
2025-07-18,G004,Rice 5kg,Staples,East,43,309.85,0.0,0.0,13323.55
2025-01-05,G005,Cooking Oil 1L,Staples,East,71,139.12,0.0,0.0,9877.52
2025-09-05,G003,Eggs (12),Dairy,North,64,88.79,0.0,0.0,5682.56
2025-01-31,G001,Milk 1L,Dairy,South,133,54.71,0.0,0.0,7276.43
2025-09-18,G003,Eggs (12),Dairy,West,78,90.71,0.0,273.06,7075.38
2025-05-22,G001,Milk 1L,Dairy,North,171,55.78,0.0,0.0,9538.38
2025-02-06,G004,Rice 5kg,Staples,East,50,311.66,0.0,0.0,15583.0
2025-01-04,G002,Bread Loaf,Bakery,West,118,45.99,0.0,0.0,5426.82
2025-07-08,G005,Cooking Oil 1L,Staples,North,75,137.54,0.0,0.0,10315.5
2025-03-05,G006,Bananas 1kg,Produce,North,176,39.71,0.0,567.03,6988.96
2025-01-23,G004,Rice 5kg,Staples,North,49,329.47,0.0,0.0,16144.03
2025-12-13,G002,Bread Loaf,Bakery,North,184,44.72,0.0,0.0,8228.48
2025-08-31,G001,Milk 1L,Dairy,North,423,54.69,0.0,0.0,23133.87
2025-09-14,G005,Cooking Oil 1L,Staples,East,101,136.07,0.0,0.0,13743.07
2025-04-23,G007,Instant Noodles,Packaged Foods,South,224,18.03,0.0,0.0,4038.72
2025-05-30,G001,Milk 1L,Dairy,East,417,54.61,0.0,0.0,22772.37
2025-05-06,G004,Rice 5kg,Staples,North,58,331.22,0.0,0.0,19210.76
2025-11-27,G001,Milk 1L,Dairy,North,364,56.88,0.0,0.0,20704.32
2025-03-21,G006,Bananas 1kg,Produce,West,81,38.6,0.0,0.0,3126.6
2025-07-18,G003,Eggs (12),Dairy,North,92,91.7,5.0,0.0,8014.58
2025-05-02,G006,Bananas 1kg,Produce,East,220,40.86,5.0,0.0,8539.74
2025-05-23,G007,Instant Noodles,Packaged Foods,North,142,18.12,0.0,0.0,2573.04
2025-03-08,G002,Bread Loaf,Bakery,South,178,46.11,0.0,0.0,8207.58
2025-01-02,G004,Rice 5kg,Staples,North,98,321.17,0.0,0.0,31474.66
2025-07-03,G003,Eggs (12),Dairy,West,179,90.26,0.0,0.0,16156.54
2025-02-09,G006,Bananas 1kg,Produce,South,84,40.41,0.0,0.0,3394.44
2025-11-12,G007,Instant Noodles,Packaged Foods,South,232,18.59,0.0,0.0,4312.88
2025-09-02,G006,Bananas 1kg,Produce,North,273,41.1,0.0,235.58,11220.3
2025-09-17,G001,Milk 1L,Dairy,West,235,56.22,0.0,0.0,13211.7
2025-09-04,G002,Bread Loaf,Bakery,South,172,43.81,0.0,0.0,7535.32
2025-09-24,G003,Eggs (12),Dairy,East,77,91.36,0.0,0.0,7034.72
2025-03-16,G002,Bread Loaf,Bakery,East,261,45.35,0.0,0.0,11836.35
2025-08-05,G002,Bread Loaf,Bakery,North,98,43.85,10.0,0.0,3867.57
2025-11-13,G002,Bread Loaf,Bakery,East,242,43.5,0.0,0.0,10527.0
2025-01-23,G001,Milk 1L,Dairy,West,220,54.38,10.0,0.0,10767.24
2025-12-05,G006,Bananas 1kg,Produce,West,100,38.89,10.0,0.0,3500.1
2025-12-16,G005,Cooking Oil 1L,Staples,North,79,143.94,0.0,0.0,11371.26
2025-04-05,G002,Bread Loaf,Bakery,South,240,44.35,5.0,0.0,10111.8
2025-09-04,G001,Milk 1L,Dairy,East,179,55.88,0.0,0.0,10002.52
2025-09-07,G001,Milk 1L,Dairy,East,454,53.1,0.0,299.63,24107.4
2025-12-04,G006,Bananas 1kg,Produce,West,118,39.63,0.0,0.0,4676.34
2025-03-27,G001,Milk 1L,Dairy,East,204,53.44,0.0,0.0,10901.76
2025-07-10,G006,Bananas 1kg,Produce,East,168,39.46,0.0,0.0,6629.28
2025-01-19,G005,Cooking Oil 1L,Staples,East,106,139.41,0.0,0.0,14777.46
2025-01-19,G004,Rice 5kg,Staples,West,77,316.88,5.0,0.0,23179.77
2025-09-02,G003,Eggs (12),Dairy,East,130,87.88,0.0,0.0,11424.4
2025-09-08,G006,Bananas 1kg,Produce,West,93,40.91,0.0,0.0,3804.63
2025-12-13,G002,Bread Loaf,Bakery,West,127,43.54,0.0,0.0,5529.58
2025-08-25,G003,Eggs (12),Dairy,South,113,93.02,0.0,0.0,10511.26
2025-10-17,G005,Cooking Oil 1L,Staples,North,116,140.08,0.0,680.82,16249.28
2025-10-24,G002,Bread Loaf,Bakery,East,198,45.85,0.0,0.0,9078.3
2025-09-04,G002,Bread Loaf,Bakery,North,142,43.61,0.0,217.41,6192.62
2025-04-21,G002,Bread Loaf,Bakery,South,157,45.48,5.0,0.0,6783.34
2025-01-19,G003,Eggs (12),Dairy,South,94,87.26,0.0,0.0,8202.44
2025-04-04,G003,Eggs (12),Dairy,North,54,91.1,0.0,0.0,4919.4
2025-08-25,G003,Eggs (12),Dairy,West,111,90.92,0.0,0.0,10092.12
2025-02-03,G002,Bread Loaf,Bakery,East,252,45.13,0.0,0.0,11372.76
2025-12-20,G001,Milk 1L,Dairy,South,213,56.76,0.0,0.0,12089.88
2025-01-01,G005,Cooking Oil 1L,Staples,South,91,140.48,0.0,0.0,12783.68
2025-02-17,G004,Rice 5kg,Staples,West,45,315.22,0.0,0.0,14184.9
2025-03-02,G006,Bananas 1kg,Produce,North,372,39.77,5.0,0.0,14054.72
2025-09-09,G003,Eggs (12),Dairy,West,77,91.9,0.0,0.0,7076.3
2025-10-28,G007,Instant Noodles,Packaged Foods,East,306,18.03,0.0,0.0,5517.18
2025-06-28,G001,Milk 1L,Dairy,North,358,57.12,0.0,0.0,20448.96
2025-11-27,G003,Eggs (12),Dairy,South,113,89.43,0.0,0.0,10105.59
2025-12-30,G005,Cooking Oil 1L,Staples,South,101,138.8,5.0,0.0,13317.86
2025-05-26,G006,Bananas 1kg,Produce,East,182,40.85,5.0,0.0,7062.96
2025-07-19,G006,Bananas 1kg,Produce,South,200,38.66,5.0,0.0,7345.4
2025-03-23,G001,Milk 1L,Dairy,North,249,54.8,0.0,796.29,13645.2
2025-05-27,G002,Bread Loaf,Bakery,West,120,45.25,0.0,0.0,5430.0
2025-06-01,G007,Instant Noodles,Packaged Foods,North,671,18.31,0.0,498.23,12286.01
2025-06-29,G006,Bananas 1kg,Produce,South,125,39.97,5.0,0.0,4746.44
2025-12-30,G001,Milk 1L,Dairy,East,245,55.62,0.0,0.0,13626.9
2025-06-11,G001,Milk 1L,Dairy,South,188,54.03,0.0,0.0,10157.64
2025-08-15,G001,Milk 1L,Dairy,East,180,53.47,0.0,0.0,9624.6
2025-07-23,G005,Cooking Oil 1L,Staples,West,83,143.71,5.0,0.0,11331.53
2025-08-08,G004,Rice 5kg,Staples,West,48,307.28,0.0,0.0,14749.44
2025-07-13,G002,Bread Loaf,Bakery,West,191,43.51,10.0,0.0,7479.37
2025-11-08,G003,Eggs (12),Dairy,South,149,87.16,5.0,282.93,12337.5
2025-08-15,G007,Instant Noodles,Packaged Foods,North,272,17.52,0.0,0.0,4765.44
2025-06-03,G007,Instant Noodles,Packaged Foods,East,350,18.28,0.0,0.0,6398.0
2025-04-22,G005,Cooking Oil 1L,Staples,West,82,136.78,5.0,452.91,10655.16
2025-12-27,G004,Rice 5kg,Staples,East,20,323.2,0.0,0.0,6464.0
2025-11-02,G004,Rice 5kg,Staples,North,65,310.37,0.0,0.0,20174.05
2025-07-20,G001,Milk 1L,Dairy,South,253,56.16,10.0,0.0,12787.63
2025-03-04,G005,Cooking Oil 1L,Staples,South,94,134.55,0.0,0.0,12647.7
2025-05-20,G002,Bread Loaf,Bakery,West,93,44.86,0.0,0.0,4171.98
2025-03-24,G006,Bananas 1kg,Produce,East,133,39.86,0.0,0.0,5301.38
2025-12-01,G001,Milk 1L,Dairy,South,328,55.77,10.0,0.0,16463.3
2025-08-30,G002,Bread Loaf,Bakery,West,181,45.99,0.0,0.0,8324.19
2025-12-30,G006,Bananas 1kg,Produce,East,170,39.44,5.0,0.0,6369.56
2025-05-24,G004,Rice 5kg,Staples,West,62,330.42,0.0,0.0,20486.04
2025-12-22,G004,Rice 5kg,Staples,East,33,318.57,0.0,0.0,10512.81
2025-12-30,G003,Eggs (12),Dairy,West,86,90.33,0.0,0.0,7768.38
2025-01-28,G002,Bread Loaf,Bakery,North,82,45.41,0.0,0.0,3723.62
2025-02-08,G004,Rice 5kg,Staples,South,96,325.02,0.0,0.0,31201.92
2025-09-08,G007,Instant Noodles,Packaged Foods,East,173,17.66,0.0,241.82,3055.18
2025-04-30,G005,Cooking Oil 1L,Staples,West,88,137.74,10.0,0.0,10909.01
2025-01-12,G007,Instant Noodles,Packaged Foods,East,263,17.79,0.0,166.19,4678.77
2025-03-14,G006,Bananas 1kg,Produce,North,177,40.74,5.0,321.23,6850.43
2025-02-21,G001,Milk 1L,Dairy,West,256,57.09,0.0,713.9,14615.04
2025-07-30,G007,Instant Noodles,Packaged Foods,North,226,17.72,5.0,0.0,3804.48
2025-08-25,G002,Bread Loaf,Bakery,West,139,45.68,0.0,0.0,6349.52
2025-06-01,G002,Bread Loaf,Bakery,East,366,43.32,0.0,615.5,15855.12
2025-12-29,G004,Rice 5kg,Staples,East,50,328.97,0.0,0.0,16448.5
2025-05-01,G001,Milk 1L,Dairy,West,385,56.58,0.0,8.65,21783.3
2025-03-19,G002,Bread Loaf,Bakery,South,155,45.41,0.0,0.0,7038.55
2025-04-19,G001,Milk 1L,Dairy,North,294,56.4,0.0,0.0,16581.6
2025-11-11,G005,Cooking Oil 1L,Staples,North,81,143.59,0.0,0.0,11630.79
2025-01-27,G002,Bread Loaf,Bakery,South,145,43.24,0.0,0.0,6269.8
2025-09-15,G002,Bread Loaf,Bakery,West,125,43.93,10.0,105.97,4942.12
2025-09-22,G004,Rice 5kg,Staples,East,30,316.86,5.0,0.0,9030.51
2025-03-03,G001,Milk 1L,Dairy,West,176,54.01,10.0,0.0,8555.18
2025-04-25,G007,Instant Noodles,Packaged Foods,North,339,17.62,0.0,0.0,5973.18
2025-01-23,G007,Instant Noodles,Packaged Foods,North,221,17.57,0.0,0.0,3882.97
2025-08-04,G007,Instant Noodles,Packaged Foods,West,343,17.61,0.0,0.0,6040.23
2025-08-20,G002,Bread Loaf,Bakery,West,186,45.71,0.0,0.0,8502.06
2025-02-22,G007,Instant Noodles,Packaged Foods,East,470,17.3,5.0,0.0,7724.45
2025-12-28,G002,Bread Loaf,Bakery,East,269,43.96,0.0,0.0,11825.24
2025-08-04,G001,Milk 1L,Dairy,North,269,56.4,10.0,0.0,13654.44
2025-02-11,G003,Eggs (12),Dairy,West,95,92.19,0.0,653.28,8758.05
2025-07-14,G005,Cooking Oil 1L,Staples,North,79,140.89,0.0,0.0,11130.31
2025-07-22,G003,Eggs (12),Dairy,North,75,86.58,5.0,0.0,6168.82
2025-09-27,G003,Eggs (12),Dairy,North,82,86.76,0.0,0.0,7114.32
2025-04-24,G003,Eggs (12),Dairy,North,48,86.55,0.0,643.05,4154.4
2025-11-12,G005,Cooking Oil 1L,Staples,East,96,142.29,0.0,0.0,13659.84
2025-08-19,G003,Eggs (12),Dairy,North,55,90.17,0.0,458.19,4959.35
2025-04-16,G004,Rice 5kg,Staples,South,57,319.29,5.0,0.0,17289.55
2025-07-09,G007,Instant Noodles,Packaged Foods,West,272,17.73,0.0,0.0,4822.56
2025-12-22,G005,Cooking Oil 1L,Staples,North,93,143.11,0.0,0.0,13309.23
2025-09-04,G002,Bread Loaf,Bakery,West,115,45.96,0.0,448.44,5285.4
2025-09-13,G002,Bread Loaf,Bakery,East,311,43.8,0.0,0.0,13621.8
2025-03-30,G004,Rice 5kg,Staples,South,71,308.87,0.0,0.0,21929.77
2025-03-28,G006,Bananas 1kg,Produce,East,113,39.38,0.0,0.0,4449.94
2025-05-27,G001,Milk 1L,Dairy,South,164,53.46,0.0,0.0,8767.44
2025-11-22,G003,Eggs (12),Dairy,South,109,87.13,0.0,123.38,9497.17
2025-10-23,G007,Instant Noodles,Packaged Foods,West,259,18.64,0.0,0.0,4827.76
2025-09-24,G003,Eggs (12),Dairy,South,108,88.91,0.0,0.0,9602.28
2025-10-12,G004,Rice 5kg,Staples,West,91,331.79,0.0,239.66,30192.89
2025-04-30,G002,Bread Loaf,Bakery,South,101,44.12,0.0,0.0,4456.12
2025-01-24,G005,Cooking Oil 1L,Staples,East,60,144.88,0.0,0.0,8692.8
2025-02-16,G002,Bread Loaf,Bakery,South,165,43.22,5.0,0.0,6774.73
2025-02-05,G007,Instant Noodles,Packaged Foods,East,227,17.66,0.0,0.0,4008.82
2025-09-12,G005,Cooking Oil 1L,Staples,North,64,144.26,0.0,723.04,9232.64
2025-10-03,G001,Milk 1L,Dairy,West,400,57.1,10.0,472.66,20556.0
2025-04-20,G004,Rice 5kg,Staples,East,75,317.14,5.0,0.0,22596.22
2025-06-21,G005,Cooking Oil 1L,Staples,North,123,140.78,10.0,0.0,15584.35
2025-06-22,G002,Bread Loaf,Bakery,West,203,45.07,0.0,0.0,9149.21
2025-05-31,G001,Milk 1L,Dairy,South,287,57.15,0.0,0.0,16402.05
2025-07-05,G003,Eggs (12),Dairy,North,100,92.06,0.0,0.0,9206.0
2025-09-23,G003,Eggs (12),Dairy,East,130,92.11,0.0,0.0,11974.3
2025-01-21,G006,Bananas 1kg,Produce,West,123,38.66,0.0,0.0,4755.18
2025-11-05,G004,Rice 5kg,Staples,West,36,309.36,0.0,516.29,11136.96
2025-10-11,G006,Bananas 1kg,Produce,North,204,39.19,0.0,0.0,7994.76
2025-12-04,G003,Eggs (12),Dairy,West,85,88.42,0.0,0.0,7515.7
2025-02-02,G004,Rice 5kg,Staples,North,90,329.67,0.0,0.0,29670.3
2025-11-22,G007,Instant Noodles,Packaged Foods,North,511,17.78,0.0,0.0,9085.58
2025-06-28,G005,Cooking Oil 1L,Staples,West,150,136.89,0.0,596.31,20533.5
2025-02-27,G004,Rice 5kg,Staples,East,50,323.41,0.0,0.0,16170.5
2025-09-08,G005,Cooking Oil 1L,Staples,West,109,138.05,0.0,0.0,15047.45
2025-02-16,G001,Milk 1L,Dairy,East,379,55.04,0.0,0.0,20860.16
2025-02-13,G006,Bananas 1kg,Produce,North,200,41.06,0.0,0.0,8212.0
2025-07-03,G001,Milk 1L,Dairy,West,110,57.19,10.0,667.47,5661.81
2025-07-28,G006,Bananas 1kg,Produce,East,173,41.58,0.0,0.0,7193.34
2025-10-04,G003,Eggs (12),Dairy,East,133,86.96,0.0,0.0,11565.68
2025-03-15,G002,Bread Loaf,Bakery,West,218,46.37,0.0,0.0,10108.66
2025-01-18,G004,Rice 5kg,Staples,West,61,317.86,0.0,0.0,19389.46
2025-01-26,G007,Instant Noodles,Packaged Foods,East,337,18.24,0.0,250.42,6146.88
2025-09-26,G007,Instant Noodles,Packaged Foods,East,232,18.04,10.0,0.0,3766.75
2025-07-28,G003,Eggs (12),Dairy,North,53,87.42,0.0,0.0,4633.26
2025-07-18,G006,Bananas 1kg,Produce,North,106,40.09,0.0,0.0,4249.54
2025-06-12,G005,Cooking Oil 1L,Staples,East,68,145.09,0.0,0.0,9866.12
2025-08-12,G007,Instant Noodles,Packaged Foods,East,256,18.16,0.0,0.0,4648.96
2025-05-20,G006,Bananas 1kg,Produce,West,102,40.38,10.0,0.0,3706.88
2025-05-23,G002,Bread Loaf,Bakery,South,136,45.62,0.0,0.0,6204.32
2025-09-24,G007,Instant Noodles,Packaged Foods,East,318,17.7,0.0,0.0,5628.6
2025-08-02,G004,Rice 5kg,Staples,South,87,319.05,5.0,476.85,26369.48
2025-07-21,G006,Bananas 1kg,Produce,East,178,39.93,0.0,0.0,7107.54
2025-05-10,G003,Eggs (12),Dairy,North,101,91.29,0.0,0.0,9220.29
2025-11-25,G005,Cooking Oil 1L,Staples,South,72,142.35,0.0,0.0,10249.2
2025-04-21,G002,Bread Loaf,Bakery,West,95,44.02,5.0,0.0,3972.81
2025-02-27,G006,Bananas 1kg,Produce,North,56,40.64,0.0,0.0,2275.84
2025-05-04,G006,Bananas 1kg,Produce,South,125,39.4,0.0,0.0,4925.0
2025-05-05,G007,Instant Noodles,Packaged Foods,North,305,18.22,0.0,0.0,5557.1
2025-10-12,G007,Instant Noodles,Packaged Foods,South,426,18.23,0.0,32.54,7765.98
2025-07-03,G001,Milk 1L,Dairy,North,522,54.04,0.0,264.89,28208.88
2025-09-09,G005,Cooking Oil 1L,Staples,South,50,144.29,0.0,0.0,7214.5
2025-09-19,G007,Instant Noodles,Packaged Foods,North,213,17.77,0.0,0.0,3785.01
2025-02-13,G004,Rice 5kg,Staples,West,50,314.7,5.0,0.0,14948.25
2025-08-07,G005,Cooking Oil 1L,Staples,South,104,142.64,0.0,0.0,14834.56
2025-02-16,G007,Instant Noodles,Packaged Foods,North,375,17.33,0.0,0.0,6498.75
2025-08-04,G002,Bread Loaf,Bakery,South,187,45.92,5.0,0.0,8157.69
2025-09-09,G005,Cooking Oil 1L,Staples,North,110,142.74,0.0,0.0,15701.4
2025-06-13,G003,Eggs (12),Dairy,West,80,91.89,10.0,0.0,6616.08
2025-08-05,G006,Bananas 1kg,Produce,North,138,40.95,10.0,0.0,5085.99
2025-12-29,G001,Milk 1L,Dairy,East,171,55.35,5.0,0.0,8991.61
2025-07-10,G001,Milk 1L,Dairy,East,344,55.2,0.0,0.0,18988.8
2025-05-22,G005,Cooking Oil 1L,Staples,North,74,136.22,0.0,0.0,10080.28
2025-11-06,G005,Cooking Oil 1L,Staples,West,93,141.21,0.0,0.0,13132.53
2025-01-27,G007,Instant Noodles,Packaged Foods,West,340,17.73,0.0,0.0,6028.2
2025-06-06,G007,Instant Noodles,Packaged Foods,North,188,18.37,0.0,0.0,3453.56
2025-12-28,G003,Eggs (12),Dairy,West,187,91.2,0.0,0.0,17054.4
2025-11-25,G007,Instant Noodles,Packaged Foods,East,274,18.3,0.0,0.0,5014.2
2025-10-01,G005,Cooking Oil 1L,Staples,North,115,137.57,0.0,0.0,15820.55
2025-02-24,G001,Milk 1L,Dairy,East,272,54.91,0.0,0.0,14935.52
2025-10-19,G003,Eggs (12),Dairy,West,75,89.56,0.0,0.0,6717.0
2025-03-06,G005,Cooking Oil 1L,Staples,North,97,140.29,0.0,0.0,13608.13
2025-07-21,G004,Rice 5kg,Staples,West,56,327.81,0.0,0.0,18357.36
2025-09-10,G004,Rice 5kg,Staples,South,39,315.29,0.0,0.0,12296.31
2025-05-29,G007,Instant Noodles,Packaged Foods,East,280,18.57,0.0,0.0,5199.6
2025-03-06,G006,Bananas 1kg,Produce,North,153,38.81,0.0,0.0,5937.93
2025-05-18,G001,Milk 1L,Dairy,North,363,56.73,10.0,0.0,18533.69
2025-06-11,G005,Cooking Oil 1L,Staples,West,95,140.14,0.0,0.0,13313.3
2025-08-04,G001,Milk 1L,Dairy,East,251,54.2,0.0,0.0,13604.2
2025-07-06,G005,Cooking Oil 1L,Staples,South,136,143.06,0.0,0.0,19456.16
2025-05-07,G004,Rice 5kg,Staples,West,32,308.91,0.0,0.0,9885.12
2025-12-04,G001,Milk 1L,Dairy,East,379,56.41,0.0,150.77,21379.39
2025-08-25,G002,Bread Loaf,Bakery,South,139,44.56,5.0,0.0,5884.15
2025-08-03,G002,Bread Loaf,Bakery,South,307,44.51,0.0,0.0,13664.57
2025-03-10,G003,Eggs (12),Dairy,East,81,87.32,0.0,0.0,7072.92
2025-03-02,G005,Cooking Oil 1L,Staples,West,194,142.61,0.0,0.0,27666.34
2025-05-20,G006,Bananas 1kg,Produce,South,114,41.17,0.0,0.0,4693.38
2025-07-10,G004,Rice 5kg,Staples,South,65,328.55,5.0,0.0,20287.96
2025-09-03,G001,Milk 1L,Dairy,North,339,55.02,0.0,0.0,18651.78
2025-02-17,G003,Eggs (12),Dairy,East,131,90.94,5.0,0.0,11317.48
2025-11-09,G006,Bananas 1kg,Produce,North,195,39.99,0.0,0.0,7798.05
2025-05-04,G002,Bread Loaf,Bakery,South,236,45.27,0.0,759.99,10683.72
2025-08-09,G001,Milk 1L,Dairy,North,352,54.75,0.0,0.0,19272.0
2025-05-25,G006,Bananas 1kg,Produce,East,286,40.61,0.0,0.0,11614.46
2025-08-26,G003,Eggs (12),Dairy,North,64,86.71,5.0,280.67,5271.97
2025-10-06,G007,Instant Noodles,Packaged Foods,South,191,18.18,0.0,0.0,3472.38
2025-08-03,G004,Rice 5kg,Staples,South,121,332.52,0.0,0.0,40234.92
2025-12-08,G004,Rice 5kg,Staples,South,67,332.71,0.0,201.1,22291.57
2025-06-25,G001,Milk 1L,Dairy,South,99,53.29,0.0,0.0,5275.71
2025-10-21,G002,Bread Loaf,Bakery,South,147,46.35,0.0,0.0,6813.45
2025-11-11,G003,Eggs (12),Dairy,North,77,90.12,0.0,0.0,6939.24
2025-06-04,G004,Rice 5kg,Staples,West,60,331.02,0.0,0.0,19861.2
2025-11-18,G007,Instant Noodles,Packaged Foods,East,292,18.36,0.0,0.0,5361.12
2025-04-26,G007,Instant Noodles,Packaged Foods,North,440,17.37,0.0,0.0,7642.8
2025-05-31,G003,Eggs (12),Dairy,North,104,90.87,5.0,0.0,8977.96
2025-12-03,G001,Milk 1L,Dairy,East,290,53.96,0.0,0.0,15648.4
2025-12-18,G007,Instant Noodles,Packaged Foods,South,328,17.87,0.0,78.27,5861.36
2025-08-01,G002,Bread Loaf,Bakery,East,329,45.68,0.0,0.0,15028.72
2025-10-16,G005,Cooking Oil 1L,Staples,South,50,141.89,0.0,0.0,7094.5
2025-11-18,G002,Bread Loaf,Bakery,South,149,43.27,0.0,0.0,6447.23
2025-06-10,G003,Eggs (12),Dairy,West,112,89.02,5.0,0.0,9471.73
2025-10-29,G003,Eggs (12),Dairy,North,84,92.76,10.0,0.0,7012.66
2025-08-31,G004,Rice 5kg,Staples,East,93,307.52,0.0,0.0,28599.36
2025-10-17,G003,Eggs (12),Dairy,East,96,89.76,0.0,0.0,8616.96
2025-03-18,G001,Milk 1L,Dairy,East,200,55.07,0.0,0.0,11014.0
2025-03-15,G005,Cooking Oil 1L,Staples,East,76,143.11,0.0,646.99,10876.36
2025-10-19,G001,Milk 1L,Dairy,South,235,57.09,5.0,43.86,12745.34
2025-12-20,G006,Bananas 1kg,Produce,West,165,39.75,0.0,0.0,6558.75
2025-10-03,G002,Bread Loaf,Bakery,South,257,45.77,0.0,0.0,11762.89
2025-03-26,G001,Milk 1L,Dairy,South,168,54.26,0.0,612.44,9115.68
2025-02-16,G006,Bananas 1kg,Produce,North,242,41.3,0.0,0.0,9994.6
2025-10-26,G005,Cooking Oil 1L,Staples,South,94,135.35,0.0,784.06,12722.9
2025-08-17,G006,Bananas 1kg,Produce,East,266,41.24,0.0,0.0,10969.84
2025-12-01,G003,Eggs (12),Dairy,South,154,91.93,0.0,0.0,14157.22
2025-11-23,G005,Cooking Oil 1L,Staples,South,140,135.34,0.0,0.0,18947.6
2025-08-02,G004,Rice 5kg,Staples,North,138,319.86,0.0,0.0,44140.68
2025-04-02,G005,Cooking Oil 1L,Staples,South,132,141.89,0.0,0.0,18729.48
2025-11-25,G004,Rice 5kg,Staples,North,46,324.45,0.0,0.0,14924.7
2025-08-13,G003,Eggs (12),Dairy,West,86,87.44,5.0,206.8,7143.85
2025-04-11,G007,Instant Noodles,Packaged Foods,South,259,18.24,0.0,0.0,4724.16
2025-07-06,G005,Cooking Oil 1L,Staples,West,153,142.54,0.0,0.0,21808.62
2025-03-03,G004,Rice 5kg,Staples,South,99,324.43,5.0,0.0,30512.64
2025-11-28,G005,Cooking Oil 1L,Staples,North,103,138.78,5.0,0.0,13579.62
2025-01-16,G001,Milk 1L,Dairy,North,170,54.57,0.0,774.26,9276.9
2025-07-29,G002,Bread Loaf,Bakery,West,116,44.07,5.0,0.0,4856.51
2025-06-19,G005,Cooking Oil 1L,Staples,West,76,145.03,0.0,0.0,11022.28
2025-09-04,G001,Milk 1L,Dairy,West,254,54.43,5.0,0.0,13133.96
2025-08-15,G004,Rice 5kg,Staples,West,64,314.8,0.0,0.0,20147.2
2025-08-28,G006,Bananas 1kg,Produce,West,95,40.67,5.0,0.0,3670.47
2025-02-06,G006,Bananas 1kg,Produce,East,152,40.56,0.0,0.0,6165.12
2025-07-01,G006,Bananas 1kg,Produce,North,193,40.98,0.0,0.0,7909.14
2025-01-20,G005,Cooking Oil 1L,Staples,East,121,137.5,0.0,0.0,16637.5
2025-03-11,G002,Bread Loaf,Bakery,South,130,46.24,0.0,0.0,6011.2
2025-09-22,G002,Bread Loaf,Bakery,North,171,45.56,0.0,0.0,7790.76
2025-08-21,G005,Cooking Oil 1L,Staples,North,79,136.73,10.0,0.0,9721.5
2025-06-25,G007,Instant Noodles,Packaged Foods,East,259,18.18,0.0,0.0,4708.62
2025-11-08,G006,Bananas 1kg,Produce,South,192,39.8,0.0,0.0,7641.6
2025-05-15,G005,Cooking Oil 1L,Staples,East,63,139.88,0.0,0.0,8812.44
2025-01-27,G001,Milk 1L,Dairy,North,221,53.46,10.0,0.0,10633.19
2025-01-17,G007,Instant Noodles,Packaged Foods,South,240,17.35,0.0,0.0,4164.0
2025-11-23,G005,Cooking Oil 1L,Staples,East,81,144.88,0.0,0.0,11735.28
2025-10-28,G003,Eggs (12),Dairy,South,103,91.48,0.0,748.47,9422.44
2025-07-06,G003,Eggs (12),Dairy,South,134,91.63,0.0,0.0,12278.42
2025-06-06,G004,Rice 5kg,Staples,South,22,327.15,0.0,0.0,7197.3
2025-04-03,G005,Cooking Oil 1L,Staples,South,103,140.28,0.0,0.0,14448.84
2025-02-13,G005,Cooking Oil 1L,Staples,West,55,142.78,0.0,0.0,7852.9
2025-07-04,G002,Bread Loaf,Bakery,East,231,43.53,0.0,0.0,10055.43
2025-04-01,G001,Milk 1L,Dairy,East,370,56.18,10.0,0.0,18707.94
2025-02-17,G006,Bananas 1kg,Produce,West,79,38.63,0.0,750.89,3051.77
2025-04-04,G002,Bread Loaf,Bakery,North,136,46.01,0.0,0.0,6257.36
2025-01-12,G003,Eggs (12),Dairy,North,81,93.3,0.0,0.0,7557.3
2025-07-03,G001,Milk 1L,Dairy,South,216,57.04,0.0,0.0,12320.64
2025-04-08,G003,Eggs (12),Dairy,West,79,89.83,0.0,0.0,7096.57
2025-09-27,G004,Rice 5kg,Staples,West,52,327.33,0.0,0.0,17021.16
2025-09-25,G005,Cooking Oil 1L,Staples,East,91,137.58,0.0,0.0,12519.78
2025-03-29,G001,Milk 1L,Dairy,East,418,53.69,5.0,647.55,21320.3
2025-09-29,G007,Instant Noodles,Packaged Foods,West,260,18.24,0.0,0.0,4742.4
2025-11-19,G003,Eggs (12),Dairy,East,143,90.17,0.0,0.0,12894.31
2025-05-20,G004,Rice 5kg,Staples,West,47,308.69,5.0,0.0,13783.01
2025-12-01,G001,Milk 1L,Dairy,North,325,54.84,0.0,0.0,17823.0
2025-01-13,G007,Instant Noodles,Packaged Foods,East,274,17.84,0.0,0.0,4888.16
2025-10-27,G006,Bananas 1kg,Produce,South,130,40.83,0.0,0.0,5307.9
2025-08-04,G004,Rice 5kg,Staples,East,46,320.81,5.0,0.0,14019.4
2025-05-19,G007,Instant Noodles,Packaged Foods,East,261,18.51,0.0,470.17,4831.11
2025-02-10,G006,Bananas 1kg,Produce,West,67,39.06,0.0,0.0,2617.02
2025-01-23,G006,Bananas 1kg,Produce,West,78,39.85,0.0,0.0,3108.3
2025-07-28,G001,Milk 1L,Dairy,West,262,56.28,5.0,0.0,14008.09
2025-06-09,G005,Cooking Oil 1L,Staples,East,110,141.96,0.0,0.0,15615.6
2025-05-31,G002,Bread Loaf,Bakery,North,238,46.36,0.0,0.0,11033.68
2025-05-06,G006,Bananas 1kg,Produce,East,130,38.79,5.0,0.0,4790.56
2025-06-28,G006,Bananas 1kg,Produce,North,348,40.62,0.0,0.0,14135.76
2025-04-14,G006,Bananas 1kg,Produce,East,80,39.58,0.0,0.0,3166.4
2025-06-10,G007,Instant Noodles,Packaged Foods,North,260,18.46,0.0,0.0,4799.6
2025-08-01,G002,Bread Loaf,Bakery,West,171,44.12,0.0,0.0,7544.52
2025-02-22,G003,Eggs (12),Dairy,East,179,91.05,0.0,0.0,16297.95
2025-02-04,G007,Instant Noodles,Packaged Foods,East,269,18.31,0.0,0.0,4925.39
2025-04-29,G001,Milk 1L,Dairy,South,137,55.21,0.0,0.0,7563.77
2025-02-28,G004,Rice 5kg,Staples,North,55,316.82,0.0,491.42,17425.1
2025-12-08,G001,Milk 1L,Dairy,East,222,55.29,0.0,676.56,12274.38
2025-02-12,G005,Cooking Oil 1L,Staples,North,93,140.19,0.0,0.0,13037.67
2025-11-28,G006,Bananas 1kg,Produce,West,105,40.97,0.0,0.0,4301.85
2025-12-20,G006,Bananas 1kg,Produce,South,138,40.68,0.0,0.0,5613.84
2025-07-19,G007,Instant Noodles,Packaged Foods,West,480,18.33,0.0,0.0,8798.4
2025-03-05,G005,Cooking Oil 1L,Staples,South,87,140.91,10.0,0.0,11033.25
2025-06-19,G006,Bananas 1kg,Produce,East,209,39.66,0.0,0.0,8288.94
2025-12-28,G001,Milk 1L,Dairy,South,277,54.77,0.0,0.0,15171.29
2025-11-14,G007,Instant Noodles,Packaged Foods,South,280,17.41,0.0,0.0,4874.8
2025-09-18,G006,Bananas 1kg,Produce,East,181,40.82,0.0,0.0,7388.42
2025-09-28,G004,Rice 5kg,Staples,South,71,317.91,10.0,296.71,20314.45
2025-09-18,G007,Instant Noodles,Packaged Foods,West,385,17.69,5.0,0.0,6470.12
2025-03-30,G001,Milk 1L,Dairy,South,284,57.03,0.0,0.0,16196.52
2025-03-05,G001,Milk 1L,Dairy,North,245,56.46,0.0,0.0,13832.7
2025-08-18,G007,Instant Noodles,Packaged Foods,East,367,17.9,0.0,0.0,6569.3
2025-09-06,G006,Bananas 1kg,Produce,East,234,40.92,0.0,0.0,9575.28
2025-12-27,G003,Eggs (12),Dairy,West,99,92.85,0.0,94.86,9192.15
2025-10-22,G006,Bananas 1kg,Produce,West,83,41.43,0.0,0.0,3438.69
2025-12-16,G007,Instant Noodles,Packaged Foods,North,366,18.28,0.0,0.0,6690.48
2025-01-31,G002,Bread Loaf,Bakery,West,114,43.72,0.0,0.0,4984.08
2025-09-24,G003,Eggs (12),Dairy,North,102,87.98,0.0,0.0,8973.96
2025-06-09,G001,Milk 1L,Dairy,North,299,54.85,0.0,0.0,16400.15
2025-04-23,G002,Bread Loaf,Bakery,East,227,44.05,10.0,0.0,8999.41
2025-04-22,G007,Instant Noodles,Packaged Foods,North,194,17.86,5.0,0.0,3291.6
2025-05-30,G003,Eggs (12),Dairy,South,128,86.54,0.0,0.0,11077.12
2025-12-25,G005,Cooking Oil 1L,Staples,North,100,136.15,0.0,0.0,13615.0
2025-09-22,G007,Instant Noodles,Packaged Foods,North,337,18.08,0.0,0.0,6092.96
2025-09-22,G007,Instant Noodles,Packaged Foods,South,240,18.05,0.0,0.0,4332.0
2025-06-17,G002,Bread Loaf,Bakery,West,74,45.83,0.0,0.0,3391.42
2025-03-05,G003,Eggs (12),Dairy,East,111,90.67,10.0,0.0,9057.93
2025-05-29,G007,Instant Noodles,Packaged Foods,South,265,18.2,0.0,0.0,4823.0
2025-03-18,G003,Eggs (12),Dairy,East,106,87.73,0.0,0.0,9299.38
2025-08-23,G001,Milk 1L,Dairy,East,190,57.1,0.0,0.0,10849.0
2025-06-21,G003,Eggs (12),Dairy,West,150,91.13,0.0,0.0,13669.5
2025-12-13,G005,Cooking Oil 1L,Staples,West,100,135.53,0.0,0.0,13553.0
2025-12-09,G001,Milk 1L,Dairy,East,307,56.21,0.0,0.0,17256.47
2025-04-26,G006,Bananas 1kg,Produce,West,153,39.93,0.0,0.0,6109.29
2025-05-20,G003,Eggs (12),Dairy,West,91,88.38,0.0,0.0,8042.58
2025-09-23,G002,Bread Loaf,Bakery,North,160,46.54,0.0,0.0,7446.4
2025-01-28,G006,Bananas 1kg,Produce,North,107,39.61,0.0,0.0,4238.27
2025-11-20,G004,Rice 5kg,Staples,West,70,315.72,0.0,0.0,22100.4
2025-01-15,G007,Instant Noodles,Packaged Foods,South,277,17.92,0.0,0.0,4963.84
2025-10-06,G005,Cooking Oil 1L,Staples,West,83,144.97,0.0,0.0,12032.51
2025-09-01,G004,Rice 5kg,Staples,North,77,325.19,0.0,0.0,25039.63
2025-04-11,G002,Bread Loaf,Bakery,South,189,44.7,0.0,0.0,8448.3
2025-03-07,G002,Bread Loaf,Bakery,East,193,44.84,0.0,0.0,8654.12
2025-07-01,G006,Bananas 1kg,Produce,South,159,39.26,0.0,0.0,6242.34
2025-02-12,G003,Eggs (12),Dairy,East,92,89.76,5.0,0.0,7845.02
2025-05-03,G002,Bread Loaf,Bakery,East,336,43.49,0.0,0.0,14612.64
2025-10-08,G006,Bananas 1kg,Produce,East,150,40.99,10.0,751.48,5533.65
2025-11-22,G002,Bread Loaf,Bakery,North,231,43.9,0.0,0.0,10140.9
2025-08-24,G003,Eggs (12),Dairy,South,185,91.81,0.0,0.0,16984.85
2025-12-09,G001,Milk 1L,Dairy,West,286,53.88,0.0,0.0,15409.68
2025-01-20,G002,Bread Loaf,Bakery,West,146,45.12,0.0,0.0,6587.52
2025-04-04,G006,Bananas 1kg,Produce,South,77,39.73,0.0,0.0,3059.21
2025-03-10,G005,Cooking Oil 1L,Staples,East,49,143.78,0.0,0.0,7045.22
2025-06-07,G007,Instant Noodles,Packaged Foods,South,443,18.16,0.0,0.0,8044.88
2025-06-29,G006,Bananas 1kg,Produce,West,131,40.61,0.0,0.0,5319.91
2025-05-22,G007,Instant Noodles,Packaged Foods,South,289,17.62,0.0,0.0,5092.18
2025-05-25,G007,Instant Noodles,Packaged Foods,West,390,18.08,0.0,687.78,7051.2
2025-09-30,G006,Bananas 1kg,Produce,North,114,40.0,0.0,0.0,4560.0
2025-01-27,G001,Milk 1L,Dairy,East,224,53.86,0.0,0.0,12064.64
2025-03-13,G002,Bread Loaf,Bakery,West,128,46.65,0.0,0.0,5971.2
2025-05-01,G005,Cooking Oil 1L,Staples,South,120,140.86,10.0,129.0,15212.88
2025-11-11,G002,Bread Loaf,Bakery,North,124,43.83,0.0,403.02,5434.92
2025-01-24,G006,Bananas 1kg,Produce,South,130,41.42,0.0,0.0,5384.6
2025-09-11,G003,Eggs (12),Dairy,West,87,92.27,0.0,0.0,8027.49
2025-12-06,G006,Bananas 1kg,Produce,West,126,41.04,0.0,0.0,5171.04
2025-03-26,G002,Bread Loaf,Bakery,West,119,45.58,0.0,45.97,5424.02
2025-03-30,G003,Eggs (12),Dairy,South,114,87.88,0.0,0.0,10018.32
2025-04-14,G005,Cooking Oil 1L,Staples,North,90,139.74,10.0,0.0,11318.94
2025-06-04,G002,Bread Loaf,Bakery,South,139,46.75,0.0,563.93,6498.25
2025-04-21,G005,Cooking Oil 1L,Staples,North,101,141.46,0.0,658.39,14287.46
2025-09-05,G007,Instant Noodles,Packaged Foods,East,320,18.19,0.0,0.0,5820.8
2025-04-16,G003,Eggs (12),Dairy,West,102,90.95,0.0,0.0,9276.9
2025-01-16,G007,Instant Noodles,Packaged Foods,West,503,17.85,0.0,0.0,8978.55
2025-09-03,G004,Rice 5kg,Staples,East,86,313.93,0.0,0.0,26997.98
2025-11-17,G005,Cooking Oil 1L,Staples,East,83,142.69,0.0,0.0,11843.27
2025-09-29,G005,Cooking Oil 1L,Staples,South,83,135.43,0.0,0.0,11240.69
2025-07-19,G005,Cooking Oil 1L,Staples,South,119,138.38,0.0,0.0,16467.22
2025-04-11,G003,Eggs (12),Dairy,West,80,87.16,0.0,0.0,6972.8
2025-01-04,G004,Rice 5kg,Staples,North,83,312.81,0.0,0.0,25963.23
2025-02-14,G003,Eggs (12),Dairy,South,91,89.28,0.0,0.0,8124.48
2025-04-29,G005,Cooking Oil 1L,Staples,South,75,141.35,0.0,554.16,10601.25
2025-05-16,G002,Bread Loaf,Bakery,North,177,46.52,0.0,0.0,8234.04
2025-01-25,G006,Bananas 1kg,Produce,North,244,38.92,0.0,0.0,9496.48
2025-09-07,G003,Eggs (12),Dairy,West,133,89.29,0.0,0.0,11875.57
2025-06-04,G001,Milk 1L,Dairy,East,200,53.31,0.0,0.0,10662.0
2025-10-30,G003,Eggs (12),Dairy,South,82,89.01,0.0,0.0,7298.82
2025-10-25,G003,Eggs (12),Dairy,West,140,92.64,0.0,0.0,12969.6
2025-03-15,G001,Milk 1L,Dairy,East,261,54.26,0.0,0.0,14161.86
2025-12-11,G001,Milk 1L,Dairy,East,287,55.58,10.0,0.0,14356.31
2025-07-22,G007,Instant Noodles,Packaged Foods,West,446,17.36,10.0,0.0,6968.3
2025-06-29,G004,Rice 5kg,Staples,North,71,318.78,10.0,0.0,20370.04
2025-08-11,G003,Eggs (12),Dairy,East,126,89.73,0.0,0.0,11305.98
2025-03-25,G001,Milk 1L,Dairy,North,205,52.95,0.0,0.0,10854.75
2025-04-18,G005,Cooking Oil 1L,Staples,North,98,142.82,0.0,0.0,13996.36
2025-05-23,G006,Bananas 1kg,Produce,North,123,39.03,0.0,0.0,4800.69
2025-04-20,G001,Milk 1L,Dairy,South,228,54.17,0.0,0.0,12350.76
2025-02-20,G003,Eggs (12),Dairy,West,68,88.29,0.0,0.0,6003.72
2025-01-05,G004,Rice 5kg,Staples,South,98,332.79,0.0,636.23,32613.42
2025-03-09,G001,Milk 1L,Dairy,East,356,56.13,0.0,0.0,19982.28
2025-02-13,G005,Cooking Oil 1L,Staples,North,93,143.48,0.0,66.75,13343.64
2025-11-29,G007,Instant Noodles,Packaged Foods,West,547,17.71,0.0,0.0,9687.37
2025-12-18,G001,Milk 1L,Dairy,East,317,56.58,0.0,0.0,17935.86
2025-10-16,G001,Milk 1L,Dairy,South,165,54.44,10.0,0.0,8084.34
2025-10-14,G001,Milk 1L,Dairy,North,236,53.71,0.0,569.51,12675.56
2025-08-31,G004,Rice 5kg,Staples,North,95,318.9,0.0,0.0,30295.5
2025-04-11,G005,Cooking Oil 1L,Staples,West,123,142.97,0.0,0.0,17585.31
2025-10-25,G002,Bread Loaf,Bakery,North,256,45.69,5.0,0.0,11111.81
2025-08-29,G003,Eggs (12),Dairy,East,108,92.13,10.0,355.76,8955.04
2025-02-22,G007,Instant Noodles,Packaged Foods,North,416,18.06,0.0,337.72,7512.96
2025-01-07,G003,Eggs (12),Dairy,East,115,92.6,0.0,0.0,10649.0
2025-11-16,G001,Milk 1L,Dairy,West,480,54.51,0.0,403.42,26164.8
2025-10-15,G005,Cooking Oil 1L,Staples,South,68,143.29,5.0,0.0,9256.53
2025-05-10,G002,Bread Loaf,Bakery,East,239,43.72,0.0,0.0,10449.08
2025-10-29,G007,Instant Noodles,Packaged Foods,North,229,18.69,0.0,0.0,4280.01
2025-02-28,G005,Cooking Oil 1L,Staples,West,83,142.04,5.0,53.92,11199.85
2025-07-01,G004,Rice 5kg,Staples,West,77,308.0,0.0,0.0,23716.0
2025-03-12,G001,Milk 1L,Dairy,East,242,57.04,0.0,0.0,13803.68
2025-09-30,G001,Milk 1L,Dairy,West,208,55.7,10.0,123.87,10427.04
2025-09-22,G003,Eggs (12),Dairy,West,77,88.09,0.0,0.0,6782.93
2025-12-31,G006,Bananas 1kg,Produce,East,151,40.43,0.0,0.0,6104.93
2025-07-13,G004,Rice 5kg,Staples,West,64,314.0,0.0,29.14,20096.0
2025-07-01,G007,Instant Noodles,Packaged Foods,South,439,17.9,0.0,0.0,7858.1
2025-04-03,G003,Eggs (12),Dairy,West,157,92.0,0.0,0.0,14444.0
2025-12-24,G005,Cooking Oil 1L,Staples,South,77,142.68,0.0,0.0,10986.36
2025-03-06,G007,Instant Noodles,Packaged Foods,West,343,17.99,0.0,0.0,6170.57
2025-10-18,G007,Instant Noodles,Packaged Foods,East,349,17.55,10.0,0.0,5512.45
2025-08-29,G003,Eggs (12),Dairy,North,96,90.65,10.0,0.0,7832.16
2025-03-30,G007,Instant Noodles,Packaged Foods,East,249,18.22,0.0,0.0,4536.78
2025-09-04,G006,Bananas 1kg,Produce,West,90,40.04,0.0,0.0,3603.6
2025-07-04,G006,Bananas 1kg,Produce,East,196,38.83,10.0,0.0,6849.61
2025-04-16,G004,Rice 5kg,Staples,North,54,312.68,0.0,734.89,16884.72
2025-08-24,G006,Bananas 1kg,Produce,East,283,39.29,5.0,0.0,10563.12
2025-02-01,G006,Bananas 1kg,Produce,West,196,40.99,0.0,0.0,8034.04
2025-08-25,G007,Instant Noodles,Packaged Foods,West,358,18.5,0.0,0.0,6623.0
2025-12-31,G004,Rice 5kg,Staples,East,51,311.53,5.0,0.0,15093.63
2025-07-19,G007,Instant Noodles,Packaged Foods,South,208,18.67,0.0,0.0,3883.36
2025-02-08,G001,Milk 1L,Dairy,West,295,54.15,5.0,0.0,15175.54
2025-12-03,G007,Instant Noodles,Packaged Foods,North,457,17.47,5.0,0.0,7584.6
2025-12-05,G007,Instant Noodles,Packaged Foods,North,319,18.66,0.0,0.0,5952.54
2025-07-26,G007,Instant Noodles,Packaged Foods,North,447,17.37,0.0,0.0,7764.39
2025-03-06,G003,Eggs (12),Dairy,South,66,91.72,0.0,0.0,6053.52
2025-10-22,G007,Instant Noodles,Packaged Foods,West,237,17.58,0.0,50.2,4166.46
2025-01-06,G007,Instant Noodles,Packaged Foods,East,293,18.67,0.0,689.52,5470.31
2025-06-01,G001,Milk 1L,Dairy,East,354,54.65,5.0,0.0,18378.79
2025-07-22,G005,Cooking Oil 1L,Staples,North,97,137.85,0.0,0.0,13371.45
2025-01-08,G001,Milk 1L,Dairy,South,149,54.11,5.0,0.0,7659.27
2025-10-22,G007,Instant Noodles,Packaged Foods,North,205,18.44,0.0,0.0,3780.2
2025-05-28,G006,Bananas 1kg,Produce,South,88,40.3,0.0,0.0,3546.4
2025-03-19,G005,Cooking Oil 1L,Staples,South,71,140.53,0.0,0.0,9977.63
2025-10-25,G001,Milk 1L,Dairy,North,235,55.51,0.0,189.32,13044.85
2025-10-14,G001,Milk 1L,Dairy,South,171,55.92,0.0,0.0,9562.32
2025-07-12,G004,Rice 5kg,Staples,North,68,311.16,0.0,0.0,21158.88
2025-05-11,G001,Milk 1L,Dairy,West,310,52.89,0.0,0.0,16395.9
2025-12-27,G007,Instant Noodles,Packaged Foods,West,376,18.54,10.0,0.0,6273.94
2025-04-30,G006,Bananas 1kg,Produce,North,167,39.13,10.0,115.78,5881.24
2025-04-16,G006,Bananas 1kg,Produce,East,128,39.12,0.0,0.0,5007.36
2025-01-02,G003,Eggs (12),Dairy,South,125,87.47,0.0,0.0,10933.75
2025-09-16,G004,Rice 5kg,Staples,East,52,312.14,5.0,0.0,15419.72
2025-07-27,G002,Bread Loaf,Bakery,South,198,45.42,0.0,0.0,8993.16
2025-04-18,G006,Bananas 1kg,Produce,West,103,38.91,0.0,0.0,4007.73
2025-07-03,G002,Bread Loaf,Bakery,West,330,45.92,0.0,0.0,15153.6
2025-02-21,G002,Bread Loaf,Bakery,West,85,44.87,0.0,165.2,3813.95
2025-09-19,G007,Instant Noodles,Packaged Foods,West,272,17.9,0.0,0.0,4868.8
2025-06-12,G006,Bananas 1kg,Produce,South,74,38.56,0.0,0.0,2853.44
2025-06-11,G002,Bread Loaf,Bakery,East,150,45.28,10.0,0.0,6112.8
2025-03-31,G001,Milk 1L,Dairy,East,263,56.35,0.0,746.35,14820.05
2025-08-23,G002,Bread Loaf,Bakery,North,207,45.38,0.0,0.0,9393.66
2025-07-08,G006,Bananas 1kg,Produce,North,210,41.33,0.0,0.0,8679.3
2025-09-27,G001,Milk 1L,Dairy,East,403,53.91,0.0,337.28,21725.73
2025-09-30,G005,Cooking Oil 1L,Staples,North,99,139.7,0.0,0.0,13830.3
2025-05-15,G007,Instant Noodles,Packaged Foods,East,259,18.72,0.0,0.0,4848.48
2025-04-08,G003,Eggs (12),Dairy,North,88,90.28,10.0,0.0,7150.18
2025-06-04,G007,Instant Noodles,Packaged Foods,South,227,17.57,0.0,0.0,3988.39
2025-07-19,G004,Rice 5kg,Staples,West,67,323.84,0.0,0.0,21697.28
2025-02-28,G004,Rice 5kg,Staples,East,31,308.68,0.0,0.0,9569.08
2025-06-03,G006,Bananas 1kg,Produce,East,275,38.77,0.0,0.0,10661.75
2025-08-09,G007,Instant Noodles,Packaged Foods,East,397,18.32,0.0,0.0,7273.04
2025-08-03,G007,Instant Noodles,Packaged Foods,West,570,18.51,0.0,0.0,10550.7
2025-01-21,G006,Bananas 1kg,Produce,South,96,40.44,0.0,0.0,3882.24
2025-08-08,G004,Rice 5kg,Staples,East,21,322.09,0.0,0.0,6763.89
2025-04-08,G005,Cooking Oil 1L,Staples,South,68,137.26,0.0,0.0,9333.68
2025-10-29,G006,Bananas 1kg,Produce,North,208,41.24,0.0,0.0,8577.92
2025-08-23,G005,Cooking Oil 1L,Staples,North,106,134.77,0.0,71.87,14285.62
2025-10-30,G005,Cooking Oil 1L,Staples,West,89,145.3,0.0,0.0,12931.7
2025-08-03,G004,Rice 5kg,Staples,East,73,325.73,0.0,0.0,23778.29
2025-02-09,G005,Cooking Oil 1L,Staples,South,90,138.38,10.0,623.72,11208.78
2025-05-16,G003,Eggs (12),Dairy,North,103,87.76,0.0,0.0,9039.28
2025-06-17,G004,Rice 5kg,Staples,East,46,316.15,0.0,304.86,14542.9
2025-08-30,G007,Instant Noodles,Packaged Foods,East,370,18.12,5.0,0.0,6369.18
2025-08-30,G001,Milk 1L,Dairy,East,481,53.51,0.0,0.0,25738.31
2025-01-20,G001,Milk 1L,Dairy,West,211,53.18,5.0,0.0,10659.93
2025-08-11,G001,Milk 1L,Dairy,West,273,53.23,0.0,0.0,14531.79
2025-05-28,G002,Bread Loaf,Bakery,East,238,46.58,10.0,0.0,9977.44
2025-01-06,G006,Bananas 1kg,Produce,South,81,39.89,0.0,0.0,3231.09
2025-02-06,G006,Bananas 1kg,Produce,North,191,39.25,0.0,0.0,7496.75
2025-10-29,G003,Eggs (12),Dairy,West,114,92.03,10.0,0.0,9442.28
2025-11-18,G003,Eggs (12),Dairy,East,83,90.36,0.0,0.0,7499.88
2025-01-12,G002,Bread Loaf,Bakery,East,300,45.96,0.0,0.0,13788.0
2025-07-09,G001,Milk 1L,Dairy,North,247,53.25,10.0,265.24,11837.48
2025-02-02,G001,Milk 1L,Dairy,South,369,52.97,0.0,0.0,19545.93
2025-03-11,G002,Bread Loaf,Bakery,West,151,46.54,0.0,0.0,7027.54
2025-10-04,G006,Bananas 1kg,Produce,East,196,40.99,0.0,0.0,8034.04
2025-06-14,G003,Eggs (12),Dairy,South,133,86.92,0.0,0.0,11560.36
2025-05-08,G006,Bananas 1kg,Produce,North,126,40.42,0.0,25.41,5092.92
2025-10-09,G004,Rice 5kg,Staples,East,43,326.98,0.0,0.0,14060.14
2025-08-02,G001,Milk 1L,Dairy,North,605,54.27,0.0,636.74,32833.35
2025-02-01,G003,Eggs (12),Dairy,West,102,90.86,0.0,0.0,9267.72
2025-02-19,G006,Bananas 1kg,Produce,North,188,38.51,0.0,0.0,7239.88
2025-11-01,G002,Bread Loaf,Bakery,West,239,46.43,0.0,0.0,11096.77
2025-10-13,G002,Bread Loaf,Bakery,East,158,44.06,0.0,0.0,6961.48
2025-07-21,G005,Cooking Oil 1L,Staples,North,88,141.91,10.0,0.0,11239.27
2025-11-26,G003,Eggs (12),Dairy,South,88,90.7,0.0,0.0,7981.6
2025-06-16,G007,Instant Noodles,Packaged Foods,South,278,17.59,0.0,0.0,4890.02
2025-01-19,G005,Cooking Oil 1L,Staples,South,168,141.39,0.0,0.0,23753.52
2025-12-15,G001,Milk 1L,Dairy,South,182,53.74,0.0,0.0,9780.68
2025-11-26,G004,Rice 5kg,Staples,East,50,316.62,0.0,0.0,15831.0
2025-10-20,G004,Rice 5kg,Staples,North,48,317.65,0.0,0.0,15247.2
2025-02-09,G005,Cooking Oil 1L,Staples,West,70,136.27,0.0,0.0,9538.9
2025-03-02,G001,Milk 1L,Dairy,North,417,53.16,0.0,0.0,22167.72
2025-06-29,G001,Milk 1L,Dairy,East,349,54.98,0.0,0.0,19188.02
2025-05-29,G007,Instant Noodles,Packaged Foods,West,314,17.88,5.0,517.99,5333.6
2025-10-23,G005,Cooking Oil 1L,Staples,East,79,144.89,0.0,0.0,11446.31
2025-08-22,G006,Bananas 1kg,Produce,South,143,41.38,5.0,0.0,5621.47
2025-09-04,G007,Instant Noodles,Packaged Foods,South,303,17.55,10.0,0.0,4785.89
2025-03-31,G005,Cooking Oil 1L,Staples,West,64,136.14,0.0,0.0,8712.96
2025-03-31,G006,Bananas 1kg,Produce,South,47,38.53,0.0,0.0,1810.91
2025-04-28,G006,Bananas 1kg,Produce,North,221,39.22,0.0,0.0,8667.62
2025-06-15,G004,Rice 5kg,Staples,North,99,317.62,0.0,0.0,31444.38
2025-01-02,G007,Instant Noodles,Packaged Foods,East,375,17.35,0.0,0.0,6506.25
2025-03-15,G007,Instant Noodles,Packaged Foods,North,453,17.38,0.0,0.0,7873.14
2025-05-11,G007,Instant Noodles,Packaged Foods,East,374,18.14,5.0,0.0,6445.14
2025-01-31,G007,Instant Noodles,Packaged Foods,West,360,18.28,0.0,0.0,6580.8
2025-08-10,G002,Bread Loaf,Bakery,North,192,45.84,10.0,0.0,7921.15
2025-12-18,G006,Bananas 1kg,Produce,South,139,39.6,5.0,0.0,5229.18
2025-05-21,G007,Instant Noodles,Packaged Foods,North,299,18.46,0.0,0.0,5519.54
2025-08-06,G005,Cooking Oil 1L,Staples,West,112,144.62,0.0,0.0,16197.44
2025-11-05,G004,Rice 5kg,Staples,South,75,312.53,0.0,0.0,23439.75
2025-12-07,G003,Eggs (12),Dairy,West,149,88.73,0.0,0.0,13220.77
2025-08-29,G002,Bread Loaf,Bakery,West,179,46.39,0.0,640.16,8303.81
2025-05-15,G002,Bread Loaf,Bakery,West,152,45.86,0.0,0.0,6970.72
2025-06-11,G007,Instant Noodles,Packaged Foods,West,392,17.87,0.0,0.0,7005.04
2025-06-08,G001,Milk 1L,Dairy,North,373,53.77,0.0,0.0,20056.21
2025-09-17,G004,Rice 5kg,Staples,North,71,321.84,0.0,0.0,22850.64
2025-01-26,G003,Eggs (12),Dairy,East,179,86.44,0.0,0.0,15472.76
2025-11-03,G001,Milk 1L,Dairy,North,282,54.31,5.0,0.0,14549.65
2025-03-01,G005,Cooking Oil 1L,Staples,West,160,136.01,0.0,0.0,21761.6
2025-04-27,G001,Milk 1L,Dairy,West,269,55.42,5.0,680.09,14162.58
2025-01-01,G006,Bananas 1kg,Produce,East,206,39.46,0.0,0.0,8128.76
2025-03-31,G002,Bread Loaf,Bakery,East,149,45.26,0.0,0.0,6743.74
2025-12-08,G005,Cooking Oil 1L,Staples,West,80,138.84,0.0,0.0,11107.2
2025-09-18,G004,Rice 5kg,Staples,South,54,312.81,5.0,575.11,16047.15
2025-07-15,G001,Milk 1L,Dairy,East,213,55.19,0.0,0.0,11755.47
2025-12-18,G005,Cooking Oil 1L,Staples,East,60,136.52,0.0,0.0,8191.2
2025-12-24,G007,Instant Noodles,Packaged Foods,South,354,17.67,0.0,0.0,6255.18
2025-04-12,G007,Instant Noodles,Packaged Foods,North,314,17.55,0.0,0.0,5510.7
2025-04-29,G006,Bananas 1kg,Produce,West,79,41.51,0.0,0.0,3279.29
2025-06-03,G006,Bananas 1kg,Produce,West,206,40.99,5.0,728.33,8021.74
2025-05-05,G005,Cooking Oil 1L,Staples,South,104,135.99,0.0,0.0,14142.96
2025-10-24,G004,Rice 5kg,Staples,North,81,323.87,0.0,0.0,26233.47
2025-07-07,G001,Milk 1L,Dairy,East,280,55.29,5.0,0.0,14707.14
2025-05-25,G002,Bread Loaf,Bakery,South,192,45.56,0.0,0.0,8747.52
2025-05-27,G001,Milk 1L,Dairy,West,220,54.85,5.0,0.0,11463.65
2025-11-23,G001,Milk 1L,Dairy,West,324,56.81,0.0,0.0,18406.44
2025-02-15,G003,Eggs (12),Dairy,North,85,86.58,0.0,0.0,7359.3
2025-12-13,G007,Instant Noodles,Packaged Foods,East,410,18.18,0.0,0.0,7453.8
2025-04-10,G004,Rice 5kg,Staples,South,70,307.52,0.0,181.03,21526.4
2025-05-17,G006,Bananas 1kg,Produce,West,131,40.31,0.0,0.0,5280.61
2025-04-17,G007,Instant Noodles,Packaged Foods,East,190,17.5,10.0,0.0,2992.5
2025-07-09,G002,Bread Loaf,Bakery,North,136,45.03,0.0,0.0,6124.08
2025-07-21,G003,Eggs (12),Dairy,South,114,88.16,5.0,0.0,9547.73
2025-12-20,G002,Bread Loaf,Bakery,East,221,45.66,0.0,518.46,10090.86
2025-01-30,G005,Cooking Oil 1L,Staples,North,76,136.55,0.0,0.0,10377.8
2025-12-24,G007,Instant Noodles,Packaged Foods,East,255,18.47,5.0,305.95,4474.36
2025-03-20,G002,Bread Loaf,Bakery,West,102,44.39,0.0,0.0,4527.78
2025-10-13,G003,Eggs (12),Dairy,North,78,89.94,0.0,0.0,7015.32
2025-10-14,G004,Rice 5kg,Staples,North,61,331.08,10.0,0.0,18176.29
2025-09-23,G006,Bananas 1kg,Produce,South,103,41.54,0.0,0.0,4278.62
2025-08-12,G006,Bananas 1kg,Produce,West,136,41.25,0.0,98.28,5610.0
2025-01-31,G006,Bananas 1kg,Produce,South,85,41.54,0.0,0.0,3530.9
2025-03-26,G006,Bananas 1kg,Produce,North,145,39.32,0.0,0.0,5701.4
2025-12-02,G002,Bread Loaf,Bakery,North,189,46.71,0.0,0.0,8828.19
2025-10-26,G005,Cooking Oil 1L,Staples,East,125,144.84,0.0,0.0,18105.0
2025-12-10,G006,Bananas 1kg,Produce,South,105,39.82,5.0,0.0,3972.05
2025-11-11,G001,Milk 1L,Dairy,West,294,53.72,0.0,0.0,15793.68
2025-07-24,G005,Cooking Oil 1L,Staples,West,95,138.42,5.0,0.0,12492.4
2025-03-20,G004,Rice 5kg,Staples,North,27,328.05,0.0,0.0,8857.35
2025-10-23,G003,Eggs (12),Dairy,South,81,87.88,0.0,0.0,7118.28
2025-10-31,G002,Bread Loaf,Bakery,South,185,44.11,0.0,0.0,8160.35
2025-09-09,G005,Cooking Oil 1L,Staples,East,52,144.94,0.0,0.0,7536.88
2025-07-20,G007,Instant Noodles,Packaged Foods,South,372,18.27,0.0,0.0,6796.44
2025-08-26,G003,Eggs (12),Dairy,South,104,91.79,0.0,0.0,9546.16
2025-07-13,G001,Milk 1L,Dairy,East,448,54.39,0.0,0.0,24366.72
2025-12-21,G003,Eggs (12),Dairy,East,206,90.19,10.0,0.0,16721.23
2025-12-14,G007,Instant Noodles,Packaged Foods,West,224,17.51,0.0,485.09,3922.24
2025-05-31,G006,Bananas 1kg,Produce,East,190,39.86,0.0,0.0,7573.4
2025-07-02,G002,Bread Loaf,Bakery,East,148,46.53,0.0,0.0,6886.44
2025-10-27,G005,Cooking Oil 1L,Staples,East,75,136.68,0.0,0.0,10251.0
2025-10-19,G003,Eggs (12),Dairy,South,114,93.47,0.0,0.0,10655.58
2025-06-07,G002,Bread Loaf,Bakery,East,267,44.69,0.0,0.0,11932.23
2025-11-03,G007,Instant Noodles,Packaged Foods,North,361,17.84,5.0,0.0,6118.23
2025-06-29,G005,Cooking Oil 1L,Staples,North,101,138.72,0.0,0.0,14010.72
2025-02-22,G006,Bananas 1kg,Produce,South,213,40.43,0.0,0.0,8611.59
2025-06-28,G001,Milk 1L,Dairy,West,353,57.09,0.0,0.0,20152.77
2025-11-02,G007,Instant Noodles,Packaged Foods,West,656,18.43,0.0,0.0,12090.08
2025-06-26,G005,Cooking Oil 1L,Staples,South,49,134.84,0.0,0.0,6607.16
2025-07-09,G004,Rice 5kg,Staples,East,35,320.24,0.0,0.0,11208.4
2025-10-19,G006,Bananas 1kg,Produce,South,109,40.31,0.0,0.0,4393.79
2025-05-14,G007,Instant Noodles,Packaged Foods,South,168,18.24,0.0,0.0,3064.32
2025-04-14,G005,Cooking Oil 1L,Staples,East,73,135.02,10.0,0.0,8870.81
2025-05-29,G006,Bananas 1kg,Produce,South,90,39.07,10.0,0.0,3164.67
2025-09-06,G004,Rice 5kg,Staples,West,87,327.68,10.0,0.0,25657.34
2025-03-11,G007,Instant Noodles,Packaged Foods,East,320,18.24,0.0,0.0,5836.8
2025-10-16,G003,Eggs (12),Dairy,North,78,91.29,10.0,0.0,6408.56
2025-02-08,G007,Instant Noodles,Packaged Foods,North,340,17.75,0.0,154.33,6035.0
2025-10-25,G007,Instant Noodles,Packaged Foods,West,779,17.69,0.0,0.0,13780.51
2025-07-30,G002,Bread Loaf,Bakery,West,80,45.25,0.0,0.0,3620.0
2025-06-08,G005,Cooking Oil 1L,Staples,West,119,136.85,5.0,0.0,15470.89
2025-02-17,G005,Cooking Oil 1L,Staples,North,82,135.95,10.0,0.0,10033.11
2025-05-20,G006,Bananas 1kg,Produce,North,144,40.76,0.0,0.0,5869.44
2025-11-06,G007,Instant Noodles,Packaged Foods,East,296,17.43,0.0,0.0,5159.28
2025-10-15,G006,Bananas 1kg,Produce,South,89,41.55,0.0,0.0,3697.95
2025-07-24,G003,Eggs (12),Dairy,South,77,89.34,5.0,0.0,6535.22
2025-01-19,G002,Bread Loaf,Bakery,South,229,45.1,0.0,0.0,10327.9
2025-12-11,G005,Cooking Oil 1L,Staples,East,78,142.09,0.0,0.0,11083.02
2025-05-17,G007,Instant Noodles,Packaged Foods,South,342,17.46,0.0,0.0,5971.32
2025-06-16,G003,Eggs (12),Dairy,East,83,86.53,0.0,0.0,7181.99
2025-12-08,G005,Cooking Oil 1L,Staples,South,94,140.37,5.0,0.0,12535.04
2025-08-26,G005,Cooking Oil 1L,Staples,West,95,144.33,0.0,0.0,13711.35
2025-02-21,G003,Eggs (12),Dairy,North,52,89.32,0.0,0.0,4644.64
2025-03-11,G006,Bananas 1kg,Produce,East,163,41.04,0.0,0.0,6689.52
2025-11-15,G004,Rice 5kg,Staples,South,116,332.3,0.0,0.0,38546.8
2025-05-07,G007,Instant Noodles,Packaged Foods,West,249,18.65,0.0,128.91,4643.85
2025-11-19,G004,Rice 5kg,Staples,South,47,326.06,0.0,0.0,15324.82
2025-11-21,G003,Eggs (12),Dairy,South,135,92.25,0.0,0.0,12453.75
2025-07-05,G003,Eggs (12),Dairy,East,124,87.76,0.0,0.0,10882.24
2025-10-03,G007,Instant Noodles,Packaged Foods,East,454,18.65,0.0,0.0,8467.1
2025-12-08,G006,Bananas 1kg,Produce,North,112,40.85,0.0,0.0,4575.2
2025-01-20,G005,Cooking Oil 1L,Staples,South,78,144.99,0.0,0.0,11309.22
2025-06-10,G003,Eggs (12),Dairy,North,49,91.79,0.0,0.0,4497.71
2025-12-30,G006,Bananas 1kg,Produce,South,110,39.9,0.0,0.0,4389.0
2025-06-03,G002,Bread Loaf,Bakery,East,217,45.12,0.0,0.0,9791.04
2025-01-09,G002,Bread Loaf,Bakery,East,165,45.08,0.0,0.0,7438.2
2025-08-20,G007,Instant Noodles,Packaged Foods,East,216,18.37,0.0,0.0,3967.92
2025-05-19,G005,Cooking Oil 1L,Staples,East,67,135.12,0.0,0.0,9053.04
2025-09-11,G006,Bananas 1kg,Produce,North,117,41.41,0.0,0.0,4844.97
2025-04-19,G004,Rice 5kg,Staples,East,74,320.43,0.0,0.0,23711.82
2025-04-15,G007,Instant Noodles,Packaged Foods,East,239,17.82,0.0,0.0,4258.98
2025-10-21,G002,Bread Loaf,Bakery,North,105,45.89,0.0,0.0,4818.45
2025-01-13,G003,Eggs (12),Dairy,South,94,88.87,0.0,0.0,8353.78
2025-11-11,G001,Milk 1L,Dairy,East,249,56.55,0.0,0.0,14080.95
2025-09-08,G007,Instant Noodles,Packaged Foods,North,211,18.51,0.0,0.0,3905.61
2025-04-05,G005,Cooking Oil 1L,Staples,South,146,144.13,0.0,0.0,21042.98
2025-08-05,G002,Bread Loaf,Bakery,West,104,43.28,0.0,0.0,4501.12
2025-03-19,G005,Cooking Oil 1L,Staples,North,105,141.63,0.0,166.98,14871.15
2025-05-17,G002,Bread Loaf,Bakery,East,201,43.73,0.0,0.0,8789.73
2025-04-12,G007,Instant Noodles,Packaged Foods,South,340,18.03,0.0,0.0,6130.2
2025-02-10,G005,Cooking Oil 1L,Staples,South,64,140.3,10.0,0.0,8081.28
2025-08-06,G001,Milk 1L,Dairy,East,305,55.42,0.0,0.0,16903.1
2025-10-27,G002,Bread Loaf,Bakery,West,132,44.77,0.0,0.0,5909.64
2025-08-28,G001,Milk 1L,Dairy,West,264,57.06,5.0,124.84,14310.65
2025-02-26,G002,Bread Loaf,Bakery,West,87,45.07,0.0,0.0,3921.09
2025-11-01,G001,Milk 1L,Dairy,West,557,54.33,0.0,0.0,30261.81
2025-10-25,G003,Eggs (12),Dairy,North,103,87.36,0.0,403.14,8998.08
2025-11-07,G007,Instant Noodles,Packaged Foods,South,314,17.71,0.0,0.0,5560.94
2025-03-29,G004,Rice 5kg,Staples,East,69,316.56,0.0,0.0,21842.64
2025-12-10,G007,Instant Noodles,Packaged Foods,East,232,18.36,0.0,336.34,4259.52
2025-02-19,G007,Instant Noodles,Packaged Foods,East,362,18.03,5.0,0.0,6200.52
2025-07-27,G001,Milk 1L,Dairy,East,393,52.84,0.0,0.0,20766.12
2025-09-21,G001,Milk 1L,Dairy,North,330,54.07,0.0,0.0,17843.1
2025-04-29,G006,Bananas 1kg,Produce,East,94,39.31,0.0,0.0,3695.14
2025-09-24,G001,Milk 1L,Dairy,East,225,55.84,5.0,0.0,11935.8
2025-02-03,G001,Milk 1L,Dairy,West,473,55.64,0.0,0.0,26317.72
2025-11-19,G005,Cooking Oil 1L,Staples,West,89,140.81,5.0,0.0,11905.49
2025-12-04,G007,Instant Noodles,Packaged Foods,North,283,18.04,0.0,0.0,5105.32
2025-04-03,G002,Bread Loaf,Bakery,East,227,43.51,0.0,0.0,9876.77
2025-05-08,G001,Milk 1L,Dairy,North,235,54.66,0.0,0.0,12845.1
2025-09-19,G007,Instant Noodles,Packaged Foods,South,253,17.78,5.0,0.0,4273.42
2025-07-09,G006,Bananas 1kg,Produce,South,77,40.26,0.0,0.0,3100.02
2025-04-20,G007,Instant Noodles,Packaged Foods,South,422,17.67,10.0,0.0,6711.07
2025-06-02,G006,Bananas 1kg,Produce,North,284,38.99,0.0,0.0,11073.16
2025-08-21,G001,Milk 1L,Dairy,South,237,55.03,0.0,314.88,13042.11
2025-10-12,G007,Instant Noodles,Packaged Foods,West,403,17.47,0.0,468.12,7040.41
2025-05-07,G002,Bread Loaf,Bakery,North,116,46.68,0.0,0.0,5414.88
2025-04-10,G006,Bananas 1kg,Produce,South,111,41.49,0.0,0.0,4605.39
2025-06-07,G001,Milk 1L,Dairy,South,320,53.48,10.0,0.0,15402.24
2025-09-17,G003,Eggs (12),Dairy,East,100,87.19,0.0,0.0,8719.0
2025-12-06,G007,Instant Noodles,Packaged Foods,South,299,18.1,10.0,0.0,4870.71
2025-12-03,G002,Bread Loaf,Bakery,North,152,44.15,10.0,0.0,6039.72
2025-10-14,G001,Milk 1L,Dairy,West,217,56.16,0.0,0.0,12186.72
2025-08-14,G001,Milk 1L,Dairy,East,240,57.0,5.0,0.0,12996.0
2025-10-08,G005,Cooking Oil 1L,Staples,North,85,144.13,10.0,0.0,11025.94
2025-05-14,G004,Rice 5kg,Staples,North,56,320.41,0.0,7.41,17942.96
2025-05-13,G005,Cooking Oil 1L,Staples,East,86,142.43,0.0,0.0,12248.98
2025-12-18,G001,Milk 1L,Dairy,South,263,54.15,0.0,426.24,14241.45
2025-01-15,G005,Cooking Oil 1L,Staples,West,54,135.21,0.0,0.0,7301.34
2025-09-28,G001,Milk 1L,Dairy,North,314,55.56,0.0,0.0,17445.84
2025-08-09,G006,Bananas 1kg,Produce,South,201,39.76,0.0,0.0,7991.76
2025-07-08,G004,Rice 5kg,Staples,East,52,312.74,5.0,605.58,15449.36
2025-07-05,G007,Instant Noodles,Packaged Foods,West,503,18.69,0.0,0.0,9401.07
2025-09-24,G007,Instant Noodles,Packaged Foods,North,278,18.06,0.0,0.0,5020.68
2025-07-17,G007,Instant Noodles,Packaged Foods,East,166,18.6,0.0,0.0,3087.6
2025-04-04,G004,Rice 5kg,Staples,West,49,318.19,5.0,0.0,14811.74
2025-04-13,G001,Milk 1L,Dairy,West,365,56.11,0.0,0.0,20480.15
2025-01-08,G004,Rice 5kg,Staples,North,43,322.09,0.0,0.0,13849.87
2025-07-30,G005,Cooking Oil 1L,Staples,East,84,144.93,0.0,0.0,12174.12
2025-05-31,G007,Instant Noodles,Packaged Foods,West,420,18.31,0.0,0.0,7690.2
2025-07-08,G001,Milk 1L,Dairy,South,196,56.91,0.0,0.0,11154.36
2025-10-15,G003,Eggs (12),Dairy,South,77,88.07,0.0,0.0,6781.39
2025-02-09,G001,Milk 1L,Dairy,West,378,56.9,0.0,0.0,21508.2
2025-01-15,G001,Milk 1L,Dairy,East,198,52.81,0.0,0.0,10456.38
2025-05-09,G007,Instant Noodles,Packaged Foods,South,201,18.31,10.0,0.0,3312.28
2025-03-03,G004,Rice 5kg,Staples,West,80,331.01,5.0,0.0,25156.76
2025-11-18,G004,Rice 5kg,Staples,North,56,311.49,0.0,0.0,17443.44
2025-01-14,G004,Rice 5kg,Staples,South,40,318.72,0.0,581.93,12748.8
2025-12-09,G003,Eggs (12),Dairy,South,84,93.32,0.0,421.93,7838.88
2025-12-21,G007,Instant Noodles,Packaged Foods,West,454,18.6,0.0,0.0,8444.4
2025-11-05,G002,Bread Loaf,Bakery,West,98,45.71,0.0,739.24,4479.58
2025-11-05,G007,Instant Noodles,Packaged Foods,East,353,17.68,0.0,0.0,6241.04
2025-12-24,G001,Milk 1L,Dairy,North,216,56.19,0.0,221.26,12137.04
2025-02-27,G002,Bread Loaf,Bakery,South,163,46.22,0.0,0.0,7533.86
2025-08-10,G006,Bananas 1kg,Produce,North,271,40.69,0.0,0.0,11026.99
2025-07-11,G001,Milk 1L,Dairy,North,159,54.82,0.0,0.0,8716.38
2025-05-07,G003,Eggs (12),Dairy,South,106,90.14,10.0,0.0,8599.36
2025-11-09,G001,Milk 1L,Dairy,East,314,53.31,0.0,0.0,16739.34
2025-06-09,G007,Instant Noodles,Packaged Foods,East,193,18.46,0.0,0.0,3562.78
2025-03-05,G005,Cooking Oil 1L,Staples,North,88,144.14,0.0,0.0,12684.32
2025-01-19,G002,Bread Loaf,Bakery,West,163,45.84,0.0,0.0,7471.92
2025-07-24,G007,Instant Noodles,Packaged Foods,East,336,17.77,0.0,0.0,5970.72
2025-04-02,G005,Cooking Oil 1L,Staples,North,129,143.82,0.0,0.0,18552.78
2025-11-15,G006,Bananas 1kg,Produce,South,106,40.24,0.0,564.58,4265.44
2025-03-07,G005,Cooking Oil 1L,Staples,South,66,140.53,0.0,201.4,9274.98
2025-09-14,G003,Eggs (12),Dairy,West,101,88.09,0.0,0.0,8897.09
2025-10-12,G001,Milk 1L,Dairy,East,327,54.89,0.0,0.0,17949.03
2025-12-03,G007,Instant Noodles,Packaged Foods,East,148,18.29,0.0,731.36,2706.92
2025-07-16,G007,Instant Noodles,Packaged Foods,West,295,18.64,5.0,0.0,5223.86
2025-01-30,G004,Rice 5kg,Staples,East,35,322.44,0.0,0.0,11285.4
2025-03-17,G002,Bread Loaf,Bakery,North,164,45.63,0.0,0.0,7483.32
2025-10-21,G001,Milk 1L,Dairy,North,230,56.81,10.0,0.0,11759.67
2025-06-08,G002,Bread Loaf,Bakery,North,209,44.09,0.0,0.0,9214.81
2025-05-01,G007,Instant Noodles,Packaged Foods,South,391,17.29,0.0,57.02,6760.39
2025-02-05,G006,Bananas 1kg,Produce,North,182,39.7,0.0,691.24,7225.4
2025-10-19,G004,Rice 5kg,Staples,South,72,324.21,0.0,0.0,23343.12
2025-02-25,G006,Bananas 1kg,Produce,North,154,41.12,0.0,0.0,6332.48
2025-07-14,G003,Eggs (12),Dairy,South,81,91.25,5.0,44.79,7021.69
2025-04-17,G001,Milk 1L,Dairy,West,252,54.59,0.0,0.0,13756.68
2025-08-21,G003,Eggs (12),Dairy,West,50,86.88,0.0,622.35,4344.0
2025-01-04,G004,Rice 5kg,Staples,East,59,318.4,0.0,0.0,18785.6
2025-06-04,G002,Bread Loaf,Bakery,East,185,45.29,0.0,0.0,8378.65
2025-10-23,G003,Eggs (12),Dairy,North,60,86.66,0.0,0.0,5199.6
2025-09-26,G005,Cooking Oil 1L,Staples,East,84,143.04,0.0,0.0,12015.36
2025-07-08,G002,Bread Loaf,Bakery,East,191,46.23,0.0,0.0,8829.93
2025-01-27,G003,Eggs (12),Dairy,South,76,91.41,0.0,401.56,6947.16
2025-08-30,G005,Cooking Oil 1L,Staples,West,117,138.05,0.0,134.37,16151.85
2025-12-07,G003,Eggs (12),Dairy,North,116,87.53,0.0,0.0,10153.48
2025-02-11,G007,Instant Noodles,Packaged Foods,West,171,18.55,10.0,720.2,2854.85
2025-02-21,G004,Rice 5kg,Staples,East,53,327.44,10.0,0.0,15618.89
2025-06-11,G006,Bananas 1kg,Produce,North,151,40.15,0.0,0.0,6062.65
2025-08-29,G004,Rice 5kg,Staples,North,75,316.9,0.0,0.0,23767.5
2025-11-27,G001,Milk 1L,Dairy,West,309,55.25,0.0,0.0,17072.25
2025-04-28,G002,Bread Loaf,Bakery,West,128,44.02,0.0,0.0,5634.56
2025-04-10,G001,Milk 1L,Dairy,East,247,57.17,0.0,0.0,14120.99
2025-01-16,G004,Rice 5kg,Staples,North,28,330.91,5.0,0.0,8802.21
2025-03-18,G004,Rice 5kg,Staples,West,44,327.26,0.0,0.0,14399.44
2025-08-08,G003,Eggs (12),Dairy,West,77,92.59,10.0,0.0,6416.49
2025-09-15,G004,Rice 5kg,Staples,North,63,310.89,0.0,0.0,19586.07
2025-03-12,G002,Bread Loaf,Bakery,West,83,43.52,0.0,0.0,3612.16
2025-12-02,G002,Bread Loaf,Bakery,South,223,44.06,0.0,301.73,9825.38
2025-07-06,G006,Bananas 1kg,Produce,East,121,39.12,0.0,0.0,4733.52
2025-03-20,G002,Bread Loaf,Bakery,East,186,44.66,0.0,0.0,8306.76
2025-12-14,G002,Bread Loaf,Bakery,West,269,43.3,10.0,0.0,10482.93
2025-10-10,G005,Cooking Oil 1L,Staples,West,76,135.56,0.0,0.0,10302.56
2025-12-31,G003,Eggs (12),Dairy,North,67,91.4,0.0,0.0,6123.8
2025-12-21,G006,Bananas 1kg,Produce,South,239,39.94,0.0,49.44,9545.66
2025-12-11,G006,Bananas 1kg,Produce,West,81,38.94,0.0,0.0,3154.14
2025-05-27,G007,Instant Noodles,Packaged Foods,North,227,17.39,0.0,0.0,3947.53
2025-05-09,G001,Milk 1L,Dairy,West,258,54.07,0.0,0.0,13950.06
2025-09-19,G002,Bread Loaf,Bakery,North,173,46.72,0.0,0.0,8082.56
2025-09-10,G005,Cooking Oil 1L,Staples,South,68,142.74,0.0,0.0,9706.32
2025-04-11,G001,Milk 1L,Dairy,East,163,56.46,0.0,0.0,9202.98
2025-06-24,G006,Bananas 1kg,Produce,South,54,41.23,0.0,0.0,2226.42
2025-12-15,G004,Rice 5kg,Staples,North,47,320.2,5.0,0.0,14296.93
2025-02-01,G002,Bread Loaf,Bakery,South,250,43.25,0.0,769.22,10812.5
2025-01-02,G003,Eggs (12),Dairy,North,132,88.52,0.0,0.0,11684.64
2025-08-29,G006,Bananas 1kg,Produce,West,110,40.06,0.0,0.0,4406.6
2025-08-28,G002,Bread Loaf,Bakery,East,256,46.09,0.0,757.08,11799.04
2025-08-17,G005,Cooking Oil 1L,Staples,East,79,139.89,10.0,0.0,9946.18
2025-09-18,G002,Bread Loaf,Bakery,North,144,45.57,0.0,0.0,6562.08
2025-06-01,G004,Rice 5kg,Staples,East,103,316.44,0.0,0.0,32593.32
2025-07-09,G003,Eggs (12),Dairy,South,127,87.45,0.0,0.0,11106.15
2025-11-30,G007,Instant Noodles,Packaged Foods,North,340,17.87,0.0,0.0,6075.8
2025-10-22,G007,Instant Noodles,Packaged Foods,South,244,18.71,0.0,0.0,4565.24
2025-03-07,G004,Rice 5kg,Staples,West,38,324.21,10.0,0.0,11087.98
2025-11-25,G003,Eggs (12),Dairy,South,119,87.08,0.0,0.0,10362.52
2025-09-14,G002,Bread Loaf,Bakery,West,214,46.01,0.0,0.0,9846.14
2025-02-25,G002,Bread Loaf,Bakery,South,100,43.86,5.0,0.0,4166.7
2025-12-26,G007,Instant Noodles,Packaged Foods,East,247,18.05,0.0,495.03,4458.35
2025-10-15,G003,Eggs (12),Dairy,North,76,89.69,5.0,0.0,6475.62
2025-11-25,G002,Bread Loaf,Bakery,South,151,46.55,5.0,0.0,6677.6
2025-04-17,G004,Rice 5kg,Staples,South,52,314.74,0.0,0.0,16366.48
2025-10-13,G005,Cooking Oil 1L,Staples,East,85,139.69,0.0,0.0,11873.65
2025-06-05,G005,Cooking Oil 1L,Staples,East,105,144.73,0.0,0.0,15196.65
2025-10-05,G001,Milk 1L,Dairy,East,430,54.11,0.0,0.0,23267.3
2025-02-26,G001,Milk 1L,Dairy,West,123,56.89,0.0,0.0,6997.47
2025-11-08,G001,Milk 1L,Dairy,West,395,55.62,0.0,497.7,21969.9
2025-08-05,G003,Eggs (12),Dairy,North,89,88.26,0.0,0.0,7855.14
2025-10-31,G006,Bananas 1kg,Produce,East,207,41.26,5.0,0.0,8113.78
2025-11-28,G003,Eggs (12),Dairy,East,142,89.65,5.0,606.22,12093.78
2025-12-30,G003,Eggs (12),Dairy,East,101,89.88,0.0,141.95,9077.88
2025-10-23,G004,Rice 5kg,Staples,North,50,310.88,0.0,794.3,15544.0
2025-03-19,G004,Rice 5kg,Staples,South,71,315.99,10.0,0.0,20191.76
2025-12-10,G004,Rice 5kg,Staples,North,67,321.43,0.0,0.0,21535.81
2025-03-18,G006,Bananas 1kg,Produce,South,80,39.52,5.0,0.0,3003.52
2025-06-10,G001,Milk 1L,Dairy,South,193,54.01,0.0,0.0,10423.93
2025-11-22,G001,Milk 1L,Dairy,East,447,53.98,0.0,0.0,24129.06
2025-11-07,G004,Rice 5kg,Staples,North,63,323.11,0.0,0.0,20355.93
2025-12-21,G002,Bread Loaf,Bakery,South,190,44.41,0.0,0.0,8437.9
2025-09-23,G004,Rice 5kg,Staples,North,54,327.86,0.0,0.0,17704.44
2025-08-13,G007,Instant Noodles,Packaged Foods,East,244,17.95,0.0,0.0,4379.8
2025-02-15,G005,Cooking Oil 1L,Staples,South,92,134.76,0.0,0.0,12397.92
2025-07-13,G003,Eggs (12),Dairy,South,141,90.27,10.0,0.0,11455.26
2025-04-04,G002,Bread Loaf,Bakery,South,171,44.21,0.0,657.03,7559.91
2025-04-19,G002,Bread Loaf,Bakery,East,264,45.1,0.0,0.0,11906.4
2025-08-21,G006,Bananas 1kg,Produce,West,84,38.97,5.0,0.0,3109.81
2025-02-07,G003,Eggs (12),Dairy,North,92,89.06,0.0,0.0,8193.52
2025-08-05,G003,Eggs (12),Dairy,South,119,92.46,0.0,0.0,11002.74
2025-06-07,G001,Milk 1L,Dairy,West,348,56.09,0.0,0.0,19519.32
2025-03-07,G006,Bananas 1kg,Produce,North,121,38.57,0.0,590.5,4666.97
2025-06-03,G002,Bread Loaf,Bakery,North,147,45.62,0.0,0.0,6706.14
2025-07-14,G006,Bananas 1kg,Produce,North,160,38.73,0.0,474.72,6196.8
2025-12-31,G005,Cooking Oil 1L,Staples,South,61,140.84,0.0,22.77,8591.24
2025-07-11,G004,Rice 5kg,Staples,East,33,317.9,0.0,130.32,10490.7
2025-03-04,G005,Cooking Oil 1L,Staples,East,71,139.04,0.0,0.0,9871.84
2025-02-04,G002,Bread Loaf,Bakery,North,106,44.18,0.0,573.14,4683.08
2025-12-25,G003,Eggs (12),Dairy,West,70,92.61,0.0,0.0,6482.7
2025-12-11,G001,Milk 1L,Dairy,West,296,53.91,0.0,0.0,15957.36
2025-02-28,G002,Bread Loaf,Bakery,North,171,45.49,0.0,0.0,7778.79
2025-05-30,G005,Cooking Oil 1L,Staples,West,91,138.1,0.0,0.0,12567.1
2025-12-08,G003,Eggs (12),Dairy,North,73,92.4,0.0,0.0,6745.2
2025-02-08,G005,Cooking Oil 1L,Staples,West,106,141.17,0.0,738.18,14964.02
2025-03-25,G001,Milk 1L,Dairy,West,101,54.15,0.0,0.0,5469.15
2025-11-18,G007,Instant Noodles,Packaged Foods,West,412,18.16,5.0,0.0,7107.82
2025-12-09,G006,Bananas 1kg,Produce,South,120,38.65,0.0,0.0,4638.0
2025-11-27,G003,Eggs (12),Dairy,East,169,92.45,0.0,0.0,15624.05
2025-01-10,G005,Cooking Oil 1L,Staples,South,67,140.08,0.0,0.0,9385.36
2025-02-21,G002,Bread Loaf,Bakery,East,127,44.9,0.0,310.83,5702.3
2025-08-15,G006,Bananas 1kg,Produce,South,82,40.5,10.0,0.0,2988.9
2025-11-19,G003,Eggs (12),Dairy,North,74,88.99,0.0,0.0,6585.26
2025-08-22,G001,Milk 1L,Dairy,South,185,56.37,0.0,0.0,10428.45
2025-02-13,G004,Rice 5kg,Staples,South,63,320.21,5.0,2.77,19164.57
2025-11-27,G006,Bananas 1kg,Produce,North,177,40.02,0.0,0.0,7083.54
2025-07-30,G003,Eggs (12),Dairy,South,78,90.71,0.0,395.88,7075.38
2025-09-02,G003,Eggs (12),Dairy,North,137,91.75,0.0,0.0,12569.75
2025-08-22,G003,Eggs (12),Dairy,East,111,88.97,5.0,591.39,9381.89
2025-06-27,G001,Milk 1L,Dairy,North,210,56.08,0.0,0.0,11776.8
2025-12-15,G006,Bananas 1kg,Produce,West,144,40.32,0.0,419.34,5806.08
2025-05-06,G005,Cooking Oil 1L,Staples,East,54,136.56,0.0,0.0,7374.24
2025-04-21,G007,Instant Noodles,Packaged Foods,South,191,18.69,0.0,0.0,3569.79
2025-08-29,G007,Instant Noodles,Packaged Foods,East,249,17.88,0.0,0.0,4452.12
2025-07-21,G006,Bananas 1kg,Produce,West,76,40.59,0.0,0.0,3084.84
2025-09-30,G001,Milk 1L,Dairy,South,206,55.42,0.0,0.0,11416.52
2025-08-20,G007,Instant Noodles,Packaged Foods,South,278,17.46,0.0,0.0,4853.88
2025-04-21,G007,Instant Noodles,Packaged Foods,North,249,17.76,0.0,0.0,4422.24
2025-10-20,G004,Rice 5kg,Staples,South,82,310.58,0.0,0.0,25467.56
2025-07-25,G005,Cooking Oil 1L,Staples,South,106,136.06,0.0,0.0,14422.36
2025-07-24,G003,Eggs (12),Dairy,East,115,88.22,0.0,0.0,10145.3
2025-10-19,G002,Bread Loaf,Bakery,South,228,46.09,0.0,465.47,10508.52
2025-10-07,G005,Cooking Oil 1L,Staples,South,99,141.57,0.0,0.0,14015.43
2025-03-30,G007,Instant Noodles,Packaged Foods,West,419,18.14,0.0,0.0,7600.66
2025-06-22,G003,Eggs (12),Dairy,North,100,91.48,5.0,0.0,8690.6
2025-09-09,G005,Cooking Oil 1L,Staples,West,93,134.69,10.0,0.0,11273.55
2025-06-09,G007,Instant Noodles,Packaged Foods,South,214,18.53,0.0,0.0,3965.42
2025-03-25,G001,Milk 1L,Dairy,South,116,54.6,0.0,0.0,6333.6
2025-05-15,G006,Bananas 1kg,Produce,West,124,41.29,0.0,0.0,5119.96
2025-10-27,G004,Rice 5kg,Staples,South,64,331.15,0.0,0.0,21193.6
2025-08-20,G001,Milk 1L,Dairy,East,263,53.83,5.0,0.0,13449.43
2025-12-25,G004,Rice 5kg,Staples,South,61,326.98,10.0,677.61,17951.2
2025-05-26,G001,Milk 1L,Dairy,West,217,53.71,0.0,0.0,11655.07
2025-03-01,G001,Milk 1L,Dairy,South,299,54.35,0.0,0.0,16250.65
2025-03-26,G007,Instant Noodles,Packaged Foods,South,257,17.75,0.0,0.0,4561.75
2025-05-03,G007,Instant Noodles,Packaged Foods,East,529,17.49,0.0,0.0,9252.21
2025-07-30,G005,Cooking Oil 1L,Staples,North,54,139.06,10.0,0.0,6758.32
2025-09-03,G002,Bread Loaf,Bakery,East,325,44.37,0.0,0.0,14420.25
2025-08-24,G001,Milk 1L,Dairy,North,400,54.34,0.0,206.7,21736.0
2025-06-28,G002,Bread Loaf,Bakery,East,269,43.72,0.0,0.0,11760.68
2025-03-26,G003,Eggs (12),Dairy,North,66,91.27,5.0,0.0,5722.63
2025-06-30,G005,Cooking Oil 1L,Staples,East,57,136.39,5.0,0.0,7385.52
2025-01-04,G006,Bananas 1kg,Produce,North,223,40.29,10.0,0.0,8086.2
2025-05-24,G006,Bananas 1kg,Produce,West,96,40.64,0.0,0.0,3901.44
2025-02-03,G006,Bananas 1kg,Produce,East,248,39.46,0.0,0.0,9786.08
2025-02-05,G001,Milk 1L,Dairy,South,126,54.64,0.0,0.0,6884.64
2025-09-04,G006,Bananas 1kg,Produce,East,175,40.18,0.0,0.0,7031.5
2025-09-07,G007,Instant Noodles,Packaged Foods,East,191,18.49,0.0,0.0,3531.59
2025-06-15,G005,Cooking Oil 1L,Staples,South,123,139.16,0.0,0.0,17116.68
2025-01-16,G004,Rice 5kg,Staples,East,43,314.76,10.0,600.76,12181.21
2025-01-13,G004,Rice 5kg,Staples,South,58,326.66,0.0,0.0,18946.28
2025-06-10,G007,Instant Noodles,Packaged Foods,East,258,18.38,0.0,0.0,4742.04
2025-08-31,G006,Bananas 1kg,Produce,East,249,39.81,0.0,0.0,9912.69
2025-07-14,G001,Milk 1L,Dairy,North,328,54.79,0.0,0.0,17971.12
2025-12-07,G002,Bread Loaf,Bakery,East,174,43.49,0.0,0.0,7567.26
2025-05-13,G003,Eggs (12),Dairy,South,80,91.06,5.0,0.0,6920.56
2025-01-12,G007,Instant Noodles,Packaged Foods,South,354,18.22,0.0,0.0,6449.88
2025-02-09,G003,Eggs (12),Dairy,North,105,89.37,0.0,0.0,9383.85
2025-03-17,G007,Instant Noodles,Packaged Foods,South,260,17.67,5.0,0.0,4364.49
2025-07-27,G006,Bananas 1kg,Produce,South,104,40.98,10.0,0.0,3835.73
2025-10-12,G005,Cooking Oil 1L,Staples,South,152,136.71,0.0,0.0,20779.92
2025-08-07,G005,Cooking Oil 1L,Staples,North,79,140.21,0.0,0.0,11076.59
2025-12-27,G002,Bread Loaf,Bakery,West,110,46.09,0.0,0.0,5069.9
2025-10-20,G007,Instant Noodles,Packaged Foods,West,357,17.37,0.0,0.0,6201.09
2025-03-27,G002,Bread Loaf,Bakery,North,132,44.95,0.0,0.0,5933.4
2025-12-12,G002,Bread Loaf,Bakery,North,191,45.41,10.0,0.0,7805.98
2025-02-09,G003,Eggs (12),Dairy,South,142,90.17,0.0,759.12,12804.14
2025-06-22,G004,Rice 5kg,Staples,South,82,332.07,0.0,0.0,27229.74
2025-09-20,G003,Eggs (12),Dairy,West,184,93.02,0.0,628.4,17115.68
2025-06-26,G007,Instant Noodles,Packaged Foods,East,318,17.57,0.0,0.0,5587.26
2025-09-13,G007,Instant Noodles,Packaged Foods,West,459,17.32,10.0,0.0,7154.89
2025-01-14,G006,Bananas 1kg,Produce,North,166,40.83,0.0,750.43,6777.78
2025-06-11,G006,Bananas 1kg,Produce,South,65,38.84,10.0,0.0,2272.14
2025-10-29,G001,Milk 1L,Dairy,East,255,56.62,0.0,0.0,14438.1
2025-10-27,G006,Bananas 1kg,Produce,West,149,41.07,0.0,0.0,6119.43
2025-09-19,G004,Rice 5kg,Staples,South,59,318.96,0.0,139.93,18818.64
2025-10-05,G004,Rice 5kg,Staples,West,94,332.31,5.0,25.2,29675.28
2025-06-16,G001,Milk 1L,Dairy,East,328,54.9,0.0,0.0,18007.2
2025-11-14,G007,Instant Noodles,Packaged Foods,East,246,17.65,0.0,0.0,4341.9
2025-10-04,G003,Eggs (12),Dairy,South,140,87.93,10.0,0.0,11079.18
2025-12-04,G007,Instant Noodles,Packaged Foods,West,452,17.95,0.0,0.0,8113.4
2025-04-22,G007,Instant Noodles,Packaged Foods,West,295,17.66,0.0,0.0,5209.7
2025-09-25,G002,Bread Loaf,Bakery,East,167,45.32,0.0,0.0,7568.44
2025-07-26,G002,Bread Loaf,Bakery,South,212,46.68,10.0,449.57,8906.54
2025-12-01,G005,Cooking Oil 1L,Staples,South,137,139.09,0.0,0.0,19055.33
2025-05-03,G006,Bananas 1kg,Produce,West,117,39.08,0.0,0.0,4572.36
2025-03-05,G004,Rice 5kg,Staples,East,31,310.8,0.0,0.0,9634.8
2025-05-02,G002,Bread Loaf,Bakery,South,194,45.73,0.0,0.0,8871.62
2025-03-12,G006,Bananas 1kg,Produce,South,79,40.14,0.0,0.0,3171.06
2025-01-28,G007,Instant Noodles,Packaged Foods,North,143,18.07,0.0,0.0,2584.01
2025-01-18,G001,Milk 1L,Dairy,North,290,56.52,0.0,0.0,16390.8
2025-10-15,G002,Bread Loaf,Bakery,North,149,45.74,10.0,0.0,6133.73
2025-11-09,G007,Instant Noodles,Packaged Foods,South,277,17.34,5.0,0.0,4563.02
2025-11-06,G005,Cooking Oil 1L,Staples,South,74,136.01,10.0,0.0,9058.27
2025-01-24,G003,Eggs (12),Dairy,North,93,93.24,0.0,0.0,8671.32
2025-09-18,G003,Eggs (12),Dairy,North,73,93.54,0.0,0.0,6828.42
2025-03-21,G006,Bananas 1kg,Produce,South,95,40.24,0.0,0.0,3822.8
2025-02-24,G005,Cooking Oil 1L,Staples,South,83,137.69,5.0,0.0,10856.86
2025-06-26,G001,Milk 1L,Dairy,North,224,56.85,0.0,137.02,12734.4
2025-03-16,G003,Eggs (12),Dairy,West,139,89.67,0.0,0.0,12464.13
2025-11-06,G007,Instant Noodles,Packaged Foods,North,295,18.47,0.0,0.0,5448.65
2025-06-09,G003,Eggs (12),Dairy,East,124,90.36,0.0,0.0,11204.64
2025-03-16,G005,Cooking Oil 1L,Staples,West,97,143.13,0.0,0.0,13883.61
2025-07-05,G004,Rice 5kg,Staples,North,75,316.17,0.0,0.0,23712.75
2025-05-16,G002,Bread Loaf,Bakery,West,147,46.06,0.0,0.0,6770.82
2025-07-15,G003,Eggs (12),Dairy,East,108,89.4,5.0,0.0,9172.44
2025-05-03,G002,Bread Loaf,Bakery,West,275,43.6,0.0,0.0,11990.0
2025-08-17,G005,Cooking Oil 1L,Staples,South,125,144.3,0.0,0.0,18037.5
2025-09-11,G002,Bread Loaf,Bakery,South,156,45.75,5.0,0.0,6780.15
2025-12-20,G004,Rice 5kg,Staples,South,66,325.53,5.0,0.0,20410.73
2025-12-28,G001,Milk 1L,Dairy,North,415,55.42,10.0,0.0,20699.37
2025-02-14,G006,Bananas 1kg,Produce,East,155,40.91,0.0,0.0,6341.05
2025-04-16,G007,Instant Noodles,Packaged Foods,East,325,17.78,0.0,0.0,5778.5
2025-02-24,G002,Bread Loaf,Bakery,East,191,45.86,0.0,241.14,8759.26
2025-10-22,G004,Rice 5kg,Staples,West,45,319.5,0.0,0.0,14377.5
2025-12-28,G004,Rice 5kg,Staples,East,88,316.22,0.0,0.0,27827.36
2025-03-25,G004,Rice 5kg,Staples,West,49,330.58,0.0,0.0,16198.42
2025-09-26,G002,Bread Loaf,Bakery,East,141,43.26,0.0,0.0,6099.66
2025-11-03,G005,Cooking Oil 1L,Staples,West,109,141.71,0.0,0.0,15446.39
2025-11-30,G004,Rice 5kg,Staples,North,61,315.36,0.0,0.0,19236.96
2025-02-03,G001,Milk 1L,Dairy,East,300,56.3,10.0,0.0,15201.0
2025-05-14,G001,Milk 1L,Dairy,East,312,55.54,0.0,0.0,17328.48
2025-08-20,G003,Eggs (12),Dairy,South,84,89.32,5.0,0.0,7127.74
2025-08-16,G001,Milk 1L,Dairy,North,295,56.4,0.0,558.79,16638.0
2025-12-02,G003,Eggs (12),Dairy,South,134,92.97,5.0,0.0,11835.08
2025-06-22,G001,Milk 1L,Dairy,East,392,55.02,0.0,0.0,21567.84
2025-09-01,G002,Bread Loaf,Bakery,East,328,44.4,5.0,0.0,13835.04
2025-06-01,G005,Cooking Oil 1L,Staples,North,223,141.69,0.0,0.0,31596.87
2025-07-05,G005,Cooking Oil 1L,Staples,South,116,137.04,0.0,0.0,15896.64
2025-01-08,G007,Instant Noodles,Packaged Foods,West,453,17.62,5.0,0.0,7582.77
2025-04-29,G003,Eggs (12),Dairy,West,136,89.03,0.0,0.0,12108.08
2025-09-19,G003,Eggs (12),Dairy,North,78,91.91,0.0,0.0,7168.98
2025-11-25,G006,Bananas 1kg,Produce,South,99,38.64,5.0,0.0,3634.09
2025-09-06,G002,Bread Loaf,Bakery,North,253,45.8,10.0,0.0,10428.66
2025-07-26,G007,Instant Noodles,Packaged Foods,South,290,18.44,0.0,0.0,5347.6
2025-05-23,G004,Rice 5kg,Staples,East,36,316.14,0.0,24.4,11381.04
2025-05-12,G004,Rice 5kg,Staples,South,31,320.96,0.0,0.0,9949.76
2025-05-16,G001,Milk 1L,Dairy,East,198,54.5,5.0,0.0,10251.45
2025-12-29,G006,Bananas 1kg,Produce,East,221,40.14,0.0,0.0,8870.94
2025-05-07,G002,Bread Loaf,Bakery,East,193,45.42,0.0,0.0,8766.06
2025-03-28,G003,Eggs (12),Dairy,North,42,91.85,0.0,0.0,3857.7
2025-09-16,G006,Bananas 1kg,Produce,North,233,41.33,0.0,0.0,9629.89
2025-07-10,G005,Cooking Oil 1L,Staples,East,54,143.14,0.0,0.0,7729.56
2025-03-21,G003,Eggs (12),Dairy,East,130,93.53,10.0,0.0,10943.01
2025-08-06,G003,Eggs (12),Dairy,West,79,87.62,10.0,472.55,6229.78
2025-04-05,G005,Cooking Oil 1L,Staples,North,172,139.12,0.0,0.0,23928.64
2025-03-12,G001,Milk 1L,Dairy,West,134,52.89,0.0,0.0,7087.26
2025-10-06,G004,Rice 5kg,Staples,North,38,329.92,0.0,0.0,12536.96
2025-07-08,G004,Rice 5kg,Staples,West,49,324.49,0.0,0.0,15900.01
2025-04-16,G005,Cooking Oil 1L,Staples,West,75,144.89,5.0,749.11,10323.41
2025-11-16,G007,Instant Noodles,Packaged Foods,East,283,17.37,0.0,0.0,4915.71
2025-03-13,G003,Eggs (12),Dairy,East,84,89.82,0.0,0.0,7544.88
2025-08-05,G006,Bananas 1kg,Produce,West,133,39.98,0.0,0.0,5317.34
2025-02-08,G002,Bread Loaf,Bakery,North,214,46.31,0.0,168.79,9910.34
2025-07-04,G001,Milk 1L,Dairy,West,240,54.42,5.0,0.0,12407.76
2025-04-12,G002,Bread Loaf,Bakery,West,166,45.1,0.0,0.0,7486.6
2025-04-03,G007,Instant Noodles,Packaged Foods,North,520,18.25,0.0,0.0,9490.0
2025-05-10,G001,Milk 1L,Dairy,North,320,56.86,0.0,0.0,18195.2
2025-03-11,G002,Bread Loaf,Bakery,East,110,45.9,0.0,0.0,5049.0
2025-08-27,G007,Instant Noodles,Packaged Foods,North,252,17.59,10.0,0.0,3989.41
2025-11-10,G003,Eggs (12),Dairy,West,93,88.53,0.0,496.39,8233.29
2025-10-21,G001,Milk 1L,Dairy,West,124,53.1,0.0,0.0,6584.4
2025-06-25,G004,Rice 5kg,Staples,South,47,323.51,0.0,0.0,15204.97
2025-02-14,G005,Cooking Oil 1L,Staples,South,77,142.83,0.0,0.0,10997.91
2025-08-30,G002,Bread Loaf,Bakery,South,300,44.84,5.0,0.0,12779.4
2025-04-28,G007,Instant Noodles,Packaged Foods,North,145,18.14,0.0,0.0,2630.3
2025-12-01,G006,Bananas 1kg,Produce,West,115,39.25,10.0,0.0,4062.38
2025-06-18,G007,Instant Noodles,Packaged Foods,East,259,18.25,0.0,0.0,4726.75
2025-07-15,G004,Rice 5kg,Staples,South,42,309.31,0.0,0.0,12991.02
2025-04-24,G002,Bread Loaf,Bakery,West,142,46.01,0.0,0.0,6533.42
2025-06-22,G003,Eggs (12),Dairy,West,108,88.11,0.0,0.0,9515.88
2025-03-22,G006,Bananas 1kg,Produce,West,129,39.9,0.0,0.0,5147.1
2025-05-04,G002,Bread Loaf,Bakery,West,233,44.5,0.0,0.0,10368.5
2025-03-26,G002,Bread Loaf,Bakery,East,145,43.24,0.0,626.27,6269.8
2025-09-02,G005,Cooking Oil 1L,Staples,West,135,142.07,0.0,0.0,19179.45
2025-09-28,G003,Eggs (12),Dairy,West,167,92.19,0.0,0.0,15395.73
2025-06-27,G006,Bananas 1kg,Produce,North,124,38.96,10.0,0.0,4347.94
2025-04-26,G001,Milk 1L,Dairy,North,280,54.09,0.0,0.0,15145.2
2025-02-20,G003,Eggs (12),Dairy,East,114,90.46,0.0,0.0,10312.44
2025-05-20,G003,Eggs (12),Dairy,South,75,87.1,0.0,0.0,6532.5
2025-07-08,G003,Eggs (12),Dairy,East,83,89.83,0.0,0.0,7455.89
2025-05-28,G006,Bananas 1kg,Produce,North,122,40.31,0.0,683.11,4917.82
2025-02-27,G006,Bananas 1kg,Produce,South,79,40.01,0.0,0.0,3160.79
2025-08-23,G005,Cooking Oil 1L,Staples,West,98,142.67,0.0,0.0,13981.66
2025-07-09,G004,Rice 5kg,Staples,North,71,316.27,0.0,0.0,22455.17
2025-11-01,G003,Eggs (12),Dairy,North,143,86.83,0.0,0.0,12416.69
2025-05-17,G002,Bread Loaf,Bakery,West,153,43.62,10.0,425.5,6006.47
2025-08-19,G003,Eggs (12),Dairy,South,101,92.72,0.0,0.0,9364.72
2025-01-30,G006,Bananas 1kg,Produce,North,266,38.53,0.0,0.0,10248.98
2025-04-04,G004,Rice 5kg,Staples,East,51,320.87,0.0,0.0,16364.37
2025-07-08,G004,Rice 5kg,Staples,North,72,325.44,10.0,0.0,21088.51
2025-08-27,G007,Instant Noodles,Packaged Foods,East,230,18.41,0.0,0.0,4234.3
2025-08-13,G006,Bananas 1kg,Produce,West,124,39.68,0.0,0.0,4920.32
2025-11-16,G005,Cooking Oil 1L,Staples,West,66,144.75,0.0,454.78,9553.5
2025-11-14,G003,Eggs (12),Dairy,East,127,87.61,0.0,0.0,11126.47
2025-03-04,G001,Milk 1L,Dairy,East,146,53.61,0.0,0.0,7827.06
2025-07-31,G001,Milk 1L,Dairy,South,150,56.62,10.0,0.0,7643.7
2025-08-28,G004,Rice 5kg,Staples,West,48,329.83,0.0,0.0,15831.84
2025-05-12,G004,Rice 5kg,Staples,West,62,326.27,0.0,0.0,20228.74
2025-01-25,G001,Milk 1L,Dairy,West,350,54.06,0.0,0.0,18921.0
2025-12-30,G004,Rice 5kg,Staples,East,60,310.44,0.0,0.0,18626.4
2025-07-14,G001,Milk 1L,Dairy,West,178,56.36,0.0,0.0,10032.08
2025-06-05,G004,Rice 5kg,Staples,North,45,326.01,0.0,0.0,14670.45
2025-07-06,G002,Bread Loaf,Bakery,South,203,45.14,0.0,0.0,9163.42
2025-07-07,G006,Bananas 1kg,Produce,South,101,39.02,0.0,0.0,3941.02
2025-04-28,G007,Instant Noodles,Packaged Foods,South,295,18.64,0.0,0.0,5498.8
2025-09-03,G006,Bananas 1kg,Produce,South,123,40.42,0.0,0.0,4971.66
2025-10-27,G005,Cooking Oil 1L,Staples,North,78,141.15,5.0,0.0,10459.22
2025-10-15,G003,Eggs (12),Dairy,East,129,88.31,0.0,0.0,11391.99
2025-04-14,G004,Rice 5kg,Staples,West,55,317.34,0.0,0.0,17453.7
2025-06-18,G002,Bread Loaf,Bakery,East,202,45.74,10.0,747.12,8315.53
2025-10-29,G004,Rice 5kg,Staples,West,52,332.44,0.0,0.0,17286.88
2025-09-07,G003,Eggs (12),Dairy,North,65,92.02,0.0,114.66,5981.3
2025-11-26,G002,Bread Loaf,Bakery,South,197,46.56,0.0,0.0,9172.32
2025-10-31,G005,Cooking Oil 1L,Staples,East,105,142.29,5.0,0.0,14193.43
2025-08-02,G007,Instant Noodles,Packaged Foods,South,604,17.47,0.0,0.0,10551.88
2025-01-09,G003,Eggs (12),Dairy,East,114,93.25,0.0,0.0,10630.5
2025-01-14,G002,Bread Loaf,Bakery,West,133,43.83,0.0,0.0,5829.39
2025-11-17,G001,Milk 1L,Dairy,West,130,53.1,5.0,0.0,6557.85
2025-11-11,G003,Eggs (12),Dairy,East,125,90.35,0.0,740.94,11293.75
2025-02-25,G004,Rice 5kg,Staples,East,39,308.19,0.0,0.0,12019.41
2025-08-17,G003,Eggs (12),Dairy,North,69,93.56,5.0,0.0,6132.86
2025-04-01,G003,Eggs (12),Dairy,South,158,88.45,0.0,0.0,13975.1
2025-08-31,G006,Bananas 1kg,Produce,West,178,41.55,0.0,0.0,7395.9
2025-03-25,G002,Bread Loaf,Bakery,South,183,45.62,0.0,0.0,8348.46
2025-10-10,G001,Milk 1L,Dairy,South,233,55.14,0.0,0.0,12847.62
2025-12-12,G001,Milk 1L,Dairy,South,135,53.0,5.0,0.0,6797.25
2025-08-23,G003,Eggs (12),Dairy,East,230,87.65,0.0,0.0,20159.5
2025-10-18,G006,Bananas 1kg,Produce,East,262,40.09,0.0,0.0,10503.58
2025-06-02,G003,Eggs (12),Dairy,West,146,88.21,0.0,0.0,12878.66
2025-07-06,G004,Rice 5kg,Staples,North,53,324.57,0.0,0.0,17202.21
2025-10-25,G004,Rice 5kg,Staples,West,61,330.62,10.0,0.0,18151.04
2025-04-29,G003,Eggs (12),Dairy,North,91,89.54,0.0,0.0,8148.14
2025-11-22,G003,Eggs (12),Dairy,North,143,91.79,0.0,0.0,13125.97
2025-05-08,G002,Bread Loaf,Bakery,West,143,45.18,0.0,0.0,6460.74
2025-03-06,G004,Rice 5kg,Staples,South,63,310.06,0.0,48.01,19533.78
2025-02-20,G002,Bread Loaf,Bakery,West,113,46.77,0.0,0.0,5285.01
2025-08-03,G005,Cooking Oil 1L,Staples,East,206,142.65,0.0,17.68,29385.9
2025-11-03,G002,Bread Loaf,Bakery,East,280,46.79,0.0,0.0,13101.2
2025-05-22,G001,Milk 1L,Dairy,East,325,55.5,0.0,0.0,18037.5
2025-07-04,G007,Instant Noodles,Packaged Foods,South,201,17.33,0.0,0.0,3483.33
2025-05-23,G001,Milk 1L,Dairy,South,126,54.99,0.0,0.0,6928.74
2025-12-17,G001,Milk 1L,Dairy,North,269,54.29,10.0,0.0,13143.61
2025-01-30,G002,Bread Loaf,Bakery,North,146,44.83,0.0,0.0,6545.18
2025-07-02,G004,Rice 5kg,Staples,West,95,313.05,5.0,0.0,28252.76
2025-06-06,G003,Eggs (12),Dairy,West,127,91.97,0.0,0.0,11680.19
2025-11-19,G002,Bread Loaf,Bakery,West,196,44.19,0.0,587.83,8661.24
2025-08-04,G006,Bananas 1kg,Produce,West,103,40.95,0.0,0.0,4217.85
2025-12-02,G004,Rice 5kg,Staples,North,94,312.29,0.0,0.0,29355.26
2025-08-16,G003,Eggs (12),Dairy,West,91,92.39,0.0,0.0,8407.49
2025-05-07,G004,Rice 5kg,Staples,East,29,311.59,0.0,228.08,9036.11
2025-04-05,G007,Instant Noodles,Packaged Foods,East,359,18.57,0.0,0.0,6666.63
2025-05-04,G006,Bananas 1kg,Produce,North,181,38.86,0.0,0.0,7033.66
2025-10-28,G002,Bread Loaf,Bakery,West,138,43.56,0.0,0.0,6011.28
2025-12-17,G006,Bananas 1kg,Produce,West,109,39.02,5.0,0.0,4040.52
2025-04-08,G006,Bananas 1kg,Produce,West,86,39.14,0.0,0.0,3366.04
2025-08-14,G003,Eggs (12),Dairy,East,138,91.59,0.0,0.0,12639.42
2025-05-09,G004,Rice 5kg,Staples,North,49,314.03,0.0,0.0,15387.47
2025-04-14,G005,Cooking Oil 1L,Staples,South,70,142.4,0.0,0.0,9968.0
2025-02-28,G001,Milk 1L,Dairy,South,190,54.24,0.0,0.0,10305.6
2025-03-25,G006,Bananas 1kg,Produce,East,189,39.52,0.0,0.0,7469.28
2025-01-07,G003,Eggs (12),Dairy,West,87,88.72,0.0,0.0,7718.64
2025-09-12,G002,Bread Loaf,Bakery,West,112,43.89,0.0,0.0,4915.68
2025-11-02,G003,Eggs (12),Dairy,West,188,90.76,0.0,0.0,17062.88
2025-07-31,G001,Milk 1L,Dairy,East,284,54.27,0.0,0.0,15412.68
2025-12-05,G005,Cooking Oil 1L,Staples,West,101,136.14,0.0,0.0,13750.14
2025-12-20,G002,Bread Loaf,Bakery,South,235,43.24,0.0,0.0,10161.4
2025-01-18,G004,Rice 5kg,Staples,North,89,323.1,0.0,0.0,28755.9
2025-10-02,G005,Cooking Oil 1L,Staples,East,141,141.38,0.0,163.34,19934.58
2025-07-23,G002,Bread Loaf,Bakery,South,112,43.25,10.0,0.0,4359.6
2025-04-27,G003,Eggs (12),Dairy,North,90,87.2,10.0,0.0,7063.2
2025-09-30,G004,Rice 5kg,Staples,West,55,322.67,0.0,0.0,17746.85
2025-03-17,G001,Milk 1L,Dairy,North,215,53.41,0.0,0.0,11483.15
2025-11-20,G001,Milk 1L,Dairy,South,202,52.97,0.0,0.0,10699.94
2025-06-06,G002,Bread Loaf,Bakery,West,128,44.9,0.0,0.0,5747.2
2025-10-15,G007,Instant Noodles,Packaged Foods,West,278,17.66,0.0,0.0,4909.48
2025-03-01,G003,Eggs (12),Dairy,North,114,90.19,0.0,0.0,10281.66
2025-02-16,G001,Milk 1L,Dairy,North,394,52.89,0.0,0.0,20838.66
2025-02-21,G006,Bananas 1kg,Produce,East,123,41.57,0.0,0.0,5113.11
2025-06-21,G004,Rice 5kg,Staples,South,57,317.35,5.0,0.0,17184.5
2025-02-13,G001,Milk 1L,Dairy,North,248,55.1,5.0,0.0,12981.56
2025-08-26,G002,Bread Loaf,Bakery,South,106,44.32,0.0,0.0,4697.92
2025-09-26,G002,Bread Loaf,Bakery,West,132,46.05,0.0,573.13,6078.6
2025-01-24,G007,Instant Noodles,Packaged Foods,West,280,17.43,0.0,0.0,4880.4
2025-01-07,G002,Bread Loaf,Bakery,North,99,45.5,10.0,335.31,4054.05
2025-05-06,G005,Cooking Oil 1L,Staples,North,95,140.15,0.0,0.0,13314.25
2025-08-16,G001,Milk 1L,Dairy,East,299,54.23,0.0,0.0,16214.77
2025-11-19,G002,Bread Loaf,Bakery,East,158,43.22,0.0,327.31,6828.76
2025-10-26,G001,Milk 1L,Dairy,West,352,55.18,0.0,120.53,19423.36
2025-09-16,G003,Eggs (12),Dairy,North,46,91.72,0.0,0.0,4219.12
2025-10-16,G001,Milk 1L,Dairy,East,185,54.95,5.0,0.0,9657.46
2025-03-20,G005,Cooking Oil 1L,Staples,South,74,141.75,0.0,715.13,10489.5
2025-03-09,G005,Cooking Oil 1L,Staples,South,107,134.58,0.0,0.0,14400.06
2025-06-08,G004,Rice 5kg,Staples,East,54,329.27,5.0,0.0,16891.55
2025-04-26,G005,Cooking Oil 1L,Staples,East,101,139.27,0.0,0.0,14066.27
2025-12-15,G001,Milk 1L,Dairy,West,252,55.58,0.0,0.0,14006.16
2025-09-14,G006,Bananas 1kg,Produce,East,204,40.06,0.0,0.0,8172.24
2025-07-16,G006,Bananas 1kg,Produce,North,118,41.46,0.0,501.94,4892.28
2025-06-16,G002,Bread Loaf,Bakery,South,146,43.25,0.0,0.0,6314.5
2025-02-27,G007,Instant Noodles,Packaged Foods,North,225,17.95,5.0,0.0,3836.81
2025-06-05,G003,Eggs (12),Dairy,West,82,90.75,10.0,0.0,6697.35
2025-11-15,G001,Milk 1L,Dairy,South,162,53.7,0.0,0.0,8699.4
2025-05-17,G004,Rice 5kg,Staples,West,76,314.37,0.0,0.0,23892.12
2025-02-12,G005,Cooking Oil 1L,Staples,East,68,134.4,0.0,633.87,9139.2
2025-07-05,G004,Rice 5kg,Staples,West,70,311.04,5.0,0.0,20684.16
2025-10-13,G001,Milk 1L,Dairy,East,304,54.95,10.0,0.0,15034.32
2025-09-03,G001,Milk 1L,Dairy,South,268,56.66,0.0,0.0,15184.88
2025-05-21,G007,Instant Noodles,Packaged Foods,South,125,17.83,0.0,145.48,2228.75
2025-04-15,G001,Milk 1L,Dairy,East,243,55.17,0.0,424.23,13406.31
2025-10-07,G005,Cooking Oil 1L,Staples,North,90,136.07,0.0,0.0,12246.3
2025-02-01,G006,Bananas 1kg,Produce,South,171,39.94,0.0,0.0,6829.74
2025-04-01,G004,Rice 5kg,Staples,West,88,309.34,0.0,718.07,27221.92
2025-04-15,G003,Eggs (12),Dairy,East,93,90.17,5.0,0.0,7966.52
2025-05-31,G004,Rice 5kg,Staples,East,61,314.59,10.0,0.0,17270.99
2025-11-28,G006,Bananas 1kg,Produce,North,175,39.59,0.0,0.0,6928.25
2025-02-14,G006,Bananas 1kg,Produce,South,97,38.95,0.0,0.0,3778.15
2025-12-24,G002,Bread Loaf,Bakery,South,166,43.81,5.0,0.0,6908.84
2025-01-23,G006,Bananas 1kg,Produce,East,154,38.98,0.0,0.0,6002.92
2025-11-07,G002,Bread Loaf,Bakery,South,201,43.91,5.0,0.0,8384.61
2025-10-01,G006,Bananas 1kg,Produce,East,287,40.84,0.0,401.39,11721.08
2025-02-02,G004,Rice 5kg,Staples,South,153,322.26,0.0,0.0,49305.78
2025-08-29,G007,Instant Noodles,Packaged Foods,North,327,18.38,0.0,0.0,6010.26
2025-04-21,G004,Rice 5kg,Staples,East,48,319.28,0.0,0.0,15325.44
2025-09-03,G005,Cooking Oil 1L,Staples,North,209,135.37,0.0,0.0,28292.33
2025-07-09,G001,Milk 1L,Dairy,East,198,53.44,0.0,0.0,10581.12
2025-12-22,G002,Bread Loaf,Bakery,South,169,43.32,0.0,0.0,7321.08
2025-06-29,G007,Instant Noodles,Packaged Foods,South,364,18.17,0.0,0.0,6613.88
2025-11-30,G004,Rice 5kg,Staples,South,109,318.43,0.0,0.0,34708.87
2025-03-29,G004,Rice 5kg,Staples,North,69,309.17,5.0,0.0,20266.09
2025-05-14,G002,Bread Loaf,Bakery,West,168,43.27,0.0,0.0,7269.36
2025-12-27,G006,Bananas 1kg,Produce,South,93,41.14,0.0,0.0,3826.02
2025-07-04,G007,Instant Noodles,Packaged Foods,West,275,18.45,0.0,0.0,5073.75
2025-11-07,G005,Cooking Oil 1L,Staples,West,121,140.87,10.0,0.0,15340.74
2025-07-27,G001,Milk 1L,Dairy,North,401,52.82,0.0,440.05,21180.82
2025-08-30,G001,Milk 1L,Dairy,West,306,56.1,0.0,0.0,17166.6
2025-11-15,G007,Instant Noodles,Packaged Foods,North,530,18.46,0.0,58.32,9783.8
2025-07-19,G001,Milk 1L,Dairy,South,215,56.15,0.0,0.0,12072.25
2025-09-17,G001,Milk 1L,Dairy,East,382,55.69,5.0,0.0,20209.9
2025-02-02,G004,Rice 5kg,Staples,East,42,316.89,0.0,0.0,13309.38
2025-11-17,G004,Rice 5kg,Staples,West,54,321.0,5.0,0.0,16467.3
2025-10-12,G004,Rice 5kg,Staples,South,92,326.7,0.0,66.64,30056.4
2025-01-27,G005,Cooking Oil 1L,Staples,North,87,136.91,5.0,0.0,11315.61
2025-03-24,G001,Milk 1L,Dairy,East,235,55.08,0.0,0.0,12943.8
2025-06-02,G001,Milk 1L,Dairy,South,223,53.87,0.0,0.0,12013.01
2025-03-22,G003,Eggs (12),Dairy,North,75,93.42,0.0,0.0,7006.5
2025-12-23,G007,Instant Noodles,Packaged Foods,North,344,18.11,0.0,0.0,6229.84
2025-07-11,G002,Bread Loaf,Bakery,West,139,45.25,0.0,0.0,6289.75
2025-06-23,G002,Bread Loaf,Bakery,East,221,45.37,0.0,0.0,10026.77
2025-07-18,G004,Rice 5kg,Staples,South,66,315.08,0.0,128.55,20795.28
2025-01-11,G006,Bananas 1kg,Produce,West,178,41.54,0.0,0.0,7394.12
2025-03-27,G007,Instant Noodles,Packaged Foods,South,224,17.68,10.0,0.0,3564.29
2025-01-12,G004,Rice 5kg,Staples,North,63,316.19,0.0,606.48,19919.97
2025-01-13,G002,Bread Loaf,Bakery,South,171,44.21,0.0,0.0,7559.91
2025-05-28,G007,Instant Noodles,Packaged Foods,South,107,18.16,0.0,0.0,1943.12
2025-02-15,G002,Bread Loaf,Bakery,East,141,45.04,0.0,0.0,6350.64
2025-06-12,G001,Milk 1L,Dairy,West,235,55.93,10.0,0.0,11829.19
2025-10-17,G005,Cooking Oil 1L,Staples,South,45,145.37,0.0,0.0,6541.65
2025-05-25,G002,Bread Loaf,Bakery,East,332,45.62,0.0,0.0,15145.84
2025-10-25,G006,Bananas 1kg,Produce,North,288,40.58,0.0,0.0,11687.04
2025-01-27,G002,Bread Loaf,Bakery,North,208,46.62,0.0,0.0,9696.96
2025-04-11,G004,Rice 5kg,Staples,North,61,321.37,0.0,0.0,19603.57
2025-12-01,G006,Bananas 1kg,Produce,South,129,40.26,10.0,0.0,4674.19
2025-02-10,G007,Instant Noodles,Packaged Foods,East,184,18.48,0.0,0.0,3400.32
2025-01-14,G002,Bread Loaf,Bakery,South,116,44.3,0.0,0.0,5138.8
2025-10-04,G002,Bread Loaf,Bakery,North,220,43.67,10.0,0.0,8646.66
2025-07-27,G005,Cooking Oil 1L,Staples,West,145,137.93,0.0,0.0,19999.85
2025-06-03,G001,Milk 1L,Dairy,East,252,56.18,0.0,433.98,14157.36
2025-09-08,G002,Bread Loaf,Bakery,East,188,45.44,0.0,0.0,8542.72
2025-12-20,G007,Instant Noodles,Packaged Foods,West,580,17.42,0.0,0.0,10103.6
2025-07-13,G007,Instant Noodles,Packaged Foods,South,452,17.91,0.0,0.0,8095.32
2025-01-08,G007,Instant Noodles,Packaged Foods,North,248,17.75,0.0,0.0,4402.0
2025-11-28,G003,Eggs (12),Dairy,South,117,92.19,0.0,0.0,10786.23
2025-07-12,G006,Bananas 1kg,Produce,North,249,38.42,0.0,0.0,9566.58
2025-05-14,G006,Bananas 1kg,Produce,West,114,40.92,5.0,0.0,4431.64
2025-07-25,G007,Instant Noodles,Packaged Foods,West,358,18.19,5.0,0.0,6186.42
2025-05-19,G003,Eggs (12),Dairy,North,70,89.94,0.0,0.0,6295.8
2025-04-16,G002,Bread Loaf,Bakery,North,172,45.97,0.0,0.0,7906.84
2025-09-11,G005,Cooking Oil 1L,Staples,North,84,137.5,0.0,0.0,11550.0
2025-07-05,G004,Rice 5kg,Staples,East,80,326.19,0.0,0.0,26095.2
2025-04-23,G005,Cooking Oil 1L,Staples,East,94,137.13,10.0,0.0,11601.2
2025-11-20,G001,Milk 1L,Dairy,East,275,55.43,0.0,0.0,15243.25
2025-03-20,G007,Instant Noodles,Packaged Foods,North,304,18.42,0.0,0.0,5599.68
2025-12-18,G004,Rice 5kg,Staples,West,61,328.33,0.0,0.0,20028.13
2025-01-25,G002,Bread Loaf,Bakery,North,173,45.53,0.0,0.0,7876.69
2025-04-03,G003,Eggs (12),Dairy,East,79,88.83,10.0,146.74,6315.81
2025-04-19,G007,Instant Noodles,Packaged Foods,West,462,17.79,0.0,49.51,8218.98
2025-07-05,G006,Bananas 1kg,Produce,West,122,40.57,5.0,0.0,4702.06
2025-07-04,G003,Eggs (12),Dairy,South,92,91.26,0.0,0.0,8395.92
2025-06-08,G003,Eggs (12),Dairy,South,163,93.56,10.0,0.0,13725.25
2025-01-26,G001,Milk 1L,Dairy,South,144,53.37,0.0,0.0,7685.28
2025-08-12,G003,Eggs (12),Dairy,West,72,93.55,0.0,0.0,6735.6
2025-03-02,G003,Eggs (12),Dairy,North,148,88.25,0.0,0.0,13061.0
2025-03-08,G007,Instant Noodles,Packaged Foods,West,469,18.48,0.0,0.0,8667.12
2025-01-27,G001,Milk 1L,Dairy,South,121,53.65,0.0,0.0,6491.65
2025-08-11,G004,Rice 5kg,Staples,North,53,329.1,0.0,0.0,17442.3
2025-06-17,G002,Bread Loaf,Bakery,North,114,46.7,0.0,0.0,5323.8
2025-02-20,G007,Instant Noodles,Packaged Foods,South,233,17.3,0.0,0.0,4030.9
2025-04-10,G003,Eggs (12),Dairy,East,98,89.51,0.0,0.0,8771.98
2025-06-07,G003,Eggs (12),Dairy,South,91,86.86,0.0,0.0,7904.26
2025-03-03,G002,Bread Loaf,Bakery,East,305,43.35,0.0,0.0,13221.75
2025-11-28,G006,Bananas 1kg,Produce,East,113,40.95,0.0,342.55,4627.35
2025-01-06,G003,Eggs (12),Dairy,North,91,89.9,0.0,0.0,8180.9
2025-04-08,G006,Bananas 1kg,Produce,South,138,38.94,10.0,525.46,4836.35
2025-12-11,G007,Instant Noodles,Packaged Foods,West,264,17.28,0.0,0.0,4561.92
2025-08-03,G001,Milk 1L,Dairy,North,542,55.52,0.0,208.24,30091.84
2025-07-30,G003,Eggs (12),Dairy,North,73,88.83,0.0,0.0,6484.59
2025-07-22,G003,Eggs (12),Dairy,South,80,88.19,0.0,0.0,7055.2
2025-05-02,G005,Cooking Oil 1L,Staples,West,129,141.34,0.0,0.0,18232.86
2025-09-17,G006,Bananas 1kg,Produce,North,129,40.14,0.0,0.0,5178.06
2025-12-16,G001,Milk 1L,Dairy,South,218,54.24,0.0,0.0,11824.32
2025-01-23,G005,Cooking Oil 1L,Staples,North,64,142.53,0.0,0.0,9121.92
2025-06-14,G003,Eggs (12),Dairy,East,139,88.24,0.0,0.0,12265.36
2025-08-05,G004,Rice 5kg,Staples,West,59,318.37,5.0,0.0,17844.64
2025-02-02,G002,Bread Loaf,Bakery,North,240,46.61,0.0,0.0,11186.4
2025-05-28,G004,Rice 5kg,Staples,East,43,326.49,0.0,0.0,14039.07
2025-08-11,G003,Eggs (12),Dairy,West,95,93.29,0.0,380.05,8862.55
2025-12-01,G007,Instant Noodles,Packaged Foods,East,447,17.68,0.0,0.0,7902.96
2025-06-04,G002,Bread Loaf,Bakery,West,128,43.41,0.0,0.0,5556.48
2025-02-28,G006,Bananas 1kg,Produce,North,197,41.11,0.0,0.0,8098.67
2025-11-24,G003,Eggs (12),Dairy,North,94,86.68,0.0,463.65,8147.92
2025-09-12,G002,Bread Loaf,Bakery,South,137,45.24,0.0,105.62,6197.88
2025-01-26,G006,Bananas 1kg,Produce,South,99,39.81,0.0,0.0,3941.19
2025-09-29,G006,Bananas 1kg,Produce,East,145,38.78,0.0,0.0,5623.1
2025-02-18,G005,Cooking Oil 1L,Staples,South,83,135.42,0.0,0.0,11239.86
2025-09-06,G002,Bread Loaf,Bakery,West,204,46.34,0.0,275.82,9453.36
2025-07-22,G007,Instant Noodles,Packaged Foods,East,347,18.66,0.0,0.0,6475.02
2025-05-25,G001,Milk 1L,Dairy,South,265,56.1,0.0,0.0,14866.5
2025-09-20,G006,Bananas 1kg,Produce,West,152,38.56,0.0,0.0,5861.12
2025-02-13,G005,Cooking Oil 1L,Staples,South,65,137.0,5.0,0.0,8459.75
2025-01-14,G006,Bananas 1kg,Produce,West,98,39.39,0.0,0.0,3860.22
2025-05-25,G006,Bananas 1kg,Produce,South,170,41.47,0.0,0.0,7049.9
2025-04-28,G006,Bananas 1kg,Produce,East,191,40.83,0.0,0.0,7798.53
2025-11-13,G001,Milk 1L,Dairy,South,220,57.11,10.0,0.0,11307.78
2025-01-24,G005,Cooking Oil 1L,Staples,South,78,139.75,10.0,0.0,9810.45
2025-05-27,G002,Bread Loaf,Bakery,East,151,44.95,5.0,479.25,6448.08
2025-08-07,G001,Milk 1L,Dairy,North,187,56.55,0.0,0.0,10574.85
2025-08-20,G004,Rice 5kg,Staples,West,37,329.66,0.0,0.0,12197.42
2025-09-06,G002,Bread Loaf,Bakery,South,244,43.87,0.0,0.0,10704.28
2025-11-18,G003,Eggs (12),Dairy,West,62,91.86,0.0,0.0,5695.32
2025-05-11,G004,Rice 5kg,Staples,West,71,314.65,0.0,0.0,22340.15
2025-01-17,G004,Rice 5kg,Staples,East,38,314.97,0.0,0.0,11968.86
2025-07-11,G005,Cooking Oil 1L,Staples,South,100,136.55,0.0,0.0,13655.0
2025-07-10,G007,Instant Noodles,Packaged Foods,South,283,18.16,0.0,0.0,5139.28
2025-01-29,G004,Rice 5kg,Staples,South,59,332.08,0.0,0.0,19592.72
2025-01-23,G004,Rice 5kg,Staples,West,48,317.64,0.0,0.0,15246.72
2025-02-16,G003,Eggs (12),Dairy,West,142,88.78,0.0,0.0,12606.76
2025-01-12,G005,Cooking Oil 1L,Staples,East,148,135.78,0.0,0.0,20095.44
2025-11-04,G007,Instant Noodles,Packaged Foods,South,396,17.89,0.0,0.0,7084.44
2025-07-10,G004,Rice 5kg,Staples,East,39,329.74,5.0,0.0,12216.87
2025-05-30,G004,Rice 5kg,Staples,East,52,322.53,0.0,658.49,16771.56
2025-04-30,G007,Instant Noodles,Packaged Foods,North,188,18.36,0.0,0.0,3451.68
2025-06-24,G006,Bananas 1kg,Produce,North,147,40.44,0.0,0.0,5944.68
2025-08-06,G003,Eggs (12),Dairy,East,94,89.54,10.0,0.0,7575.08
2025-06-03,G007,Instant Noodles,Packaged Foods,West,535,18.1,0.0,0.0,9683.5
2025-09-25,G001,Milk 1L,Dairy,West,170,53.06,0.0,662.23,9020.2
2025-09-26,G005,Cooking Oil 1L,Staples,West,75,141.12,0.0,0.0,10584.0
2025-05-17,G003,Eggs (12),Dairy,East,205,86.52,0.0,0.0,17736.6
2025-01-15,G007,Instant Noodles,Packaged Foods,North,297,18.41,0.0,0.0,5467.77
2025-12-19,G002,Bread Loaf,Bakery,East,183,46.0,0.0,0.0,8418.0
2025-07-22,G002,Bread Loaf,Bakery,North,201,45.97,0.0,0.0,9239.97
2025-08-01,G005,Cooking Oil 1L,Staples,East,148,137.26,0.0,0.0,20314.48
2025-05-17,G005,Cooking Oil 1L,Staples,East,106,135.86,0.0,0.0,14401.16
2025-12-10,G007,Instant Noodles,Packaged Foods,West,319,18.12,0.0,0.0,5780.28
2025-06-09,G003,Eggs (12),Dairy,West,89,92.75,0.0,0.0,8254.75
2025-12-11,G003,Eggs (12),Dairy,West,87,88.38,0.0,0.0,7689.06
2025-03-07,G002,Bread Loaf,Bakery,North,204,46.13,0.0,0.0,9410.52
2025-12-13,G007,Instant Noodles,Packaged Foods,West,360,18.51,0.0,0.0,6663.6
2025-01-14,G006,Bananas 1kg,Produce,East,130,41.11,0.0,0.0,5344.3
2025-01-08,G002,Bread Loaf,Bakery,North,170,46.66,0.0,0.0,7932.2
2025-10-30,G003,Eggs (12),Dairy,North,109,88.5,0.0,0.0,9646.5
2025-02-10,G005,Cooking Oil 1L,Staples,North,62,138.52,0.0,0.0,8588.24
2025-02-13,G002,Bread Loaf,Bakery,South,167,46.01,10.0,0.0,6915.3
2025-03-17,G001,Milk 1L,Dairy,South,175,56.04,5.0,0.0,9316.65
2025-02-04,G002,Bread Loaf,Bakery,South,149,43.68,0.0,0.0,6508.32
2025-08-01,G004,Rice 5kg,Staples,West,87,329.9,0.0,0.0,28701.3
2025-06-22,G005,Cooking Oil 1L,Staples,East,71,137.09,0.0,0.0,9733.39
2025-11-09,G007,Instant Noodles,Packaged Foods,North,340,17.3,5.0,0.0,5587.9
2025-07-23,G001,Milk 1L,Dairy,West,241,54.78,0.0,542.6,13201.98
2025-01-02,G001,Milk 1L,Dairy,South,270,54.85,10.0,0.0,13328.55
2025-02-08,G006,Bananas 1kg,Produce,West,172,40.54,0.0,0.0,6972.88
2025-10-28,G007,Instant Noodles,Packaged Foods,South,211,17.83,0.0,0.0,3762.13
2025-09-11,G004,Rice 5kg,Staples,West,60,324.25,5.0,0.0,18482.25
2025-08-08,G006,Bananas 1kg,Produce,East,121,40.99,0.0,0.0,4959.79
2025-05-29,G005,Cooking Oil 1L,Staples,South,43,139.24,0.0,0.0,5987.32
2025-11-02,G002,Bread Loaf,Bakery,North,374,46.11,0.0,0.0,17245.14
2025-04-05,G001,Milk 1L,Dairy,North,296,56.13,0.0,0.0,16614.48
2025-06-30,G007,Instant Noodles,Packaged Foods,East,355,18.42,0.0,0.0,6539.1
2025-12-26,G004,Rice 5kg,Staples,West,77,308.99,0.0,0.0,23792.23
2025-09-24,G006,Bananas 1kg,Produce,South,136,40.73,0.0,0.0,5539.28
2025-09-24,G004,Rice 5kg,Staples,North,37,330.73,0.0,0.0,12237.01
2025-06-26,G003,Eggs (12),Dairy,East,131,90.05,10.0,0.0,10616.9
2025-06-02,G003,Eggs (12),Dairy,North,107,88.54,10.0,0.0,8526.4
2025-01-23,G005,Cooking Oil 1L,Staples,South,77,139.48,0.0,37.7,10739.96
2025-05-20,G007,Instant Noodles,Packaged Foods,South,310,17.55,0.0,0.0,5440.5
2025-05-22,G006,Bananas 1kg,Produce,South,103,39.24,5.0,516.37,3839.63
2025-05-03,G004,Rice 5kg,Staples,East,68,319.16,5.0,0.0,20617.74
2025-10-29,G001,Milk 1L,Dairy,South,191,56.6,0.0,0.0,10810.6
2025-12-07,G007,Instant Noodles,Packaged Foods,North,422,18.23,0.0,0.0,7693.06
2025-04-12,G007,Instant Noodles,Packaged Foods,East,332,17.6,0.0,0.0,5843.2
2025-04-28,G003,Eggs (12),Dairy,South,118,90.26,0.0,0.0,10650.68
2025-01-08,G001,Milk 1L,Dairy,East,221,55.26,10.0,0.0,10991.21
2025-05-20,G004,Rice 5kg,Staples,South,67,329.06,0.0,93.12,22047.02
2025-09-27,G002,Bread Loaf,Bakery,North,203,45.65,0.0,0.0,9266.95
2025-05-05,G006,Bananas 1kg,Produce,West,98,39.64,0.0,99.49,3884.72
2025-02-24,G004,Rice 5kg,Staples,North,44,318.74,0.0,0.0,14024.56
2025-01-25,G005,Cooking Oil 1L,Staples,South,120,137.42,0.0,0.0,16490.4
2025-03-26,G007,Instant Noodles,Packaged Foods,West,448,18.14,5.0,0.0,7720.38
2025-07-11,G005,Cooking Oil 1L,Staples,East,76,136.48,0.0,723.52,10372.48
2025-03-04,G002,Bread Loaf,Bakery,East,136,44.17,0.0,0.0,6007.12
2025-06-03,G007,Instant Noodles,Packaged Foods,North,336,17.32,0.0,0.0,5819.52
2025-05-16,G003,Eggs (12),Dairy,West,87,91.03,5.0,263.95,7523.63
2025-02-09,G001,Milk 1L,Dairy,South,223,54.08,0.0,0.0,12059.84
2025-01-26,G007,Instant Noodles,Packaged Foods,West,258,17.77,0.0,415.13,4584.66
2025-06-03,G005,Cooking Oil 1L,Staples,East,106,142.59,5.0,0.0,14358.81
2025-05-22,G002,Bread Loaf,Bakery,North,116,46.02,0.0,0.0,5338.32
2025-11-28,G007,Instant Noodles,Packaged Foods,West,283,17.46,0.0,0.0,4941.18
2025-01-12,G002,Bread Loaf,Bakery,West,159,44.34,0.0,0.0,7050.06
2025-10-11,G001,Milk 1L,Dairy,West,366,53.16,0.0,0.0,19456.56
2025-12-01,G003,Eggs (12),Dairy,East,108,92.06,0.0,171.91,9942.48
2025-01-09,G003,Eggs (12),Dairy,North,68,92.16,0.0,0.0,6266.88
2025-06-27,G004,Rice 5kg,Staples,North,46,331.14,0.0,0.0,15232.44
2025-09-29,G005,Cooking Oil 1L,Staples,East,112,139.57,0.0,0.0,15631.84
2025-07-13,G005,Cooking Oil 1L,Staples,East,104,142.52,0.0,0.0,14822.08
2025-05-23,G004,Rice 5kg,Staples,North,46,332.64,5.0,0.0,14536.37
2025-09-03,G002,Bread Loaf,Bakery,South,259,44.98,0.0,0.0,11649.82
2025-01-09,G004,Rice 5kg,Staples,West,59,330.53,0.0,0.0,19501.27
2025-02-04,G001,Milk 1L,Dairy,West,202,54.34,0.0,71.88,10976.68
2025-11-01,G006,Bananas 1kg,Produce,East,372,38.45,0.0,721.92,14303.4
2025-06-26,G006,Bananas 1kg,Produce,East,186,39.69,0.0,39.02,7382.34
2025-08-24,G003,Eggs (12),Dairy,North,101,91.71,0.0,0.0,9262.71
2025-02-14,G004,Rice 5kg,Staples,North,44,322.14,0.0,0.0,14174.16
2025-05-10,G005,Cooking Oil 1L,Staples,West,138,137.24,0.0,0.0,18939.12
2025-06-28,G003,Eggs (12),Dairy,North,114,91.12,0.0,0.0,10387.68
2025-02-12,G003,Eggs (12),Dairy,North,60,92.08,0.0,0.0,5524.8
2025-11-11,G006,Bananas 1kg,Produce,South,136,40.61,0.0,0.0,5522.96
2025-05-20,G003,Eggs (12),Dairy,North,62,92.88,0.0,0.0,5758.56
2025-11-18,G006,Bananas 1kg,Produce,West,130,39.47,0.0,0.0,5131.1
2025-09-18,G001,Milk 1L,Dairy,West,162,55.29,0.0,0.0,8956.98
2025-06-07,G006,Bananas 1kg,Produce,North,245,40.73,0.0,0.0,9978.85
2025-07-25,G004,Rice 5kg,Staples,South,51,332.52,10.0,0.0,15262.67
2025-02-25,G001,Milk 1L,Dairy,West,264,57.12,10.0,0.0,13571.71
2025-01-05,G007,Instant Noodles,Packaged Foods,East,393,18.01,0.0,0.0,7077.93
2025-01-31,G007,Instant Noodles,Packaged Foods,East,186,18.61,0.0,0.0,3461.46
2025-05-06,G007,Instant Noodles,Packaged Foods,South,164,18.01,0.0,0.0,2953.64
2025-07-12,G005,Cooking Oil 1L,Staples,East,124,142.25,0.0,0.0,17639.0
2025-06-11,G002,Bread Loaf,Bakery,West,117,45.01,0.0,0.0,5266.17
2025-06-09,G001,Milk 1L,Dairy,South,168,56.61,0.0,0.0,9510.48
2025-08-16,G007,Instant Noodles,Packaged Foods,North,303,17.63,0.0,321.37,5341.89
2025-08-27,G004,Rice 5kg,Staples,North,71,326.71,0.0,0.0,23196.41
2025-04-19,G007,Instant Noodles,Packaged Foods,East,277,18.09,0.0,0.0,5010.93
2025-11-09,G006,Bananas 1kg,Produce,West,178,41.55,10.0,0.0,6656.31
2025-05-09,G006,Bananas 1kg,Produce,South,103,40.31,0.0,0.0,4151.93
2025-08-19,G002,Bread Loaf,Bakery,North,103,43.28,0.0,653.55,4457.84
2025-01-29,G006,Bananas 1kg,Produce,South,123,40.53,0.0,0.0,4985.19
2025-04-09,G007,Instant Noodles,Packaged Foods,South,269,18.44,0.0,341.79,4960.36
2025-06-08,G007,Instant Noodles,Packaged Foods,North,182,18.7,10.0,178.71,3063.06
2025-08-31,G005,Cooking Oil 1L,Staples,West,132,140.64,0.0,663.03,18564.48
2025-08-16,G007,Instant Noodles,Packaged Foods,South,410,17.44,0.0,0.0,7150.4
2025-10-12,G006,Bananas 1kg,Produce,North,374,40.59,0.0,0.0,15180.66
2025-11-09,G003,Eggs (12),Dairy,South,167,89.35,0.0,0.0,14921.45
2025-03-04,G003,Eggs (12),Dairy,West,123,88.42,0.0,0.0,10875.66
2025-11-30,G003,Eggs (12),Dairy,East,225,92.85,0.0,0.0,20891.25
2025-07-12,G005,Cooking Oil 1L,Staples,West,141,137.74,0.0,0.0,19421.34
2025-03-04,G007,Instant Noodles,Packaged Foods,North,359,18.2,0.0,0.0,6533.8
2025-10-23,G007,Instant Noodles,Packaged Foods,South,292,18.03,0.0,0.0,5264.76
2025-05-03,G003,Eggs (12),Dairy,South,244,89.1,0.0,0.0,21740.4
2025-04-09,G005,Cooking Oil 1L,Staples,East,73,141.28,0.0,0.0,10313.44
2025-12-16,G003,Eggs (12),Dairy,West,115,92.77,0.0,404.56,10668.55
2025-07-15,G003,Eggs (12),Dairy,North,85,92.49,0.0,0.0,7861.65
2025-08-18,G003,Eggs (12),Dairy,North,79,89.75,0.0,0.0,7090.25
2025-03-07,G006,Bananas 1kg,Produce,South,91,39.73,0.0,0.0,3615.43
2025-01-13,G002,Bread Loaf,Bakery,North,130,46.36,0.0,0.0,6026.8
2025-06-12,G005,Cooking Oil 1L,Staples,North,95,143.72,0.0,0.0,13653.4
2025-04-24,G002,Bread Loaf,Bakery,North,88,45.72,0.0,0.0,4023.36
2025-12-24,G004,Rice 5kg,Staples,West,41,312.05,5.0,0.0,12154.35
2025-04-27,G004,Rice 5kg,Staples,East,67,323.13,0.0,0.0,21649.71
2025-05-27,G005,Cooking Oil 1L,Staples,North,57,142.09,0.0,0.0,8099.13
2025-09-05,G006,Bananas 1kg,Produce,South,84,41.19,0.0,0.0,3459.96
2025-08-09,G001,Milk 1L,Dairy,South,186,53.5,0.0,0.0,9951.0
2025-11-28,G003,Eggs (12),Dairy,North,57,88.36,0.0,0.0,5036.52
2025-12-17,G004,Rice 5kg,Staples,East,65,332.37,0.0,0.0,21604.05
2025-02-16,G006,Bananas 1kg,Produce,East,197,40.33,5.0,67.87,7547.76
2025-10-05,G007,Instant Noodles,Packaged Foods,South,518,18.54,0.0,0.0,9603.72
2025-07-12,G002,Bread Loaf,Bakery,West,160,46.28,10.0,0.0,6664.32
2025-10-25,G007,Instant Noodles,Packaged Foods,North,281,17.28,10.0,621.1,4370.11
2025-04-09,G001,Milk 1L,Dairy,North,290,56.98,0.0,0.0,16524.2
2025-11-06,G005,Cooking Oil 1L,Staples,East,52,140.0,0.0,0.0,7280.0
2025-10-02,G001,Milk 1L,Dairy,West,264,54.6,5.0,0.0,13693.68
2025-11-10,G005,Cooking Oil 1L,Staples,West,94,137.16,0.0,0.0,12893.04
2025-12-30,G003,Eggs (12),Dairy,North,59,86.6,10.0,0.0,4598.46
2025-05-04,G003,Eggs (12),Dairy,North,76,91.01,0.0,0.0,6916.76
2025-04-02,G002,Bread Loaf,Bakery,East,279,45.81,0.0,0.0,12780.99
2025-01-08,G001,Milk 1L,Dairy,West,300,55.59,0.0,481.87,16677.0
2025-08-24,G002,Bread Loaf,Bakery,North,215,45.02,0.0,0.0,9679.3
2025-10-18,G002,Bread Loaf,Bakery,East,243,43.37,0.0,0.0,10538.91
2025-07-19,G005,Cooking Oil 1L,Staples,East,81,142.15,0.0,153.46,11514.15
2025-01-11,G006,Bananas 1kg,Produce,South,168,38.46,0.0,356.43,6461.28
2025-03-19,G004,Rice 5kg,Staples,East,48,307.58,10.0,0.0,13287.46
2025-03-04,G007,Instant Noodles,Packaged Foods,South,254,18.29,0.0,0.0,4645.66
2025-06-03,G006,Bananas 1kg,Produce,South,163,38.82,0.0,0.0,6327.66
2025-11-20,G002,Bread Loaf,Bakery,East,182,44.17,0.0,0.0,8038.94
2025-10-22,G005,Cooking Oil 1L,Staples,North,66,143.17,0.0,0.0,9449.22
2025-09-21,G003,Eggs (12),Dairy,South,127,88.3,10.0,0.0,10092.69
2025-03-13,G004,Rice 5kg,Staples,West,69,324.97,0.0,0.0,22422.93
2025-04-18,G001,Milk 1L,Dairy,North,237,55.24,0.0,0.0,13091.88
2025-04-13,G002,Bread Loaf,Bakery,North,235,46.2,0.0,775.9,10857.0
2025-03-11,G006,Bananas 1kg,Produce,West,91,38.77,0.0,0.0,3528.07
2025-11-07,G003,Eggs (12),Dairy,North,32,89.94,0.0,0.0,2878.08
2025-09-22,G007,Instant Noodles,Packaged Foods,West,258,18.63,0.0,0.0,4806.54
2025-01-04,G006,Bananas 1kg,Produce,East,146,40.03,10.0,0.0,5259.94
2025-09-10,G001,Milk 1L,Dairy,South,167,55.28,0.0,0.0,9231.76
2025-04-23,G006,Bananas 1kg,Produce,West,103,40.92,0.0,0.0,4214.76
2025-08-31,G005,Cooking Oil 1L,Staples,South,117,144.84,10.0,0.0,15251.65
2025-05-04,G002,Bread Loaf,Bakery,East,308,44.11,0.0,0.0,13585.88
2025-05-15,G001,Milk 1L,Dairy,East,158,55.26,0.0,0.0,8731.08
2025-08-04,G002,Bread Loaf,Bakery,East,118,43.25,0.0,0.0,5103.5
2025-11-15,G001,Milk 1L,Dairy,West,286,54.93,0.0,0.0,15709.98
2025-04-25,G002,Bread Loaf,Bakery,South,197,45.69,0.0,0.0,9000.93
2025-07-10,G005,Cooking Oil 1L,Staples,North,96,144.39,0.0,0.0,13861.44
2025-03-01,G007,Instant Noodles,Packaged Foods,South,612,17.61,5.0,0.0,10238.45
2025-05-13,G007,Instant Noodles,Packaged Foods,North,284,18.03,0.0,0.0,5120.52
2025-06-23,G006,Bananas 1kg,Produce,West,104,38.92,0.0,0.0,4047.68
2025-03-15,G002,Bread Loaf,Bakery,North,225,45.78,0.0,0.0,10300.5
2025-08-14,G004,Rice 5kg,Staples,North,51,324.39,0.0,0.0,16543.89
2025-06-17,G006,Bananas 1kg,Produce,South,113,38.78,5.0,0.0,4163.03
2025-04-15,G004,Rice 5kg,Staples,North,33,315.69,5.0,0.0,9896.88
2025-03-27,G004,Rice 5kg,Staples,West,54,317.7,0.0,0.0,17155.8
2025-12-04,G003,Eggs (12),Dairy,South,85,92.54,0.0,0.0,7865.9
2025-03-12,G003,Eggs (12),Dairy,South,88,91.7,0.0,0.0,8069.6
2025-04-18,G006,Bananas 1kg,Produce,North,107,38.86,0.0,0.0,4158.02
2025-12-05,G002,Bread Loaf,Bakery,East,180,46.35,0.0,0.0,8343.0
2025-12-21,G004,Rice 5kg,Staples,West,86,321.13,0.0,0.0,27617.18
2025-10-05,G003,Eggs (12),Dairy,South,61,91.95,0.0,0.0,5608.95
2025-03-09,G006,Bananas 1kg,Produce,South,182,38.83,0.0,0.0,7067.06
2025-04-11,G005,Cooking Oil 1L,Staples,East,59,144.83,5.0,0.0,8117.72
2025-06-28,G002,Bread Loaf,Bakery,West,166,44.38,0.0,0.0,7367.08
2025-08-20,G006,Bananas 1kg,Produce,West,76,40.98,0.0,0.0,3114.48
2025-02-26,G006,Bananas 1kg,Produce,North,158,41.53,0.0,0.0,6561.74
2025-03-21,G004,Rice 5kg,Staples,East,58,320.96,0.0,0.0,18615.68
2025-02-12,G004,Rice 5kg,Staples,South,42,310.89,10.0,0.0,11751.64
2025-01-11,G007,Instant Noodles,Packaged Foods,East,412,17.67,0.0,0.0,7280.04
2025-09-03,G003,Eggs (12),Dairy,North,139,90.53,0.0,0.0,12583.67
2025-10-08,G007,Instant Noodles,Packaged Foods,North,370,17.58,0.0,500.45,6504.6
2025-07-07,G001,Milk 1L,Dairy,West,142,57.03,5.0,0.0,7693.35
2025-07-29,G005,Cooking Oil 1L,Staples,North,80,138.45,0.0,0.0,11076.0
2025-10-18,G001,Milk 1L,Dairy,East,359,53.82,0.0,0.0,19321.38
2025-08-15,G006,Bananas 1kg,Produce,North,151,40.1,0.0,448.48,6055.1
2025-07-24,G005,Cooking Oil 1L,Staples,North,87,142.11,0.0,0.0,12363.57
2025-07-03,G005,Cooking Oil 1L,Staples,South,145,141.46,0.0,0.0,20511.7
2025-01-28,G007,Instant Noodles,Packaged Foods,West,394,17.75,10.0,489.47,6294.15
2025-05-16,G003,Eggs (12),Dairy,East,135,87.53,0.0,691.72,11816.55
2025-04-26,G002,Bread Loaf,Bakery,South,260,45.39,0.0,0.0,11801.4
2025-03-05,G002,Bread Loaf,Bakery,West,108,45.06,5.0,0.0,4623.16
2025-03-29,G003,Eggs (12),Dairy,North,125,93.1,0.0,0.0,11637.5
2025-07-08,G007,Instant Noodles,Packaged Foods,North,200,18.47,0.0,0.0,3694.0
2025-01-05,G005,Cooking Oil 1L,Staples,West,95,145.21,0.0,289.95,13794.95
2025-12-02,G007,Instant Noodles,Packaged Foods,West,360,17.95,0.0,0.0,6462.0
2025-10-29,G002,Bread Loaf,Bakery,South,141,44.15,0.0,0.0,6225.15
2025-08-20,G003,Eggs (12),Dairy,North,93,91.28,0.0,0.0,8489.04
2025-01-07,G006,Bananas 1kg,Produce,West,90,40.86,0.0,0.0,3677.4
2025-10-02,G005,Cooking Oil 1L,Staples,South,141,142.79,0.0,0.0,20133.39
2025-05-10,G004,Rice 5kg,Staples,West,58,324.4,0.0,0.0,18815.2
2025-09-13,G002,Bread Loaf,Bakery,North,210,46.05,10.0,0.0,8703.45
2025-09-01,G005,Cooking Oil 1L,Staples,East,88,139.41,0.0,532.73,12268.08
2025-01-08,G002,Bread Loaf,Bakery,East,170,44.65,0.0,414.43,7590.5
2025-02-13,G005,Cooking Oil 1L,Staples,East,62,144.29,10.0,0.0,8051.38
2025-11-26,G004,Rice 5kg,Staples,South,74,322.37,0.0,0.0,23855.38
2025-05-02,G007,Instant Noodles,Packaged Foods,West,414,18.47,0.0,326.39,7646.58
2025-05-24,G007,Instant Noodles,Packaged Foods,South,533,17.49,0.0,397.55,9322.17
2025-12-13,G004,Rice 5kg,Staples,South,106,313.85,0.0,624.45,33268.1
2025-01-30,G002,Bread Loaf,Bakery,West,125,44.8,0.0,0.0,5600.0
2025-04-15,G005,Cooking Oil 1L,Staples,North,76,142.57,0.0,332.98,10835.32
2025-09-30,G004,Rice 5kg,Staples,North,36,312.26,10.0,70.86,10117.22
2025-05-07,G002,Bread Loaf,Bakery,South,171,43.54,10.0,0.0,6700.81
2025-08-19,G002,Bread Loaf,Bakery,West,145,43.53,0.0,0.0,6311.85
2025-11-28,G001,Milk 1L,Dairy,West,224,54.38,0.0,0.0,12181.12
2025-10-02,G001,Milk 1L,Dairy,North,311,54.74,0.0,0.0,17024.14
2025-06-11,G007,Instant Noodles,Packaged Foods,East,269,18.58,0.0,0.0,4998.02
2025-03-02,G007,Instant Noodles,Packaged Foods,South,423,17.87,0.0,0.0,7559.01
2025-02-17,G005,Cooking Oil 1L,Staples,South,84,141.5,0.0,0.0,11886.0
2025-07-17,G004,Rice 5kg,Staples,North,55,317.07,0.0,0.0,17438.85
2025-03-10,G003,Eggs (12),Dairy,West,87,86.68,0.0,0.0,7541.16
2025-11-07,G005,Cooking Oil 1L,Staples,East,89,134.95,5.0,290.61,11410.02
2025-07-02,G006,Bananas 1kg,Produce,East,240,41.24,0.0,0.0,9897.6
2025-06-12,G002,Bread Loaf,Bakery,East,173,43.41,10.0,0.0,6758.94
2025-04-30,G004,Rice 5kg,Staples,North,48,322.9,0.0,0.0,15499.2
2025-07-16,G003,Eggs (12),Dairy,East,114,93.55,0.0,682.36,10664.7
2025-08-08,G006,Bananas 1kg,Produce,South,81,39.47,5.0,0.0,3037.22
2025-12-15,G002,Bread Loaf,Bakery,South,196,46.42,0.0,133.21,9098.32
2025-02-21,G001,Milk 1L,Dairy,South,147,55.71,0.0,0.0,8189.37
2025-08-09,G003,Eggs (12),Dairy,East,131,86.68,0.0,499.85,11355.08
2025-11-21,G001,Milk 1L,Dairy,West,251,54.56,0.0,0.0,13694.56
2025-06-08,G004,Rice 5kg,Staples,North,95,324.83,0.0,0.0,30858.85
2025-02-05,G006,Bananas 1kg,Produce,West,125,40.81,5.0,0.0,4846.19
2025-08-19,G001,Milk 1L,Dairy,West,168,57.13,0.0,0.0,9597.84
2025-11-10,G004,Rice 5kg,Staples,North,67,322.92,0.0,244.3,21635.64
2025-04-17,G002,Bread Loaf,Bakery,South,117,44.57,0.0,0.0,5214.69
2025-05-27,G006,Bananas 1kg,Produce,North,170,38.89,5.0,136.4,6280.73
2025-07-03,G004,Rice 5kg,Staples,South,93,313.42,0.0,0.0,29148.06
2025-03-11,G001,Milk 1L,Dairy,West,190,53.98,0.0,0.0,10256.2
2025-06-06,G004,Rice 5kg,Staples,West,47,323.02,0.0,0.0,15181.94
2025-07-07,G002,Bread Loaf,Bakery,West,160,45.63,0.0,534.82,7300.8
2025-10-04,G005,Cooking Oil 1L,Staples,South,127,138.51,0.0,0.0,17590.77
2025-01-17,G005,Cooking Oil 1L,Staples,West,55,138.44,0.0,0.0,7614.2
2025-04-06,G001,Milk 1L,Dairy,South,264,54.08,0.0,0.0,14277.12
2025-11-26,G007,Instant Noodles,Packaged Foods,South,239,18.34,0.0,0.0,4383.26
2025-04-01,G005,Cooking Oil 1L,Staples,South,158,141.64,0.0,0.0,22379.12
2025-06-30,G001,Milk 1L,Dairy,South,99,52.84,0.0,0.0,5231.16
2025-05-31,G004,Rice 5kg,Staples,West,82,315.99,5.0,0.0,24615.62
2025-01-05,G007,Instant Noodles,Packaged Foods,South,295,17.8,5.0,0.0,4988.45
2025-03-30,G006,Bananas 1kg,Produce,North,154,41.3,0.0,0.0,6360.2
2025-05-11,G006,Bananas 1kg,Produce,South,170,39.64,0.0,0.0,6738.8
2025-01-28,G002,Bread Loaf,Bakery,South,137,45.71,0.0,0.0,6262.27
2025-11-10,G005,Cooking Oil 1L,Staples,East,79,142.91,0.0,740.51,11289.89
2025-02-06,G004,Rice 5kg,Staples,North,69,314.68,0.0,0.0,21712.92
2025-04-02,G002,Bread Loaf,Bakery,North,242,44.79,0.0,0.0,10839.18
2025-01-01,G006,Bananas 1kg,Produce,South,78,40.75,0.0,0.0,3178.5
2025-06-24,G004,Rice 5kg,Staples,South,79,331.73,0.0,0.0,26206.67
2025-01-03,G007,Instant Noodles,Packaged Foods,North,345,17.51,0.0,0.0,6040.95
2025-02-04,G006,Bananas 1kg,Produce,West,139,40.54,0.0,0.0,5635.06
2025-05-08,G003,Eggs (12),Dairy,East,87,88.71,0.0,695.52,7717.77
2025-02-10,G005,Cooking Oil 1L,Staples,East,58,138.34,10.0,0.0,7221.35
2025-11-24,G004,Rice 5kg,Staples,North,51,313.59,0.0,0.0,15993.09
2025-08-29,G004,Rice 5kg,Staples,East,43,308.99,0.0,534.95,13286.57
2025-03-22,G001,Milk 1L,Dairy,West,148,55.09,0.0,0.0,8153.32
2025-06-23,G001,Milk 1L,Dairy,North,277,53.27,0.0,0.0,14755.79
2025-10-07,G004,Rice 5kg,Staples,East,54,327.9,0.0,754.5,17706.6
2025-05-22,G002,Bread Loaf,Bakery,East,262,43.6,0.0,0.0,11423.2
2025-08-12,G002,Bread Loaf,Bakery,South,186,44.53,0.0,0.0,8282.58
2025-12-12,G002,Bread Loaf,Bakery,South,141,44.33,10.0,0.0,5625.48
2025-08-14,G005,Cooking Oil 1L,Staples,South,80,141.2,0.0,0.0,11296.0
2025-08-20,G007,Instant Noodles,Packaged Foods,West,344,17.96,10.0,0.0,5560.42
2025-05-17,G002,Bread Loaf,Bakery,North,116,44.73,5.0,420.37,4929.25
2025-12-26,G003,Eggs (12),Dairy,South,120,93.14,0.0,0.0,11176.8
2025-02-17,G003,Eggs (12),Dairy,West,114,89.45,5.0,0.0,9687.44
2025-03-23,G006,Bananas 1kg,Produce,North,197,38.46,0.0,0.0,7576.62
2025-03-29,G004,Rice 5kg,Staples,South,99,321.26,0.0,0.0,31804.74
2025-03-05,G006,Bananas 1kg,Produce,South,71,39.83,0.0,0.0,2827.93
2025-12-03,G003,Eggs (12),Dairy,East,167,87.67,5.0,0.0,13908.85
2025-05-01,G006,Bananas 1kg,Produce,South,153,39.58,0.0,0.0,6055.74
2025-10-20,G002,Bread Loaf,Bakery,South,173,46.52,5.0,0.0,7645.56
2025-04-02,G006,Bananas 1kg,Produce,West,139,39.03,0.0,0.0,5425.17
2025-01-29,G007,Instant Noodles,Packaged Foods,West,196,18.44,10.0,0.0,3252.82
2025-06-15,G006,Bananas 1kg,Produce,West,119,40.32,0.0,0.0,4798.08
2025-04-28,G004,Rice 5kg,Staples,West,46,318.12,0.0,0.0,14633.52
2025-04-15,G003,Eggs (12),Dairy,North,63,87.07,0.0,0.0,5485.41
2025-06-23,G003,Eggs (12),Dairy,West,76,90.99,0.0,0.0,6915.24
2025-04-30,G006,Bananas 1kg,Produce,South,108,40.01,5.0,600.38,4105.03
2025-01-07,G007,Instant Noodles,Packaged Foods,North,286,18.07,5.0,0.0,4909.62
2025-09-17,G001,Milk 1L,Dairy,North,288,53.62,0.0,0.0,15442.56
2025-05-23,G006,Bananas 1kg,Produce,South,89,41.53,0.0,304.1,3696.17
2025-06-05,G006,Bananas 1kg,Produce,South,114,39.81,0.0,0.0,4538.34
2025-05-26,G007,Instant Noodles,Packaged Foods,East,301,17.9,0.0,0.0,5387.9
2025-01-01,G006,Bananas 1kg,Produce,West,173,39.63,0.0,0.0,6855.99
2025-07-30,G004,Rice 5kg,Staples,East,45,318.29,0.0,492.06,14323.05
2025-02-23,G003,Eggs (12),Dairy,West,183,92.92,5.0,0.0,16154.14
2025-01-09,G003,Eggs (12),Dairy,South,130,91.86,0.0,0.0,11941.8
2025-09-19,G004,Rice 5kg,Staples,East,57,325.7,10.0,308.58,16708.41
2025-10-27,G002,Bread Loaf,Bakery,North,177,45.22,0.0,0.0,8003.94
2025-04-11,G001,Milk 1L,Dairy,West,272,53.23,0.0,0.0,14478.56
2025-12-13,G005,Cooking Oil 1L,Staples,East,160,143.25,0.0,0.0,22920.0
2025-10-11,G003,Eggs (12),Dairy,North,105,90.0,10.0,0.0,8505.0
2025-09-23,G005,Cooking Oil 1L,Staples,South,82,141.17,0.0,398.81,11575.94
2025-01-21,G005,Cooking Oil 1L,Staples,South,29,141.91,0.0,0.0,4115.39
2025-03-15,G003,Eggs (12),Dairy,West,158,88.36,0.0,0.0,13960.88
2025-06-28,G003,Eggs (12),Dairy,West,124,92.78,0.0,603.12,11504.72
2025-11-21,G002,Bread Loaf,Bakery,South,136,43.49,0.0,685.65,5914.64
2025-10-14,G006,Bananas 1kg,Produce,North,143,38.47,0.0,0.0,5501.21
2025-06-07,G002,Bread Loaf,Bakery,North,219,44.77,0.0,0.0,9804.63
2025-09-04,G003,Eggs (12),Dairy,East,94,90.83,0.0,0.0,8538.02
2025-05-13,G005,Cooking Oil 1L,Staples,North,115,136.48,0.0,49.53,15695.2
2025-07-18,G003,Eggs (12),Dairy,West,50,88.94,0.0,0.0,4447.0
2025-05-17,G006,Bananas 1kg,Produce,South,180,39.74,10.0,0.0,6437.88
2025-05-27,G006,Bananas 1kg,Produce,West,107,40.76,0.0,0.0,4361.32
2025-03-19,G007,Instant Noodles,Packaged Foods,North,294,17.37,5.0,0.0,4851.44
2025-02-09,G002,Bread Loaf,Bakery,South,252,43.43,0.0,0.0,10944.36
2025-06-29,G007,Instant Noodles,Packaged Foods,East,441,18.65,0.0,0.0,8224.65
2025-01-14,G004,Rice 5kg,Staples,West,61,320.81,0.0,0.0,19569.41
2025-03-11,G006,Bananas 1kg,Produce,South,79,39.62,0.0,0.0,3129.98
2025-03-13,G004,Rice 5kg,Staples,East,61,332.42,0.0,0.0,20277.62
2025-01-01,G006,Bananas 1kg,Produce,North,206,39.79,5.0,0.0,7786.9
2025-04-24,G003,Eggs (12),Dairy,South,74,88.55,0.0,0.0,6552.7
2025-05-03,G006,Bananas 1kg,Produce,South,260,39.15,0.0,0.0,10179.0
2025-01-18,G005,Cooking Oil 1L,Staples,East,85,137.97,0.0,0.0,11727.45
2025-10-16,G002,Bread Loaf,Bakery,South,160,44.97,0.0,0.0,7195.2
2025-09-25,G001,Milk 1L,Dairy,South,173,54.21,0.0,0.0,9378.33
2025-04-23,G003,Eggs (12),Dairy,North,60,88.68,0.0,0.0,5320.8
2025-08-28,G002,Bread Loaf,Bakery,West,93,45.76,5.0,0.0,4042.9
2025-07-16,G007,Instant Noodles,Packaged Foods,East,218,17.48,0.0,0.0,3810.64
2025-07-02,G005,Cooking Oil 1L,Staples,South,174,141.83,0.0,581.92,24678.42
2025-08-13,G003,Eggs (12),Dairy,South,73,88.72,10.0,0.0,5828.9
2025-01-15,G007,Instant Noodles,Packaged Foods,East,210,17.66,10.0,0.0,3337.74
2025-12-01,G004,Rice 5kg,Staples,South,88,324.14,0.0,406.66,28524.32
2025-11-17,G004,Rice 5kg,Staples,South,47,315.32,0.0,0.0,14820.04
2025-04-26,G003,Eggs (12),Dairy,South,157,90.86,5.0,0.0,13551.77
2025-10-07,G002,Bread Loaf,Bakery,South,136,43.87,0.0,0.0,5966.32
2025-10-03,G006,Bananas 1kg,Produce,East,260,39.55,0.0,0.0,10283.0
2025-11-24,G007,Instant Noodles,Packaged Foods,West,367,17.92,10.0,0.0,5918.98
2025-10-05,G005,Cooking Oil 1L,Staples,East,99,143.61,0.0,0.0,14217.39
2025-07-24,G002,Bread Loaf,Bakery,South,128,43.55,10.0,0.0,5016.96
2025-06-11,G005,Cooking Oil 1L,Staples,East,53,135.38,0.0,0.0,7175.14
2025-04-03,G004,Rice 5kg,Staples,East,79,324.1,10.0,0.0,23043.51
2025-03-13,G006,Bananas 1kg,Produce,West,91,39.58,0.0,0.0,3601.78
2025-01-26,G002,Bread Loaf,Bakery,South,174,44.14,0.0,0.0,7680.36
2025-06-17,G007,Instant Noodles,Packaged Foods,South,337,18.66,0.0,0.0,6288.42
2025-10-12,G006,Bananas 1kg,Produce,South,178,39.43,10.0,6.48,6316.69
2025-03-31,G007,Instant Noodles,Packaged Foods,West,372,18.22,5.0,0.0,6438.95
2025-06-20,G002,Bread Loaf,Bakery,North,124,43.24,0.0,0.0,5361.76
2025-07-16,G006,Bananas 1kg,Produce,South,99,40.57,0.0,0.0,4016.43
2025-04-02,G006,Bananas 1kg,Produce,South,171,38.59,0.0,0.0,6598.89
2025-11-16,G002,Bread Loaf,Bakery,North,258,43.83,10.0,0.0,10177.33
2025-12-19,G003,Eggs (12),Dairy,North,94,87.38,0.0,454.44,8213.72
2025-06-21,G007,Instant Noodles,Packaged Foods,South,365,18.18,0.0,0.0,6635.7
2025-07-20,G002,Bread Loaf,Bakery,East,334,45.09,0.0,0.0,15060.06
2025-11-23,G003,Eggs (12),Dairy,East,190,91.78,0.0,0.0,17438.2
2025-01-26,G005,Cooking Oil 1L,Staples,North,154,135.41,5.0,0.0,19810.48
2025-08-23,G007,Instant Noodles,Packaged Foods,North,372,18.68,5.0,0.0,6601.51
2025-05-12,G005,Cooking Oil 1L,Staples,North,58,145.32,0.0,0.0,8428.56
2025-09-11,G002,Bread Loaf,Bakery,West,150,43.73,0.0,0.0,6559.5
2025-01-23,G005,Cooking Oil 1L,Staples,East,64,137.01,0.0,0.0,8768.64
2025-08-01,G004,Rice 5kg,Staples,South,76,315.29,0.0,0.0,23962.04
2025-01-13,G001,Milk 1L,Dairy,South,195,55.78,0.0,0.0,10877.1
2025-04-18,G003,Eggs (12),Dairy,North,90,91.31,0.0,0.0,8217.9
2025-02-07,G006,Bananas 1kg,Produce,West,110,40.27,0.0,0.0,4429.7
2025-01-01,G003,Eggs (12),Dairy,North,92,91.47,0.0,522.95,8415.24
2025-03-26,G004,Rice 5kg,Staples,South,66,315.6,0.0,0.0,20829.6
2025-01-15,G005,Cooking Oil 1L,Staples,North,91,144.94,0.0,0.0,13189.54
2025-02-12,G003,Eggs (12),Dairy,West,99,92.73,0.0,0.0,9180.27
2025-11-27,G002,Bread Loaf,Bakery,West,166,43.75,0.0,0.0,7262.5
2025-05-08,G006,Bananas 1kg,Produce,East,127,39.23,5.0,168.77,4733.1
2025-09-15,G003,Eggs (12),Dairy,West,95,93.4,0.0,0.0,8873.0
2025-11-05,G002,Bread Loaf,Bakery,East,263,46.15,0.0,0.0,12137.45
2025-09-22,G002,Bread Loaf,Bakery,South,108,46.5,0.0,0.0,5022.0
2025-01-09,G001,Milk 1L,Dairy,North,189,54.43,0.0,664.04,10287.27
2025-01-11,G005,Cooking Oil 1L,Staples,North,137,135.51,0.0,0.0,18564.87
2025-04-20,G005,Cooking Oil 1L,Staples,South,112,137.03,0.0,0.0,15347.36
2025-08-12,G007,Instant Noodles,Packaged Foods,South,316,18.32,0.0,0.0,5789.12
2025-03-06,G004,Rice 5kg,Staples,West,50,316.32,0.0,0.0,15816.0
2025-10-28,G005,Cooking Oil 1L,Staples,West,101,141.53,0.0,0.0,14294.53
2025-09-30,G003,Eggs (12),Dairy,South,109,86.41,0.0,0.0,9418.69
2025-04-17,G001,Milk 1L,Dairy,North,170,53.67,5.0,0.0,8667.7
2025-09-16,G007,Instant Noodles,Packaged Foods,East,190,18.59,0.0,0.0,3532.1
2025-09-17,G006,Bananas 1kg,Produce,East,145,38.76,0.0,0.0,5620.2
2025-10-09,G007,Instant Noodles,Packaged Foods,South,268,17.62,0.0,0.0,4722.16
2025-02-18,G006,Bananas 1kg,Produce,South,78,40.54,0.0,0.0,3162.12
2025-01-30,G007,Instant Noodles,Packaged Foods,North,238,17.68,0.0,0.0,4207.84
2025-12-21,G002,Bread Loaf,Bakery,East,165,43.62,0.0,525.57,7197.3
2025-08-29,G002,Bread Loaf,Bakery,North,156,43.57,0.0,97.17,6796.92
2025-07-08,G002,Bread Loaf,Bakery,West,138,44.69,0.0,415.99,6167.22
2025-02-20,G004,Rice 5kg,Staples,East,41,307.35,0.0,373.59,12601.35
2025-07-16,G003,Eggs (12),Dairy,South,88,91.82,0.0,0.0,8080.16
2025-11-22,G005,Cooking Oil 1L,Staples,North,117,138.16,0.0,0.0,16164.72
2025-08-29,G004,Rice 5kg,Staples,West,50,328.41,0.0,0.0,16420.5
2025-11-28,G004,Rice 5kg,Staples,East,35,317.68,0.0,0.0,11118.8
2025-04-27,G003,Eggs (12),Dairy,East,134,87.96,10.0,0.0,10607.98
2025-08-10,G007,Instant Noodles,Packaged Foods,North,374,18.65,0.0,0.0,6975.1
2025-12-21,G005,Cooking Oil 1L,Staples,West,132,135.17,0.0,0.0,17842.44
2025-04-23,G003,Eggs (12),Dairy,East,79,89.98,0.0,0.0,7108.42
2025-03-19,G003,Eggs (12),Dairy,South,100,89.32,0.0,0.0,8932.0
2025-05-22,G007,Instant Noodles,Packaged Foods,East,280,17.78,0.0,0.0,4978.4
2025-02-14,G004,Rice 5kg,Staples,West,32,309.84,0.0,0.0,9914.88
2025-03-07,G003,Eggs (12),Dairy,North,56,92.82,0.0,0.0,5197.92
2025-06-13,G001,Milk 1L,Dairy,North,359,52.83,5.0,0.0,18017.67
2025-02-06,G001,Milk 1L,Dairy,West,168,56.48,0.0,108.11,9488.64
2025-08-02,G007,Instant Noodles,Packaged Foods,East,621,17.6,0.0,52.04,10929.6
2025-02-21,G005,Cooking Oil 1L,Staples,East,62,134.48,10.0,0.0,7503.98
2025-10-01,G001,Milk 1L,Dairy,West,363,52.92,0.0,0.0,19209.96
2025-05-09,G007,Instant Noodles,Packaged Foods,West,286,18.22,0.0,0.0,5210.92
2025-03-04,G007,Instant Noodles,Packaged Foods,West,259,17.9,0.0,347.01,4636.1
2025-01-02,G004,Rice 5kg,Staples,East,55,329.01,0.0,52.94,18095.55
2025-08-25,G004,Rice 5kg,Staples,West,62,326.4,0.0,0.0,20236.8
2025-01-01,G003,Eggs (12),Dairy,South,142,91.31,10.0,0.0,11669.42
2025-02-03,G004,Rice 5kg,Staples,South,96,328.75,0.0,407.87,31560.0
2025-11-15,G005,Cooking Oil 1L,Staples,West,115,136.85,0.0,310.4,15737.75
2025-03-29,G005,Cooking Oil 1L,Staples,East,97,142.08,0.0,0.0,13781.76
2025-12-26,G004,Rice 5kg,Staples,North,42,311.84,10.0,0.0,11787.55
2025-01-29,G007,Instant Noodles,Packaged Foods,East,256,17.72,0.0,0.0,4536.32
2025-10-10,G002,Bread Loaf,Bakery,West,96,44.32,0.0,0.0,4254.72
2025-07-06,G001,Milk 1L,Dairy,North,510,53.41,0.0,0.0,27239.1
2025-05-19,G001,Milk 1L,Dairy,East,222,56.26,0.0,0.0,12489.72
2025-01-29,G003,Eggs (12),Dairy,South,89,90.25,0.0,0.0,8032.25
2025-12-02,G001,Milk 1L,Dairy,North,353,56.96,5.0,0.0,19101.54
2025-11-10,G002,Bread Loaf,Bakery,East,245,45.31,0.0,0.0,11100.95
2025-01-13,G007,Instant Noodles,Packaged Foods,West,395,18.54,0.0,0.0,7323.3
2025-02-02,G001,Milk 1L,Dairy,West,414,57.07,0.0,0.0,23626.98
2025-06-10,G003,Eggs (12),Dairy,South,52,86.54,10.0,0.0,4050.07
2025-07-23,G003,Eggs (12),Dairy,North,89,93.05,0.0,0.0,8281.45
2025-01-09,G002,Bread Loaf,Bakery,North,202,44.33,0.0,0.0,8954.66
2025-07-18,G007,Instant Noodles,Packaged Foods,North,118,17.8,0.0,0.0,2100.4
2025-01-06,G005,Cooking Oil 1L,Staples,East,60,138.82,5.0,0.0,7912.74
2025-02-16,G004,Rice 5kg,Staples,North,55,320.62,0.0,0.0,17634.1
2025-04-03,G004,Rice 5kg,Staples,West,110,330.07,0.0,0.0,36307.7
2025-12-22,G002,Bread Loaf,Bakery,West,203,43.7,0.0,0.0,8871.1
2025-12-22,G007,Instant Noodles,Packaged Foods,North,293,17.56,5.0,0.0,4887.83
2025-03-15,G001,Milk 1L,Dairy,North,283,55.19,5.0,0.0,14837.83
2025-10-24,G007,Instant Noodles,Packaged Foods,North,244,18.11,0.0,175.72,4418.84
2025-01-25,G001,Milk 1L,Dairy,East,126,56.65,0.0,0.0,7137.9
2025-02-23,G001,Milk 1L,Dairy,West,329,56.83,0.0,0.0,18697.07
2025-04-23,G002,Bread Loaf,Bakery,West,101,46.1,0.0,0.0,4656.1
2025-01-02,G006,Bananas 1kg,Produce,West,178,40.74,5.0,133.17,6889.13
2025-10-04,G001,Milk 1L,Dairy,North,292,56.7,0.0,0.0,16556.4
2025-11-21,G007,Instant Noodles,Packaged Foods,East,282,18.66,0.0,18.14,5262.12
2025-12-07,G007,Instant Noodles,Packaged Foods,West,499,18.6,0.0,0.0,9281.4
2025-06-09,G002,Bread Loaf,Bakery,West,126,43.45,10.0,0.0,4927.23
2025-12-21,G001,Milk 1L,Dairy,North,328,53.83,0.0,156.14,17656.24
2025-03-19,G007,Instant Noodles,Packaged Foods,East,190,18.66,10.0,0.0,3190.86
2025-04-09,G006,Bananas 1kg,Produce,East,190,41.47,0.0,0.0,7879.3
2025-02-01,G006,Bananas 1kg,Produce,North,398,40.82,5.0,0.0,15434.04
2025-08-31,G007,Instant Noodles,Packaged Foods,West,521,17.64,0.0,0.0,9190.44
2025-01-09,G005,Cooking Oil 1L,Staples,West,113,144.84,0.0,0.0,16366.92
2025-08-27,G006,Bananas 1kg,Produce,East,133,38.89,0.0,0.0,5172.37
2025-04-28,G002,Bread Loaf,Bakery,South,112,43.71,0.0,0.0,4895.52
2025-05-19,G003,Eggs (12),Dairy,South,141,87.8,10.0,0.0,11141.82
2025-05-21,G005,Cooking Oil 1L,Staples,South,73,144.29,0.0,471.52,10533.17
2025-09-27,G002,Bread Loaf,Bakery,West,152,43.72,0.0,0.0,6645.44
2025-07-17,G006,Bananas 1kg,Produce,West,121,38.91,0.0,0.0,4708.11
2025-12-25,G003,Eggs (12),Dairy,East,163,92.32,0.0,0.0,15048.16
2025-09-09,G007,Instant Noodles,Packaged Foods,North,326,17.7,0.0,0.0,5770.2
2025-07-12,G001,Milk 1L,Dairy,North,380,57.19,0.0,0.0,21732.2
2025-05-19,G003,Eggs (12),Dairy,West,87,91.25,0.0,287.3,7938.75
2025-05-19,G003,Eggs (12),Dairy,East,89,89.81,0.0,0.0,7993.09
2025-02-15,G004,Rice 5kg,Staples,South,84,321.56,0.0,0.0,27011.04
2025-11-18,G001,Milk 1L,Dairy,West,306,53.29,0.0,0.0,16306.74
2025-06-16,G002,Bread Loaf,Bakery,North,139,45.21,0.0,0.0,6284.19
2025-08-12,G001,Milk 1L,Dairy,South,185,56.68,10.0,0.0,9437.22
2025-10-14,G004,Rice 5kg,Staples,West,45,329.14,0.0,0.0,14811.3
2025-11-08,G006,Bananas 1kg,Produce,East,177,39.42,10.0,196.21,6279.61
2025-12-06,G005,Cooking Oil 1L,Staples,West,140,145.3,0.0,0.0,20342.0
2025-02-05,G001,Milk 1L,Dairy,West,261,57.13,0.0,439.12,14910.93
2025-09-16,G001,Milk 1L,Dairy,East,196,55.17,0.0,0.0,10813.32
2025-06-04,G003,Eggs (12),Dairy,North,89,92.07,0.0,0.0,8194.23
2025-10-25,G005,Cooking Oil 1L,Staples,North,64,144.37,0.0,0.0,9239.68
2025-03-29,G007,Instant Noodles,Packaged Foods,West,367,18.14,10.0,662.41,5991.64
2025-06-06,G006,Bananas 1kg,Produce,East,114,41.03,0.0,0.0,4677.42
2025-08-18,G004,Rice 5kg,Staples,North,59,319.19,0.0,0.0,18832.21
2025-01-30,G006,Bananas 1kg,Produce,East,137,39.72,0.0,771.13,5441.64
2025-03-08,G001,Milk 1L,Dairy,North,384,54.43,0.0,415.02,20901.12
2025-11-02,G006,Bananas 1kg,Produce,South,245,38.46,0.0,0.0,9422.7
2025-11-13,G003,Eggs (12),Dairy,South,96,86.64,0.0,0.0,8317.44
2025-07-01,G005,Cooking Oil 1L,Staples,North,139,141.46,0.0,0.0,19662.94
2025-07-08,G005,Cooking Oil 1L,Staples,South,63,143.45,0.0,0.0,9037.35
2025-11-04,G001,Milk 1L,Dairy,North,264,55.24,0.0,0.0,14583.36
2025-08-05,G001,Milk 1L,Dairy,North,230,56.72,0.0,103.26,13045.6
2025-02-23,G006,Bananas 1kg,Produce,South,123,39.81,0.0,0.0,4896.63
2025-09-06,G007,Instant Noodles,Packaged Foods,North,497,18.18,10.0,0.0,8131.91
2025-05-05,G007,Instant Noodles,Packaged Foods,West,316,18.67,0.0,299.41,5899.72
2025-07-03,G006,Bananas 1kg,Produce,West,154,41.47,0.0,0.0,6386.38
2025-02-15,G001,Milk 1L,Dairy,East,282,52.81,0.0,0.0,14892.42
2025-03-15,G005,Cooking Oil 1L,Staples,South,99,142.37,0.0,0.0,14094.63
2025-06-23,G007,Instant Noodles,Packaged Foods,West,368,18.46,0.0,0.0,6793.28
2025-02-06,G002,Bread Loaf,Bakery,North,148,45.75,0.0,0.0,6771.0
2025-07-11,G003,Eggs (12),Dairy,East,121,91.37,0.0,220.17,11055.77
2025-02-22,G005,Cooking Oil 1L,Staples,West,111,142.87,5.0,0.0,15065.64
2025-07-21,G002,Bread Loaf,Bakery,West,132,43.78,0.0,0.0,5778.96
2025-12-12,G004,Rice 5kg,Staples,South,39,321.27,0.0,0.0,12529.53
2025-03-27,G004,Rice 5kg,Staples,North,50,326.25,0.0,590.64,16312.5
2025-09-13,G003,Eggs (12),Dairy,North,118,87.51,5.0,0.0,9809.87
2025-02-28,G006,Bananas 1kg,Produce,South,78,40.34,0.0,0.0,3146.52
2025-10-22,G001,Milk 1L,Dairy,South,168,55.3,5.0,0.0,8825.88
2025-04-13,G002,Bread Loaf,Bakery,West,177,45.94,0.0,0.0,8131.38
2025-07-20,G003,Eggs (12),Dairy,East,124,93.07,0.0,0.0,11540.68
2025-03-26,G001,Milk 1L,Dairy,North,312,56.59,0.0,0.0,17656.08
2025-12-21,G002,Bread Loaf,Bakery,West,142,45.59,5.0,0.0,6150.09
2025-09-13,G002,Bread Loaf,Bakery,West,174,45.68,10.0,0.0,7153.49
2025-01-27,G007,Instant Noodles,Packaged Foods,East,215,18.14,0.0,0.0,3900.1
2025-07-14,G003,Eggs (12),Dairy,West,79,92.39,0.0,0.0,7298.81
2025-12-06,G002,Bread Loaf,Bakery,West,233,46.25,0.0,0.0,10776.25
2025-12-14,G006,Bananas 1kg,Produce,North,224,39.92,0.0,0.0,8942.08
2025-08-29,G005,Cooking Oil 1L,Staples,South,97,139.35,0.0,0.0,13516.95
2025-06-05,G001,Milk 1L,Dairy,East,157,54.7,0.0,0.0,8587.9
2025-08-19,G001,Milk 1L,Dairy,South,122,56.86,0.0,0.0,6936.92
2025-01-21,G007,Instant Noodles,Packaged Foods,North,307,18.03,0.0,0.0,5535.21
2025-06-05,G003,Eggs (12),Dairy,North,82,86.84,0.0,0.0,7120.88
2025-01-26,G003,Eggs (12),Dairy,South,131,90.64,0.0,0.0,11873.84
2025-06-28,G004,Rice 5kg,Staples,North,61,316.27,10.0,0.0,17363.22
2025-09-06,G005,Cooking Oil 1L,Staples,West,110,137.71,0.0,0.0,15148.1
2025-12-28,G003,Eggs (12),Dairy,South,141,89.17,5.0,0.0,11944.32
2025-06-28,G005,Cooking Oil 1L,Staples,East,111,143.35,5.0,0.0,15116.26
2025-08-08,G002,Bread Loaf,Bakery,South,155,45.31,0.0,0.0,7023.05
2025-11-05,G007,Instant Noodles,Packaged Foods,West,287,17.93,5.0,217.24,4888.61
2025-01-19,G001,Milk 1L,Dairy,South,228,54.59,0.0,0.0,12446.52
2025-10-21,G004,Rice 5kg,Staples,West,55,313.9,0.0,0.0,17264.5
2025-09-16,G002,Bread Loaf,Bakery,East,226,43.3,0.0,0.0,9785.8
2025-03-16,G005,Cooking Oil 1L,Staples,South,127,142.32,5.0,0.0,17170.91
2025-12-07,G005,Cooking Oil 1L,Staples,West,146,142.05,5.0,0.0,19702.34
2025-04-03,G005,Cooking Oil 1L,Staples,East,128,144.37,5.0,0.0,17555.39
2025-08-14,G007,Instant Noodles,Packaged Foods,West,372,17.38,0.0,0.0,6465.36
2025-05-14,G004,Rice 5kg,Staples,South,72,319.97,0.0,0.0,23037.84
2025-10-23,G001,Milk 1L,Dairy,South,146,55.57,0.0,0.0,8113.22
2025-09-19,G003,Eggs (12),Dairy,South,96,90.7,0.0,0.0,8707.2
2025-09-29,G002,Bread Loaf,Bakery,North,155,44.1,0.0,0.0,6835.5
2025-02-18,G001,Milk 1L,Dairy,East,327,53.11,0.0,512.2,17366.97
2025-06-03,G005,Cooking Oil 1L,Staples,North,172,144.48,0.0,14.45,24850.56
2025-03-19,G006,Bananas 1kg,Produce,West,106,39.38,0.0,762.47,4174.28
2025-05-31,G002,Bread Loaf,Bakery,South,208,46.07,10.0,0.0,8624.3
2025-06-21,G002,Bread Loaf,Bakery,East,299,43.37,0.0,0.0,12967.63
2025-04-08,G002,Bread Loaf,Bakery,North,78,45.84,0.0,0.0,3575.52
2025-02-05,G005,Cooking Oil 1L,Staples,South,80,141.08,0.0,0.0,11286.4
2025-06-07,G006,Bananas 1kg,Produce,West,163,39.05,0.0,0.0,6365.15
2025-01-11,G005,Cooking Oil 1L,Staples,West,91,137.64,0.0,0.0,12525.24
2025-07-02,G004,Rice 5kg,Staples,North,81,318.99,0.0,239.64,25838.19
2025-01-27,G002,Bread Loaf,Bakery,West,76,46.51,10.0,0.0,3181.28
2025-11-01,G002,Bread Loaf,Bakery,North,241,44.17,0.0,0.0,10644.97
2025-05-18,G005,Cooking Oil 1L,Staples,East,121,145.49,5.0,0.0,16724.08
2025-09-21,G001,Milk 1L,Dairy,South,332,53.02,5.0,122.23,16722.51
2025-03-06,G007,Instant Noodles,Packaged Foods,East,243,17.43,10.0,0.0,3811.94
2025-05-05,G001,Milk 1L,Dairy,South,197,54.38,0.0,0.0,10712.86
2025-12-24,G003,Eggs (12),Dairy,West,96,87.9,0.0,0.0,8438.4
2025-12-17,G005,Cooking Oil 1L,Staples,North,84,144.2,0.0,0.0,12112.8
2025-06-07,G005,Cooking Oil 1L,Staples,North,164,142.06,0.0,0.0,23297.84
2025-01-05,G003,Eggs (12),Dairy,South,129,91.05,0.0,0.0,11745.45
2025-11-08,G001,Milk 1L,Dairy,North,407,53.07,0.0,0.0,21599.49
2025-07-09,G002,Bread Loaf,Bakery,East,186,45.15,0.0,595.91,8397.9
2025-02-19,G001,Milk 1L,Dairy,West,207,55.91,0.0,0.0,11573.37
2025-08-03,G002,Bread Loaf,Bakery,North,304,45.7,0.0,0.0,13892.8
2025-04-28,G001,Milk 1L,Dairy,West,220,53.16,0.0,0.0,11695.2
2025-01-25,G002,Bread Loaf,Bakery,East,129,44.03,0.0,30.71,5679.87
2025-08-03,G006,Bananas 1kg,Produce,East,473,39.56,0.0,0.0,18711.88
2025-07-20,G001,Milk 1L,Dairy,North,463,53.62,0.0,557.71,24826.06
2025-09-05,G002,Bread Loaf,Bakery,North,144,44.33,0.0,0.0,6383.52
2025-12-10,G001,Milk 1L,Dairy,West,243,54.92,0.0,0.0,13345.56
2025-05-16,G006,Bananas 1kg,Produce,South,124,38.95,10.0,0.0,4346.82
2025-06-14,G005,Cooking Oil 1L,Staples,North,152,134.85,0.0,0.0,20497.2
2025-02-12,G002,Bread Loaf,Bakery,West,123,44.12,0.0,160.99,5426.76
2025-09-08,G002,Bread Loaf,Bakery,North,139,44.41,0.0,0.0,6172.99
2025-08-01,G006,Bananas 1kg,Produce,South,68,41.15,0.0,0.0,2798.2
2025-06-18,G001,Milk 1L,Dairy,East,235,53.5,10.0,0.0,11315.25
2025-04-21,G001,Milk 1L,Dairy,West,189,56.42,0.0,0.0,10663.38
2025-04-22,G005,Cooking Oil 1L,Staples,South,55,143.28,0.0,0.0,7880.4
2025-11-10,G001,Milk 1L,Dairy,South,256,53.44,0.0,0.0,13680.64
2025-06-17,G003,Eggs (12),Dairy,East,111,91.05,0.0,0.0,10106.55
2025-03-02,G004,Rice 5kg,Staples,North,108,328.24,0.0,84.99,35449.92
2025-12-03,G006,Bananas 1kg,Produce,East,275,39.7,0.0,0.0,10917.5
2025-10-16,G006,Bananas 1kg,Produce,South,65,39.0,0.0,0.0,2535.0
2025-10-01,G003,Eggs (12),Dairy,South,116,87.93,0.0,0.0,10199.88
2025-04-08,G002,Bread Loaf,Bakery,East,192,45.83,0.0,0.0,8799.36
2025-10-19,G003,Eggs (12),Dairy,East,184,91.64,5.0,628.42,16018.67
2025-06-19,G001,Milk 1L,Dairy,East,233,53.96,0.0,0.0,12572.68
2025-11-07,G003,Eggs (12),Dairy,West,118,90.37,5.0,0.0,10130.48
2025-07-06,G004,Rice 5kg,Staples,South,78,325.04,10.0,0.0,22817.81
2025-08-13,G001,Milk 1L,Dairy,South,175,53.56,0.0,0.0,9373.0
2025-04-28,G002,Bread Loaf,Bakery,North,111,44.23,0.0,0.0,4909.53
2025-07-06,G007,Instant Noodles,Packaged Foods,East,277,17.69,10.0,0.0,4410.12
2025-09-29,G007,Instant Noodles,Packaged Foods,East,220,17.7,0.0,0.0,3894.0
2025-01-01,G004,Rice 5kg,Staples,North,103,328.93,5.0,0.0,32185.8
2025-07-03,G007,Instant Noodles,Packaged Foods,West,543,18.37,0.0,0.0,9974.91
2025-11-30,G007,Instant Noodles,Packaged Foods,South,246,18.62,0.0,43.86,4580.52
2025-06-09,G004,Rice 5kg,Staples,East,53,312.84,0.0,0.0,16580.52
2025-12-17,G001,Milk 1L,Dairy,East,164,56.66,0.0,0.0,9292.24
2025-07-26,G006,Bananas 1kg,Produce,North,271,41.03,0.0,0.0,11119.13
2025-03-16,G005,Cooking Oil 1L,Staples,East,104,135.59,0.0,0.0,14101.36
2025-11-26,G001,Milk 1L,Dairy,North,178,55.64,0.0,0.0,9903.92
2025-10-03,G005,Cooking Oil 1L,Staples,East,117,138.57,0.0,0.0,16212.69
2025-06-30,G002,Bread Loaf,Bakery,East,156,46.32,5.0,0.0,6864.62
2025-05-06,G004,Rice 5kg,Staples,East,45,308.95,0.0,0.0,13902.75
2025-09-21,G006,Bananas 1kg,Produce,West,67,39.37,5.0,0.0,2505.9
2025-01-05,G004,Rice 5kg,Staples,West,55,317.67,0.0,0.0,17471.85
2025-04-18,G006,Bananas 1kg,Produce,East,180,41.19,0.0,0.0,7414.2
2025-09-30,G005,Cooking Oil 1L,Staples,West,90,135.32,0.0,383.51,12178.8
2025-04-22,G006,Bananas 1kg,Produce,South,100,38.92,0.0,0.0,3892.0
2025-01-29,G001,Milk 1L,Dairy,North,281,55.57,0.0,0.0,15615.17
2025-05-03,G001,Milk 1L,Dairy,South,301,53.72,0.0,0.0,16169.72
2025-03-18,G006,Bananas 1kg,Produce,East,136,38.97,0.0,335.3,5299.92
2025-06-23,G004,Rice 5kg,Staples,South,64,312.06,0.0,378.38,19971.84
2025-09-06,G007,Instant Noodles,Packaged Foods,West,488,17.56,0.0,0.0,8569.28
2025-12-14,G005,Cooking Oil 1L,Staples,East,123,137.37,0.0,0.0,16896.51
2025-06-26,G007,Instant Noodles,Packaged Foods,West,340,17.29,0.0,0.0,5878.6
2025-10-16,G003,Eggs (12),Dairy,South,92,91.04,5.0,0.0,7956.9
2025-03-08,G003,Eggs (12),Dairy,West,126,88.61,0.0,0.0,11164.86
2025-01-22,G001,Milk 1L,Dairy,North,290,56.66,0.0,0.0,16431.4
2025-02-02,G002,Bread Loaf,Bakery,South,403,43.31,0.0,0.0,17453.93
2025-04-23,G001,Milk 1L,Dairy,West,196,55.9,0.0,0.0,10956.4
2025-03-13,G003,Eggs (12),Dairy,South,102,86.57,10.0,0.0,7947.13
2025-02-18,G004,Rice 5kg,Staples,East,33,325.51,5.0,566.85,10204.74
2025-08-01,G002,Bread Loaf,Bakery,North,158,44.33,0.0,0.0,7004.14
2025-10-24,G002,Bread Loaf,Bakery,South,90,43.45,0.0,0.0,3910.5
2025-05-10,G007,Instant Noodles,Packaged Foods,North,296,18.31,0.0,704.39,5419.76
2025-07-04,G004,Rice 5kg,Staples,South,72,323.25,0.0,0.0,23274.0
2025-11-20,G007,Instant Noodles,Packaged Foods,East,398,18.16,0.0,0.0,7227.68
2025-12-08,G007,Instant Noodles,Packaged Foods,North,324,17.35,10.0,0.0,5059.26
2025-02-01,G007,Instant Noodles,Packaged Foods,East,509,17.82,5.0,752.94,8616.86
2025-06-12,G006,Bananas 1kg,Produce,East,131,41.16,0.0,0.0,5391.96
2025-09-11,G004,Rice 5kg,Staples,North,42,319.91,0.0,0.0,13436.22
2025-04-26,G007,Instant Noodles,Packaged Foods,South,339,18.26,0.0,0.0,6190.14
2025-11-16,G003,Eggs (12),Dairy,South,139,93.05,0.0,0.0,12933.95
2025-05-28,G001,Milk 1L,Dairy,East,228,55.56,0.0,0.0,12667.68
2025-08-08,G001,Milk 1L,Dairy,West,255,54.94,0.0,580.17,14009.7
2025-10-30,G001,Milk 1L,Dairy,South,199,53.8,0.0,0.0,10706.2
2025-01-06,G006,Bananas 1kg,Produce,North,173,38.66,0.0,0.0,6688.18
2025-11-29,G007,Instant Noodles,Packaged Foods,South,210,18.33,0.0,0.0,3849.3
2025-02-07,G005,Cooking Oil 1L,Staples,North,68,139.19,0.0,0.0,9464.92
2025-12-27,G007,Instant Noodles,Packaged Foods,South,308,18.6,0.0,0.0,5728.8
2025-01-08,G003,Eggs (12),Dairy,East,133,89.29,0.0,0.0,11875.57
2025-10-11,G001,Milk 1L,Dairy,North,429,54.9,0.0,0.0,23552.1
2025-01-17,G006,Bananas 1kg,Produce,West,64,38.79,0.0,264.02,2482.56
2025-02-22,G003,Eggs (12),Dairy,North,97,93.59,0.0,0.0,9078.23
2025-06-22,G007,Instant Noodles,Packaged Foods,West,618,17.32,0.0,0.0,10703.76
2025-04-13,G005,Cooking Oil 1L,Staples,North,119,136.34,0.0,0.0,16224.46
2025-08-04,G006,Bananas 1kg,Produce,East,129,40.36,0.0,0.0,5206.44
2025-09-22,G004,Rice 5kg,Staples,North,46,315.43,0.0,0.0,14509.78
2025-11-01,G005,Cooking Oil 1L,Staples,West,198,136.5,0.0,174.43,27027.0
2025-06-15,G007,Instant Noodles,Packaged Foods,East,409,18.28,0.0,0.0,7476.52
2025-06-22,G002,Bread Loaf,Bakery,South,230,44.9,0.0,0.0,10327.0
2025-04-06,G006,Bananas 1kg,Produce,West,123,38.65,0.0,0.0,4753.95
2025-01-17,G007,Instant Noodles,Packaged Foods,West,258,17.82,0.0,0.0,4597.56
2025-01-09,G002,Bread Loaf,Bakery,South,141,46.66,0.0,0.0,6579.06
2025-09-13,G005,Cooking Oil 1L,Staples,West,81,144.17,0.0,0.0,11677.77
2025-03-24,G004,Rice 5kg,Staples,South,72,332.06,0.0,0.0,23908.32
2025-09-21,G006,Bananas 1kg,Produce,South,109,38.45,5.0,0.0,3981.5
2025-11-09,G005,Cooking Oil 1L,Staples,North,119,139.94,0.0,0.0,16652.86
2025-04-25,G002,Bread Loaf,Bakery,West,128,43.97,0.0,0.0,5628.16
2025-11-10,G006,Bananas 1kg,Produce,North,190,38.89,0.0,106.02,7389.1
2025-10-02,G005,Cooking Oil 1L,Staples,North,100,144.1,10.0,50.27,12969.0
2025-10-21,G005,Cooking Oil 1L,Staples,East,98,144.29,0.0,0.0,14140.42
2025-03-06,G001,Milk 1L,Dairy,North,290,56.69,0.0,0.0,16440.1
2025-02-17,G002,Bread Loaf,Bakery,West,154,43.56,0.0,0.0,6708.24
2025-07-05,G005,Cooking Oil 1L,Staples,East,141,142.97,10.0,0.0,18142.89
2025-06-08,G003,Eggs (12),Dairy,East,95,90.3,0.0,0.0,8578.5
2025-05-01,G003,Eggs (12),Dairy,West,123,91.96,0.0,62.88,11311.08
2025-09-17,G001,Milk 1L,Dairy,South,202,56.98,0.0,0.0,11509.96
2025-11-17,G005,Cooking Oil 1L,Staples,South,75,137.28,0.0,0.0,10296.0
2025-08-29,G007,Instant Noodles,Packaged Foods,West,287,18.15,0.0,0.0,5209.05
2025-01-25,G003,Eggs (12),Dairy,South,150,86.68,0.0,400.37,13002.0
2025-12-06,G004,Rice 5kg,Staples,South,119,312.03,0.0,0.0,37131.57
2025-05-23,G006,Bananas 1kg,Produce,West,137,39.42,5.0,0.0,5130.51
2025-08-06,G004,Rice 5kg,Staples,West,77,309.2,0.0,0.0,23808.4
2025-04-17,G002,Bread Loaf,Bakery,North,184,45.1,5.0,300.7,7883.48
2025-09-01,G006,Bananas 1kg,Produce,West,97,40.46,0.0,0.0,3924.62
2025-02-08,G003,Eggs (12),Dairy,West,148,89.94,0.0,0.0,13311.12
2025-04-02,G003,Eggs (12),Dairy,North,108,86.56,0.0,510.98,9348.48
2025-10-14,G005,Cooking Oil 1L,Staples,South,109,142.44,0.0,0.0,15525.96
2025-12-31,G007,Instant Noodles,Packaged Foods,East,282,17.65,0.0,0.0,4977.3
2025-02-17,G004,Rice 5kg,Staples,East,41,319.93,0.0,510.83,13117.13
2025-05-28,G003,Eggs (12),Dairy,South,119,87.96,0.0,0.0,10467.24
2025-11-18,G005,Cooking Oil 1L,Staples,East,72,138.93,0.0,0.0,10002.96
2025-05-15,G004,Rice 5kg,Staples,West,56,320.6,0.0,0.0,17953.6
2025-08-12,G001,Milk 1L,Dairy,North,271,57.16,0.0,0.0,15490.36
2025-08-31,G002,Bread Loaf,Bakery,West,169,46.58,10.0,0.0,7084.82
2025-11-16,G003,Eggs (12),Dairy,North,109,90.22,5.0,0.0,9342.28
2025-10-22,G002,Bread Loaf,Bakery,East,152,43.58,5.0,0.0,6292.95
2025-04-05,G002,Bread Loaf,Bakery,East,340,44.8,0.0,110.42,15232.0
2025-06-10,G006,Bananas 1kg,Produce,South,150,40.11,0.0,151.38,6016.5
2025-03-21,G007,Instant Noodles,Packaged Foods,West,331,18.61,0.0,0.0,6159.91
2025-01-30,G001,Milk 1L,Dairy,South,82,55.98,0.0,756.92,4590.36
2025-04-19,G005,Cooking Oil 1L,Staples,East,113,144.69,0.0,0.0,16349.97
2025-12-30,G003,Eggs (12),Dairy,South,99,93.21,0.0,0.0,9227.79
2025-09-25,G007,Instant Noodles,Packaged Foods,North,259,18.63,0.0,0.0,4825.17
2025-04-05,G005,Cooking Oil 1L,Staples,West,150,138.24,10.0,0.0,18662.4
2025-04-26,G005,Cooking Oil 1L,Staples,South,105,143.7,5.0,179.5,14334.07
2025-05-21,G005,Cooking Oil 1L,Staples,East,44,135.6,0.0,0.0,5966.4
2025-06-30,G003,Eggs (12),Dairy,North,81,88.14,0.0,0.0,7139.34
2025-04-05,G004,Rice 5kg,Staples,North,79,321.43,0.0,0.0,25392.97
2025-09-21,G002,Bread Loaf,Bakery,East,224,44.15,0.0,0.0,9889.6
2025-03-04,G003,Eggs (12),Dairy,North,94,92.11,0.0,0.0,8658.34
2025-10-27,G007,Instant Noodles,Packaged Foods,West,432,18.42,0.0,98.11,7957.44
2025-07-22,G007,Instant Noodles,Packaged Foods,North,228,17.31,0.0,0.0,3946.68
2025-07-26,G006,Bananas 1kg,Produce,West,150,39.34,5.0,0.0,5605.95
2025-03-03,G005,Cooking Oil 1L,Staples,West,171,140.42,0.0,0.0,24011.82
2025-02-23,G003,Eggs (12),Dairy,East,131,91.07,0.0,0.0,11930.17
2025-10-02,G006,Bananas 1kg,Produce,East,268,39.02,0.0,0.0,10457.36
2025-07-20,G006,Bananas 1kg,Produce,West,135,40.04,0.0,0.0,5405.4
2025-05-20,G007,Instant Noodles,Packaged Foods,East,300,17.99,5.0,0.0,5127.15
2025-10-02,G005,Cooking Oil 1L,Staples,West,111,142.91,10.0,0.0,14276.71
2025-11-27,G002,Bread Loaf,Bakery,South,128,45.54,0.0,0.0,5829.12
2025-12-11,G002,Bread Loaf,Bakery,South,205,46.74,10.0,0.0,8623.53
2025-10-05,G003,Eggs (12),Dairy,North,124,88.13,0.0,0.0,10928.12
2025-10-31,G002,Bread Loaf,Bakery,East,211,46.1,10.0,0.0,8754.39
2025-05-21,G001,Milk 1L,Dairy,West,218,53.18,0.0,744.72,11593.24
2025-11-13,G001,Milk 1L,Dairy,North,346,56.71,10.0,617.47,17659.49
2025-09-16,G005,Cooking Oil 1L,Staples,East,99,140.09,0.0,0.0,13868.91
2025-12-06,G007,Instant Noodles,Packaged Foods,North,455,18.7,0.0,0.0,8508.5
2025-07-05,G005,Cooking Oil 1L,Staples,West,147,139.04,0.0,0.0,20438.88
2025-10-20,G007,Instant Noodles,Packaged Foods,East,195,17.61,0.0,0.0,3433.95
2025-11-20,G006,Bananas 1kg,Produce,North,175,40.94,0.0,0.0,7164.5
2025-11-17,G007,Instant Noodles,Packaged Foods,East,257,18.52,0.0,0.0,4759.64
2025-01-07,G007,Instant Noodles,Packaged Foods,West,306,18.7,0.0,0.0,5722.2
2025-03-26,G004,Rice 5kg,Staples,East,40,327.59,0.0,0.0,13103.6
2025-11-06,G001,Milk 1L,Dairy,North,216,55.59,0.0,0.0,12007.44
2025-05-08,G006,Bananas 1kg,Produce,West,65,40.78,0.0,0.0,2650.7
2025-03-27,G005,Cooking Oil 1L,Staples,West,110,144.04,0.0,0.0,15844.4
2025-08-12,G004,Rice 5kg,Staples,East,46,308.03,0.0,545.23,14169.38
2025-08-22,G002,Bread Loaf,Bakery,East,136,45.08,5.0,0.0,5824.34
2025-06-05,G002,Bread Loaf,Bakery,West,151,44.3,0.0,0.0,6689.3
2025-09-25,G002,Bread Loaf,Bakery,West,108,46.43,10.0,0.0,4513.0
2025-05-19,G005,Cooking Oil 1L,Staples,South,91,135.27,0.0,0.0,12309.57
2025-09-10,G001,Milk 1L,Dairy,West,233,54.62,0.0,0.0,12726.46
2025-09-13,G003,Eggs (12),Dairy,West,107,87.26,0.0,0.0,9336.82
2025-04-25,G005,Cooking Oil 1L,Staples,East,77,142.95,0.0,0.0,11007.15
2025-09-12,G006,Bananas 1kg,Produce,East,111,39.76,0.0,0.0,4413.36
2025-03-01,G002,Bread Loaf,Bakery,East,393,44.45,0.0,0.0,17468.85
2025-01-12,G006,Bananas 1kg,Produce,East,210,40.05,0.0,0.0,8410.5
2025-11-20,G004,Rice 5kg,Staples,South,37,317.88,0.0,795.94,11761.56
2025-08-15,G006,Bananas 1kg,Produce,East,237,39.61,0.0,0.0,9387.57
2025-05-06,G002,Bread Loaf,Bakery,North,173,46.29,0.0,707.38,8008.17
2025-07-15,G006,Bananas 1kg,Produce,East,178,39.51,0.0,0.0,7032.78
2025-02-15,G004,Rice 5kg,Staples,West,78,329.97,0.0,0.0,25737.66
2025-12-27,G005,Cooking Oil 1L,Staples,East,144,135.04,10.0,0.0,17501.18
2025-03-23,G002,Bread Loaf,Bakery,East,282,46.5,0.0,328.96,13113.0
2025-07-22,G001,Milk 1L,Dairy,East,279,53.18,0.0,0.0,14837.22
2025-08-03,G003,Eggs (12),Dairy,South,162,90.67,10.0,0.0,13219.69
2025-08-14,G006,Bananas 1kg,Produce,West,90,41.31,0.0,0.0,3717.9
2025-12-05,G004,Rice 5kg,Staples,South,84,308.17,0.0,0.0,25886.28
2025-08-15,G003,Eggs (12),Dairy,East,100,89.91,0.0,0.0,8991.0
2025-04-26,G004,Rice 5kg,Staples,West,78,320.66,0.0,0.0,25011.48
2025-11-21,G007,Instant Noodles,Packaged Foods,North,289,18.05,10.0,0.0,4694.81
2025-08-05,G005,Cooking Oil 1L,Staples,North,99,143.26,10.0,0.0,12764.47
2025-11-30,G005,Cooking Oil 1L,Staples,South,100,136.4,5.0,0.0,12958.0
2025-02-18,G002,Bread Loaf,Bakery,East,201,45.4,0.0,0.0,9125.4
2025-03-02,G005,Cooking Oil 1L,Staples,East,191,145.41,0.0,0.0,27773.31
2025-03-03,G005,Cooking Oil 1L,Staples,East,115,145.37,0.0,0.0,16717.55
2025-10-25,G001,Milk 1L,Dairy,East,331,53.52,5.0,0.0,16829.36
2025-05-06,G006,Bananas 1kg,Produce,West,108,41.25,0.0,0.0,4455.0
2025-10-22,G006,Bananas 1kg,Produce,North,175,39.26,5.0,0.0,6526.97
2025-12-29,G002,Bread Loaf,Bakery,South,155,46.25,0.0,0.0,7168.75
2025-04-16,G007,Instant Noodles,Packaged Foods,South,276,18.07,10.0,0.0,4488.59
2025-04-10,G007,Instant Noodles,Packaged Foods,West,362,17.29,5.0,0.0,5946.03
2025-08-20,G006,Bananas 1kg,Produce,South,144,41.58,5.0,0.0,5688.14
2025-03-06,G006,Bananas 1kg,Produce,East,139,41.08,0.0,0.0,5710.12
2025-06-18,G006,Bananas 1kg,Produce,West,111,40.32,0.0,0.0,4475.52
2025-06-07,G007,Instant Noodles,Packaged Foods,West,380,18.09,0.0,645.79,6874.2
2025-02-24,G001,Milk 1L,Dairy,South,168,56.78,10.0,0.0,8585.14
2025-04-05,G003,Eggs (12),Dairy,East,154,92.8,0.0,0.0,14291.2
2025-07-08,G006,Bananas 1kg,Produce,South,115,40.82,10.0,0.0,4224.87
2025-11-18,G002,Bread Loaf,Bakery,North,113,44.36,0.0,0.0,5012.68
2025-05-17,G001,Milk 1L,Dairy,South,333,52.9,0.0,0.0,17615.7
2025-05-15,G005,Cooking Oil 1L,Staples,West,89,137.97,0.0,0.0,12279.33
2025-07-18,G002,Bread Loaf,Bakery,North,203,45.42,0.0,0.0,9220.26
2025-10-12,G003,Eggs (12),Dairy,West,142,92.41,0.0,0.0,13122.22
2025-08-22,G002,Bread Loaf,Bakery,North,166,45.95,10.0,0.0,6864.93
2025-09-20,G004,Rice 5kg,Staples,East,64,319.6,0.0,0.0,20454.4
2025-09-23,G003,Eggs (12),Dairy,South,97,90.93,0.0,0.0,8820.21
2025-08-30,G003,Eggs (12),Dairy,South,175,91.2,0.0,0.0,15960.0
2025-01-15,G006,Bananas 1kg,Produce,South,73,40.66,0.0,438.32,2968.18
2025-08-21,G007,Instant Noodles,Packaged Foods,North,271,17.33,5.0,0.0,4461.61
2025-01-05,G002,Bread Loaf,Bakery,North,193,44.62,0.0,0.0,8611.66
2025-03-29,G005,Cooking Oil 1L,Staples,South,133,144.67,0.0,0.0,19241.11
2025-03-11,G007,Instant Noodles,Packaged Foods,South,260,18.21,0.0,279.13,4734.6
2025-05-26,G004,Rice 5kg,Staples,West,48,318.42,0.0,0.0,15284.16
2025-09-30,G002,Bread Loaf,Bakery,East,160,46.52,0.0,0.0,7443.2
2025-10-16,G004,Rice 5kg,Staples,East,46,326.97,0.0,0.0,15040.62
2025-06-06,G003,Eggs (12),Dairy,North,81,91.12,5.0,0.0,7011.68
2025-11-21,G004,Rice 5kg,Staples,East,37,327.67,0.0,0.0,12123.79
2025-07-08,G002,Bread Loaf,Bakery,North,149,46.73,10.0,0.0,6266.49
2025-08-31,G003,Eggs (12),Dairy,West,181,92.72,10.0,0.0,15104.09
2025-08-23,G007,Instant Noodles,Packaged Foods,East,394,18.45,0.0,318.26,7269.3
2025-11-22,G006,Bananas 1kg,Produce,North,272,39.25,0.0,581.74,10676.0
2025-03-09,G004,Rice 5kg,Staples,North,64,313.91,0.0,0.0,20090.24
2025-11-24,G001,Milk 1L,Dairy,East,292,53.15,0.0,100.53,15519.8
2025-02-23,G003,Eggs (12),Dairy,North,81,87.81,0.0,0.0,7112.61
2025-07-28,G006,Bananas 1kg,Produce,South,102,38.7,0.0,0.0,3947.4
2025-03-05,G003,Eggs (12),Dairy,South,119,87.4,0.0,0.0,10400.6
2025-04-02,G001,Milk 1L,Dairy,East,399,55.87,0.0,0.0,22292.13
2025-08-06,G006,Bananas 1kg,Produce,East,165,38.99,10.0,0.0,5790.02
2025-05-03,G007,Instant Noodles,Packaged Foods,South,690,18.44,5.0,0.0,12087.42
2025-10-03,G002,Bread Loaf,Bakery,North,230,46.25,0.0,0.0,10637.5
2025-08-04,G004,Rice 5kg,Staples,North,61,330.9,0.0,0.0,20184.9
2025-05-10,G006,Bananas 1kg,Produce,East,219,39.04,0.0,0.0,8549.76
2025-01-13,G006,Bananas 1kg,Produce,East,184,39.29,0.0,48.23,7229.36
2025-11-28,G001,Milk 1L,Dairy,South,164,55.93,0.0,0.0,9172.52
2025-07-27,G003,Eggs (12),Dairy,South,166,92.26,10.0,0.0,13783.64
2025-09-12,G002,Bread Loaf,Bakery,East,164,45.44,0.0,0.0,7452.16
2025-01-19,G004,Rice 5kg,Staples,East,51,332.03,0.0,0.0,16933.53
2025-09-04,G003,Eggs (12),Dairy,West,73,92.69,0.0,0.0,6766.37
2025-08-27,G003,Eggs (12),Dairy,North,50,90.79,0.0,0.0,4539.5
2025-03-21,G001,Milk 1L,Dairy,South,123,57.05,10.0,755.42,6315.43
2025-11-11,G006,Bananas 1kg,Produce,East,156,39.9,0.0,0.0,6224.4
2025-07-06,G001,Milk 1L,Dairy,South,220,55.6,0.0,178.83,12232.0
2025-07-12,G007,Instant Noodles,Packaged Foods,West,339,18.01,10.0,0.0,5494.85
2025-09-20,G002,Bread Loaf,Bakery,North,153,44.06,0.0,0.0,6741.18
2025-09-24,G002,Bread Loaf,Bakery,East,206,43.66,0.0,756.19,8993.96
2025-09-25,G001,Milk 1L,Dairy,North,374,56.19,0.0,698.81,21015.06
2025-11-05,G006,Bananas 1kg,Produce,North,106,40.42,10.0,0.0,3856.07
2025-01-24,G007,Instant Noodles,Packaged Foods,North,287,17.52,0.0,0.0,5028.24
2025-06-14,G007,Instant Noodles,Packaged Foods,West,398,17.29,0.0,0.0,6881.42
2025-04-07,G005,Cooking Oil 1L,Staples,East,99,136.19,0.0,117.45,13482.81
2025-09-16,G001,Milk 1L,Dairy,North,227,55.46,10.0,397.62,11330.48
2025-04-10,G005,Cooking Oil 1L,Staples,North,67,138.48,10.0,0.0,8350.34
2025-08-19,G004,Rice 5kg,Staples,West,64,329.02,0.0,0.0,21057.28
2025-11-09,G007,Instant Noodles,Packaged Foods,West,290,18.58,0.0,0.0,5388.2
2025-04-10,G005,Cooking Oil 1L,Staples,East,68,138.41,0.0,0.0,9411.88
2025-09-23,G002,Bread Loaf,Bakery,East,152,46.48,5.0,0.0,6711.71
2025-12-04,G003,Eggs (12),Dairy,East,116,86.81,0.0,491.25,10069.96
2025-01-31,G005,Cooking Oil 1L,Staples,South,80,144.71,0.0,0.0,11576.8
2025-03-31,G002,Bread Loaf,Bakery,South,201,46.2,10.0,0.0,8357.58
2025-01-21,G003,Eggs (12),Dairy,South,71,90.63,0.0,0.0,6434.73
2025-06-27,G005,Cooking Oil 1L,Staples,North,107,137.97,0.0,0.0,14762.79
2025-02-03,G007,Instant Noodles,Packaged Foods,East,311,18.38,0.0,0.0,5716.18
2025-03-24,G007,Instant Noodles,Packaged Foods,North,279,17.8,5.0,0.0,4717.89
2025-03-21,G007,Instant Noodles,Packaged Foods,South,340,17.32,0.0,0.0,5888.8
2025-05-02,G001,Milk 1L,Dairy,South,266,53.34,0.0,797.58,14188.44
2025-12-08,G004,Rice 5kg,Staples,North,50,317.22,0.0,797.3,15861.0
2025-10-01,G007,Instant Noodles,Packaged Foods,South,357,17.58,0.0,0.0,6276.06
2025-03-17,G003,Eggs (12),Dairy,West,129,90.53,0.0,0.0,11678.37
2025-05-23,G005,Cooking Oil 1L,Staples,South,83,140.81,0.0,0.0,11687.23
2025-03-15,G007,Instant Noodles,Packaged Foods,East,401,17.68,0.0,0.0,7089.68
2025-09-14,G007,Instant Noodles,Packaged Foods,North,398,17.29,0.0,0.0,6881.42
2025-05-22,G004,Rice 5kg,Staples,West,54,317.28,5.0,0.0,16276.46
2025-02-26,G001,Milk 1L,Dairy,South,161,53.69,0.0,399.26,8644.09
2025-10-03,G004,Rice 5kg,Staples,East,59,318.0,0.0,0.0,18762.0
2025-08-12,G002,Bread Loaf,Bakery,North,132,43.32,0.0,224.97,5718.24
2025-08-25,G004,Rice 5kg,Staples,South,54,312.26,0.0,0.0,16862.04
2025-12-16,G003,Eggs (12),Dairy,South,83,88.32,0.0,0.0,7330.56
2025-11-08,G007,Instant Noodles,Packaged Foods,North,404,17.5,0.0,0.0,7070.0
2025-08-21,G005,Cooking Oil 1L,Staples,East,92,141.57,0.0,0.0,13024.44
2025-07-11,G006,Bananas 1kg,Produce,West,102,40.73,0.0,0.0,4154.46
2025-04-21,G005,Cooking Oil 1L,Staples,East,81,142.1,0.0,0.0,11510.1
2025-12-17,G007,Instant Noodles,Packaged Foods,West,355,17.45,0.0,0.0,6194.75
2025-03-29,G001,Milk 1L,Dairy,West,367,56.74,5.0,0.0,19782.4
2025-04-12,G004,Rice 5kg,Staples,South,85,326.72,0.0,0.0,27771.2
2025-01-31,G005,Cooking Oil 1L,Staples,West,93,144.09,0.0,634.31,13400.37
2025-06-05,G002,Bread Loaf,Bakery,South,135,45.39,10.0,0.0,5514.89
2025-10-03,G007,Instant Noodles,Packaged Foods,South,368,17.78,0.0,0.0,6543.04
2025-07-16,G002,Bread Loaf,Bakery,West,152,46.64,0.0,0.0,7089.28
2025-08-07,G004,Rice 5kg,Staples,East,53,311.14,0.0,0.0,16490.42
2025-08-26,G002,Bread Loaf,Bakery,North,109,43.31,0.0,0.0,4720.79
2025-12-12,G003,Eggs (12),Dairy,North,79,88.49,0.0,0.0,6990.71
2025-01-08,G007,Instant Noodles,Packaged Foods,East,251,17.96,0.0,0.0,4507.96
2025-01-11,G007,Instant Noodles,Packaged Foods,North,350,17.37,0.0,0.0,6079.5
2025-05-31,G001,Milk 1L,Dairy,North,335,53.32,5.0,0.0,16969.09
2025-03-05,G007,Instant Noodles,Packaged Foods,East,373,17.99,10.0,0.0,6039.24
2025-11-15,G004,Rice 5kg,Staples,East,58,319.47,0.0,715.08,18529.26
2025-11-29,G003,Eggs (12),Dairy,West,136,87.14,10.0,92.56,10665.94
2025-09-02,G005,Cooking Oil 1L,Staples,South,179,141.54,0.0,0.0,25335.66
2025-07-07,G004,Rice 5kg,Staples,South,51,331.49,5.0,0.0,16060.69
2025-07-11,G004,Rice 5kg,Staples,South,60,317.89,10.0,0.0,17166.06
2025-07-06,G007,Instant Noodles,Packaged Foods,West,651,18.58,0.0,226.26,12095.58
2025-11-15,G005,Cooking Oil 1L,Staples,North,84,144.22,5.0,0.0,11508.76
2025-09-11,G007,Instant Noodles,Packaged Foods,West,277,18.52,10.0,0.0,4617.04
2025-01-07,G005,Cooking Oil 1L,Staples,West,63,136.93,0.0,226.01,8626.59
2025-04-26,G003,Eggs (12),Dairy,North,111,86.98,0.0,42.4,9654.78
2025-06-01,G003,Eggs (12),Dairy,East,241,92.18,10.0,0.0,19993.84
2025-12-22,G001,Milk 1L,Dairy,North,99,56.08,10.0,0.0,4996.73
2025-05-04,G004,Rice 5kg,Staples,South,76,330.54,0.0,0.0,25121.04
2025-04-21,G002,Bread Loaf,Bakery,North,118,44.23,0.0,214.56,5219.14
2025-01-09,G005,Cooking Oil 1L,Staples,East,82,144.8,0.0,0.0,11873.6
2025-03-29,G001,Milk 1L,Dairy,South,259,53.98,5.0,0.0,13281.78
2025-01-06,G007,Instant Noodles,Packaged Foods,North,245,18.39,0.0,0.0,4505.55
2025-03-07,G007,Instant Noodles,Packaged Foods,West,276,18.05,0.0,0.0,4981.8
2025-06-09,G006,Bananas 1kg,Produce,East,104,40.64,0.0,0.0,4226.56
2025-02-11,G005,Cooking Oil 1L,Staples,South,90,136.99,0.0,0.0,12329.1
2025-04-16,G003,Eggs (12),Dairy,East,111,87.59,5.0,0.0,9236.37
2025-07-06,G006,Bananas 1kg,Produce,North,237,41.12,0.0,0.0,9745.44
2025-10-30,G005,Cooking Oil 1L,Staples,South,86,139.06,5.0,0.0,11361.2
2025-08-24,G002,Bread Loaf,Bakery,South,236,46.33,5.0,0.0,10387.19
2025-01-15,G001,Milk 1L,Dairy,West,270,53.05,0.0,198.6,14323.5
2025-11-29,G006,Bananas 1kg,Produce,North,274,39.38,0.0,0.0,10790.12
2025-09-21,G007,Instant Noodles,Packaged Foods,East,315,17.68,5.0,0.0,5290.74
2025-12-05,G003,Eggs (12),Dairy,West,84,93.57,0.0,0.0,7859.88
2025-12-09,G003,Eggs (12),Dairy,East,150,89.79,0.0,0.0,13468.5
2025-09-22,G004,Rice 5kg,Staples,West,76,324.13,0.0,0.0,24633.88
2025-01-04,G001,Milk 1L,Dairy,South,312,54.22,0.0,0.0,16916.64
2025-11-25,G003,Eggs (12),Dairy,North,79,89.78,5.0,0.0,6737.99
2025-03-12,G001,Milk 1L,Dairy,North,284,56.22,5.0,0.0,15168.16
2025-11-08,G005,Cooking Oil 1L,Staples,East,144,136.23,0.0,598.69,19617.12
2025-06-18,G006,Bananas 1kg,Produce,North,202,39.03,5.0,0.0,7489.86
2025-02-07,G003,Eggs (12),Dairy,West,81,88.31,0.0,0.0,7153.11
2025-03-22,G006,Bananas 1kg,Produce,East,238,40.84,0.0,0.0,9719.92
2025-09-28,G001,Milk 1L,Dairy,South,185,54.43,0.0,0.0,10069.55
2025-12-03,G004,Rice 5kg,Staples,West,52,310.78,0.0,0.0,16160.56
2025-10-31,G003,Eggs (12),Dairy,West,120,93.22,0.0,0.0,11186.4
2025-05-21,G006,Bananas 1kg,Produce,North,261,40.05,10.0,521.34,9407.74
2025-09-26,G001,Milk 1L,Dairy,East,242,53.71,0.0,191.24,12997.82
2025-02-01,G004,Rice 5kg,Staples,East,79,316.75,0.0,0.0,25023.25
2025-10-13,G004,Rice 5kg,Staples,North,46,315.93,0.0,0.0,14532.78
2025-07-29,G007,Instant Noodles,Packaged Foods,East,264,17.46,0.0,432.77,4609.44
2025-10-28,G004,Rice 5kg,Staples,North,68,307.23,0.0,0.0,20891.64
2025-03-01,G002,Bread Loaf,Bakery,South,228,46.53,0.0,0.0,10608.84
2025-02-09,G003,Eggs (12),Dairy,East,134,90.24,0.0,0.0,12092.16
2025-10-12,G001,Milk 1L,Dairy,West,341,56.13,0.0,0.0,19140.33
2025-08-22,G005,Cooking Oil 1L,Staples,West,111,135.98,0.0,0.0,15093.78
2025-10-17,G005,Cooking Oil 1L,Staples,West,90,140.46,5.0,0.0,12009.33
2025-01-11,G003,Eggs (12),Dairy,North,65,89.26,0.0,0.0,5801.9
2025-11-06,G005,Cooking Oil 1L,Staples,North,93,136.61,0.0,0.0,12704.73
2025-01-31,G003,Eggs (12),Dairy,South,106,93.4,0.0,0.0,9900.4
2025-04-19,G005,Cooking Oil 1L,Staples,West,69,140.87,0.0,0.0,9720.03
2025-06-23,G005,Cooking Oil 1L,Staples,South,55,141.92,0.0,0.0,7805.6
2025-01-22,G006,Bananas 1kg,Produce,North,176,40.61,0.0,0.0,7147.36
2025-07-21,G003,Eggs (12),Dairy,North,88,92.81,0.0,0.0,8167.28
2025-04-26,G003,Eggs (12),Dairy,West,178,89.84,10.0,0.0,14392.37
2025-06-16,G005,Cooking Oil 1L,Staples,South,84,134.58,0.0,0.0,11304.72
2025-11-17,G007,Instant Noodles,Packaged Foods,North,334,17.48,0.0,0.0,5838.32
2025-01-24,G004,Rice 5kg,Staples,North,37,310.01,0.0,0.0,11470.37
2025-11-10,G003,Eggs (12),Dairy,South,100,91.13,0.0,0.0,9113.0
2025-01-19,G001,Milk 1L,Dairy,North,300,53.44,0.0,0.0,16032.0
2025-12-06,G005,Cooking Oil 1L,Staples,East,118,137.62,0.0,0.0,16239.16
2025-04-29,G007,Instant Noodles,Packaged Foods,South,250,17.99,0.0,0.0,4497.5
2025-10-13,G007,Instant Noodles,Packaged Foods,North,329,18.07,0.0,0.0,5945.03
2025-07-13,G006,Bananas 1kg,Produce,East,272,39.37,0.0,0.0,10708.64
2025-12-14,G003,Eggs (12),Dairy,West,173,87.06,0.0,0.0,15061.38
2025-01-26,G002,Bread Loaf,Bakery,East,212,45.27,0.0,0.0,9597.24
2025-05-13,G003,Eggs (12),Dairy,East,136,88.32,0.0,0.0,12011.52
2025-10-08,G005,Cooking Oil 1L,Staples,West,101,141.76,0.0,0.0,14317.76
2025-12-30,G002,Bread Loaf,Bakery,South,112,44.99,0.0,0.0,5038.88
2025-09-25,G007,Instant Noodles,Packaged Foods,East,293,18.09,0.0,0.0,5300.37
2025-06-20,G002,Bread Loaf,Bakery,East,177,43.36,0.0,344.61,7674.72
2025-08-26,G001,Milk 1L,Dairy,East,333,53.42,0.0,0.0,17788.86
2025-12-09,G007,Instant Noodles,Packaged Foods,East,343,18.06,5.0,0.0,5884.85
2025-08-18,G005,Cooking Oil 1L,Staples,South,89,143.77,0.0,0.0,12795.53
2025-05-04,G005,Cooking Oil 1L,Staples,East,95,141.5,0.0,0.0,13442.5
2025-08-06,G002,Bread Loaf,Bakery,North,111,44.66,10.0,0.0,4461.53
2025-11-24,G002,Bread Loaf,Bakery,South,150,44.64,0.0,0.0,6696.0
2025-08-06,G002,Bread Loaf,Bakery,East,168,44.26,0.0,0.0,7435.68
2025-04-15,G002,Bread Loaf,Bakery,North,107,45.61,0.0,0.0,4880.27
2025-12-04,G005,Cooking Oil 1L,Staples,West,89,139.1,0.0,0.0,12379.9
2025-04-27,G007,Instant Noodles,Packaged Foods,East,527,17.73,0.0,0.0,9343.71
2025-10-29,G004,Rice 5kg,Staples,North,61,315.58,0.0,0.0,19250.38
2025-09-04,G006,Bananas 1kg,Produce,South,97,40.22,0.0,0.0,3901.34
2025-11-28,G001,Milk 1L,Dairy,North,240,55.87,0.0,0.0,13408.8
2025-09-23,G006,Bananas 1kg,Produce,East,175,39.88,0.0,0.0,6979.0
2025-08-28,G007,Instant Noodles,Packaged Foods,South,283,18.55,10.0,0.0,4724.69
2025-11-20,G005,Cooking Oil 1L,Staples,North,69,142.73,0.0,0.0,9848.37
2025-12-29,G007,Instant Noodles,Packaged Foods,West,298,17.54,0.0,0.0,5226.92
2025-06-12,G006,Bananas 1kg,Produce,West,132,39.27,0.0,0.0,5183.64
2025-07-15,G007,Instant Noodles,Packaged Foods,West,370,18.03,0.0,0.0,6671.1
2025-06-26,G004,Rice 5kg,Staples,West,38,315.83,0.0,0.0,12001.54
2025-07-19,G004,Rice 5kg,Staples,South,97,325.17,0.0,0.0,31541.49
2025-07-01,G004,Rice 5kg,Staples,South,63,324.97,0.0,0.0,20473.11
2025-08-01,G007,Instant Noodles,Packaged Foods,West,413,17.3,0.0,0.0,7144.9
2025-05-24,G004,Rice 5kg,Staples,North,101,326.47,0.0,0.0,32973.47
2025-07-22,G006,Bananas 1kg,Produce,West,107,39.43,0.0,583.99,4219.01
2025-12-20,G006,Bananas 1kg,Produce,North,268,39.47,0.0,0.0,10577.96
2025-11-11,G005,Cooking Oil 1L,Staples,South,61,139.75,0.0,519.11,8524.75
2025-01-29,G006,Bananas 1kg,Produce,East,143,39.9,0.0,0.0,5705.7
2025-06-12,G007,Instant Noodles,Packaged Foods,East,148,17.49,0.0,0.0,2588.52
2025-01-31,G004,Rice 5kg,Staples,East,42,325.89,0.0,0.0,13687.38
2025-09-04,G001,Milk 1L,Dairy,South,225,54.78,5.0,764.62,11709.22
2025-06-05,G004,Rice 5kg,Staples,South,67,332.7,0.0,0.0,22290.9
2025-02-20,G001,Milk 1L,Dairy,West,202,57.09,0.0,0.0,11532.18
2025-04-13,G002,Bread Loaf,Bakery,East,237,43.51,5.0,0.0,9796.28
2025-10-10,G001,Milk 1L,Dairy,East,258,54.97,0.0,0.0,14182.26
2025-11-06,G007,Instant Noodles,Packaged Foods,South,316,18.32,0.0,0.0,5789.12
2025-10-07,G002,Bread Loaf,Bakery,East,194,44.28,0.0,0.0,8590.32
2025-09-29,G001,Milk 1L,Dairy,East,279,56.62,0.0,0.0,15796.98
2025-04-08,G002,Bread Loaf,Bakery,West,133,44.83,0.0,0.0,5962.39
2025-05-04,G004,Rice 5kg,Staples,North,70,307.24,0.0,0.0,21506.8
2025-09-23,G007,Instant Noodles,Packaged Foods,East,189,17.84,0.0,0.0,3371.76
2025-10-26,G006,Bananas 1kg,Produce,West,164,39.14,0.0,0.0,6418.96
2025-12-26,G001,Milk 1L,Dairy,North,184,54.16,0.0,0.0,9965.44
2025-06-01,G002,Bread Loaf,Bakery,South,248,45.58,0.0,0.0,11303.84
2025-06-04,G005,Cooking Oil 1L,Staples,North,91,145.46,0.0,0.0,13236.86
2025-12-29,G002,Bread Loaf,Bakery,West,120,46.76,0.0,596.98,5611.2
2025-10-18,G002,Bread Loaf,Bakery,South,274,45.33,0.0,0.0,12420.42
2025-10-26,G007,Instant Noodles,Packaged Foods,North,350,17.99,0.0,0.0,6296.5
2025-07-30,G007,Instant Noodles,Packaged Foods,South,206,17.98,10.0,0.0,3333.49
2025-07-25,G005,Cooking Oil 1L,Staples,West,85,139.13,5.0,0.0,11234.75
2025-06-23,G003,Eggs (12),Dairy,North,98,92.81,0.0,0.0,9095.38
2025-09-03,G003,Eggs (12),Dairy,West,169,86.96,0.0,0.0,14696.24
2025-06-04,G006,Bananas 1kg,Produce,East,134,41.38,0.0,0.0,5544.92
2025-05-18,G007,Instant Noodles,Packaged Foods,South,294,18.62,5.0,497.47,5200.57
2025-04-16,G006,Bananas 1kg,Produce,West,93,40.06,5.0,0.0,3539.3
2025-11-10,G007,Instant Noodles,Packaged Foods,West,366,17.68,0.0,0.0,6470.88
2025-02-18,G006,Bananas 1kg,Produce,East,139,39.84,5.0,702.21,5260.87
2025-11-30,G005,Cooking Oil 1L,Staples,West,174,140.68,0.0,0.0,24478.32
2025-11-18,G001,Milk 1L,Dairy,North,210,53.12,0.0,0.0,11155.2
2025-02-09,G004,Rice 5kg,Staples,East,83,314.24,0.0,737.32,26081.92
2025-11-13,G007,Instant Noodles,Packaged Foods,South,317,18.4,0.0,431.71,5832.8
2025-10-24,G004,Rice 5kg,Staples,South,84,313.55,5.0,0.0,25021.29
2025-05-25,G005,Cooking Oil 1L,Staples,West,122,137.39,0.0,0.0,16761.58
2025-05-16,G002,Bread Loaf,Bakery,East,183,44.93,0.0,464.03,8222.19
2025-03-02,G007,Instant Noodles,Packaged Foods,West,585,18.27,0.0,0.0,10687.95
2025-12-21,G003,Eggs (12),Dairy,West,217,92.22,0.0,0.0,20011.74
2025-06-27,G007,Instant Noodles,Packaged Foods,East,361,17.43,5.0,0.0,5977.62
2025-09-06,G006,Bananas 1kg,Produce,West,173,38.91,0.0,142.75,6731.43
2025-03-11,G001,Milk 1L,Dairy,North,206,55.97,0.0,0.0,11529.82
2025-01-10,G007,Instant Noodles,Packaged Foods,North,124,17.78,0.0,759.65,2204.72
2025-02-02,G005,Cooking Oil 1L,Staples,South,122,142.89,0.0,0.0,17432.58
2025-09-08,G006,Bananas 1kg,Produce,East,169,40.18,0.0,0.0,6790.42
2025-08-29,G002,Bread Loaf,Bakery,South,180,43.44,0.0,0.0,7819.2
2025-05-28,G001,Milk 1L,Dairy,South,191,53.94,0.0,0.0,10302.54
2025-07-28,G003,Eggs (12),Dairy,East,120,87.38,0.0,0.0,10485.6
2025-11-10,G002,Bread Loaf,Bakery,West,151,45.53,0.0,0.0,6875.03
2025-11-20,G001,Milk 1L,Dairy,West,226,53.76,0.0,0.0,12149.76
2025-08-02,G005,Cooking Oil 1L,Staples,North,220,141.95,10.0,0.0,28106.1
2025-06-11,G002,Bread Loaf,Bakery,South,176,44.59,0.0,0.0,7847.84
2025-07-03,G004,Rice 5kg,Staples,East,38,323.99,10.0,0.0,11080.46
2025-05-20,G005,Cooking Oil 1L,Staples,East,68,139.77,0.0,0.0,9504.36
2025-08-18,G001,Milk 1L,Dairy,East,302,54.24,0.0,0.0,16380.48
2025-04-29,G006,Bananas 1kg,Produce,South,92,41.53,0.0,0.0,3820.76
2025-11-21,G006,Bananas 1kg,Produce,North,214,38.45,0.0,0.0,8228.3
2025-10-09,G001,Milk 1L,Dairy,West,181,53.53,5.0,0.0,9204.48
2025-05-18,G004,Rice 5kg,Staples,West,62,314.57,0.0,183.95,19503.34
2025-11-03,G006,Bananas 1kg,Produce,North,307,39.03,0.0,0.0,11982.21
2025-08-01,G005,Cooking Oil 1L,Staples,North,143,137.32,0.0,0.0,19636.76
2025-06-02,G001,Milk 1L,Dairy,West,454,57.12,0.0,550.32,25932.48
2025-05-13,G001,Milk 1L,Dairy,East,243,53.67,0.0,0.0,13041.81
2025-11-12,G005,Cooking Oil 1L,Staples,South,79,143.4,0.0,220.73,11328.6
2025-03-16,G004,Rice 5kg,Staples,South,64,330.47,0.0,0.0,21150.08
2025-06-19,G005,Cooking Oil 1L,Staples,North,97,141.51,0.0,0.0,13726.47
2025-03-24,G007,Instant Noodles,Packaged Foods,East,277,18.13,10.0,0.0,4519.81
2025-08-18,G007,Instant Noodles,Packaged Foods,West,377,17.91,0.0,0.0,6752.07
2025-05-17,G001,Milk 1L,Dairy,West,355,54.32,0.0,265.88,19283.6
2025-10-07,G005,Cooking Oil 1L,Staples,West,108,145.34,5.0,0.0,14911.88
2025-09-04,G007,Instant Noodles,Packaged Foods,East,279,17.28,5.0,0.0,4580.06
2025-10-08,G001,Milk 1L,Dairy,West,242,54.04,5.0,420.16,12423.8
2025-03-31,G005,Cooking Oil 1L,Staples,North,93,144.67,5.0,0.0,12781.59
2025-03-19,G002,Bread Loaf,Bakery,West,107,44.32,0.0,206.97,4742.24
2025-02-07,G005,Cooking Oil 1L,Staples,South,48,137.54,0.0,0.0,6601.92
2025-02-22,G004,Rice 5kg,Staples,East,67,315.83,0.0,0.0,21160.61
2025-08-02,G005,Cooking Oil 1L,Staples,East,157,139.12,0.0,0.0,21841.84
2025-01-07,G001,Milk 1L,Dairy,East,163,53.52,5.0,0.0,8287.57
2025-02-18,G007,Instant Noodles,Packaged Foods,North,212,17.68,0.0,799.24,3748.16
2025-07-24,G002,Bread Loaf,Bakery,North,160,45.96,10.0,0.0,6618.24
2025-05-05,G001,Milk 1L,Dairy,North,139,54.46,0.0,0.0,7569.94
2025-12-13,G007,Instant Noodles,Packaged Foods,South,422,18.36,0.0,0.0,7747.92
2025-05-28,G003,Eggs (12),Dairy,North,79,91.71,5.0,0.0,6882.84
2025-08-09,G007,Instant Noodles,Packaged Foods,North,416,18.41,0.0,0.0,7658.56
2025-06-23,G005,Cooking Oil 1L,Staples,West,76,144.72,0.0,0.0,10998.72
2025-06-13,G004,Rice 5kg,Staples,North,57,324.98,0.0,0.0,18523.86
2025-09-13,G007,Instant Noodles,Packaged Foods,North,344,17.86,0.0,0.0,6143.84
2025-07-08,G005,Cooking Oil 1L,Staples,East,73,140.07,0.0,545.94,10225.11
2025-09-28,G002,Bread Loaf,Bakery,South,313,44.66,0.0,0.0,13978.58
2025-07-17,G003,Eggs (12),Dairy,West,91,91.27,0.0,0.0,8305.57
2025-09-16,G005,Cooking Oil 1L,Staples,North,90,139.58,0.0,0.0,12562.2
2025-10-20,G001,Milk 1L,Dairy,West,243,54.87,0.0,0.0,13333.41
2025-01-24,G005,Cooking Oil 1L,Staples,North,88,135.65,0.0,0.0,11937.2
2025-04-25,G006,Bananas 1kg,Produce,South,75,40.84,0.0,280.14,3063.0
2025-04-25,G004,Rice 5kg,Staples,West,45,319.64,0.0,0.0,14383.8
2025-01-16,G005,Cooking Oil 1L,Staples,West,73,135.77,0.0,0.0,9911.21
2025-06-24,G007,Instant Noodles,Packaged Foods,West,341,17.61,0.0,0.0,6005.01
2025-09-20,G007,Instant Noodles,Packaged Foods,East,486,18.39,0.0,0.0,8937.54
2025-02-10,G003,Eggs (12),Dairy,East,117,88.81,0.0,0.0,10390.77
2025-07-20,G001,Milk 1L,Dairy,East,457,55.41,0.0,0.0,25322.37
2025-05-15,G004,Rice 5kg,Staples,North,65,315.38,0.0,0.0,20499.7
2025-12-31,G002,Bread Loaf,Bakery,West,141,44.28,0.0,326.17,6243.48
2025-10-02,G002,Bread Loaf,Bakery,East,204,44.31,0.0,0.0,9039.24
2025-11-29,G006,Bananas 1kg,Produce,East,255,40.51,0.0,0.0,10330.05
2025-10-17,G003,Eggs (12),Dairy,South,89,87.23,0.0,0.0,7763.47
2025-12-07,G001,Milk 1L,Dairy,East,406,54.8,0.0,0.0,22248.8
2025-03-17,G002,Bread Loaf,Bakery,East,180,45.42,0.0,0.0,8175.6
2025-04-17,G007,Instant Noodles,Packaged Foods,West,315,18.45,0.0,0.0,5811.75
2025-03-15,G003,Eggs (12),Dairy,North,125,90.13,0.0,0.0,11266.25
2025-03-03,G002,Bread Loaf,Bakery,South,192,44.37,0.0,529.72,8519.04
2025-01-20,G003,Eggs (12),Dairy,North,35,88.68,10.0,0.0,2793.42
2025-05-18,G007,Instant Noodles,Packaged Foods,East,467,17.77,0.0,0.0,8298.59
2025-05-01,G004,Rice 5kg,Staples,East,77,330.68,0.0,621.94,25462.36
2025-04-08,G007,Instant Noodles,Packaged Foods,East,297,17.31,0.0,0.0,5141.07
2025-12-24,G002,Bread Loaf,Bakery,West,90,46.05,0.0,0.0,4144.5
2025-09-01,G003,Eggs (12),Dairy,East,142,92.36,0.0,0.0,13115.12
2025-08-04,G006,Bananas 1kg,Produce,South,77,41.48,0.0,0.0,3193.96
2025-07-20,G002,Bread Loaf,Bakery,South,297,44.48,0.0,0.0,13210.56
2025-07-05,G001,Milk 1L,Dairy,South,279,53.07,10.0,0.0,13325.88
2025-10-07,G005,Cooking Oil 1L,Staples,East,68,140.63,0.0,0.0,9562.84
2025-10-08,G004,Rice 5kg,Staples,South,42,320.31,0.0,0.0,13453.02
2025-04-25,G007,Instant Noodles,Packaged Foods,South,309,17.86,0.0,797.82,5518.74
2025-10-22,G001,Milk 1L,Dairy,West,143,55.58,0.0,457.09,7947.94
2025-12-23,G002,Bread Loaf,Bakery,North,146,44.69,0.0,0.0,6524.74
2025-04-16,G002,Bread Loaf,Bakery,South,112,44.45,0.0,248.57,4978.4
2025-03-20,G001,Milk 1L,Dairy,East,193,56.32,10.0,0.0,9782.78
2025-07-13,G003,Eggs (12),Dairy,West,125,92.58,10.0,0.0,10415.25
2025-07-12,G002,Bread Loaf,Bakery,North,187,46.65,0.0,0.0,8723.55
2025-12-25,G007,Instant Noodles,Packaged Foods,North,362,18.67,0.0,35.68,6758.54
2025-05-22,G007,Instant Noodles,Packaged Foods,West,255,18.39,0.0,0.0,4689.45
2025-12-23,G007,Instant Noodles,Packaged Foods,East,277,18.32,0.0,0.0,5074.64
2025-05-29,G006,Bananas 1kg,Produce,East,85,39.93,0.0,0.0,3394.05
2025-12-29,G004,Rice 5kg,Staples,North,66,311.65,0.0,0.0,20568.9
2025-03-02,G003,Eggs (12),Dairy,South,159,87.67,0.0,0.0,13939.53
2025-04-23,G002,Bread Loaf,Bakery,South,179,43.81,0.0,0.0,7841.99
2025-01-18,G005,Cooking Oil 1L,Staples,North,83,143.72,10.0,0.0,10735.88
2025-02-15,G006,Bananas 1kg,Produce,West,133,39.59,0.0,0.0,5265.47
2025-09-16,G006,Bananas 1kg,Produce,West,138,40.26,5.0,0.0,5278.09
2025-03-10,G001,Milk 1L,Dairy,East,317,54.22,0.0,0.0,17187.74
2025-02-01,G004,Rice 5kg,Staples,West,79,330.06,0.0,0.0,26074.74
2025-08-24,G001,Milk 1L,Dairy,South,153,53.6,10.0,769.17,7380.72
2025-09-04,G005,Cooking Oil 1L,Staples,South,53,142.65,0.0,669.93,7560.45
2025-06-11,G002,Bread Loaf,Bakery,North,154,43.87,10.0,0.0,6080.38
2025-01-01,G007,Instant Noodles,Packaged Foods,North,568,18.69,0.0,0.0,10615.92
2025-02-20,G004,Rice 5kg,Staples,North,38,318.72,0.0,0.0,12111.36
2025-08-03,G005,Cooking Oil 1L,Staples,South,137,137.95,10.0,0.0,17009.23
2025-09-01,G002,Bread Loaf,Bakery,South,233,46.08,10.0,0.0,9662.98
2025-09-25,G006,Bananas 1kg,Produce,South,141,38.78,10.0,0.0,4921.18
2025-07-04,G005,Cooking Oil 1L,Staples,South,58,142.7,0.0,375.05,8276.6
2025-02-22,G004,Rice 5kg,Staples,West,63,330.47,0.0,8.14,20819.61
2025-06-17,G007,Instant Noodles,Packaged Foods,North,228,17.91,0.0,0.0,4083.48
2025-01-29,G003,Eggs (12),Dairy,West,88,93.19,0.0,0.0,8200.72
2025-01-03,G003,Eggs (12),Dairy,East,210,90.1,0.0,276.22,18921.0
2025-03-06,G003,Eggs (12),Dairy,West,88,91.41,0.0,0.0,8044.08
2025-06-14,G003,Eggs (12),Dairy,West,103,92.29,0.0,0.0,9505.87
2025-06-22,G006,Bananas 1kg,Produce,West,111,41.4,0.0,0.0,4595.4
2025-10-03,G005,Cooking Oil 1L,Staples,South,131,143.05,0.0,421.24,18739.55
2025-02-15,G004,Rice 5kg,Staples,North,80,330.88,0.0,0.0,26470.4
2025-02-08,G002,Bread Loaf,Bakery,East,239,44.65,0.0,0.0,10671.35
2025-05-06,G003,Eggs (12),Dairy,North,72,92.5,0.0,0.0,6660.0
2025-08-22,G001,Milk 1L,Dairy,West,218,53.71,10.0,0.0,10537.9
2025-05-20,G004,Rice 5kg,Staples,North,58,319.03,0.0,0.0,18503.74
2025-01-10,G002,Bread Loaf,Bakery,North,143,45.68,0.0,0.0,6532.24
2025-01-22,G006,Bananas 1kg,Produce,West,92,38.73,0.0,0.0,3563.16
2025-11-04,G003,Eggs (12),Dairy,West,110,87.8,5.0,0.0,9175.1
2025-01-08,G006,Bananas 1kg,Produce,East,169,40.11,0.0,0.0,6778.59
2025-01-13,G001,Milk 1L,Dairy,North,170,54.22,0.0,0.0,9217.4
2025-01-12,G004,Rice 5kg,Staples,South,71,324.98,10.0,0.0,20766.22
2025-08-25,G005,Cooking Oil 1L,Staples,North,98,143.31,10.0,0.0,12639.94
2025-08-05,G004,Rice 5kg,Staples,South,71,325.59,0.0,614.85,23116.89
2025-12-18,G003,Eggs (12),Dairy,West,96,87.56,0.0,0.0,8405.76
2025-07-26,G004,Rice 5kg,Staples,West,69,324.74,0.0,0.0,22407.06
2025-10-25,G003,Eggs (12),Dairy,East,146,90.87,5.0,0.0,12603.67
2025-09-19,G006,Bananas 1kg,Produce,South,110,41.01,5.0,0.0,4285.54
2025-08-07,G004,Rice 5kg,Staples,North,25,312.96,0.0,0.0,7824.0
2025-05-27,G002,Bread Loaf,Bakery,North,160,43.37,0.0,0.0,6939.2
2025-09-08,G001,Milk 1L,Dairy,South,92,56.03,0.0,0.0,5154.76
2025-12-22,G003,Eggs (12),Dairy,South,91,89.75,5.0,0.0,7758.89
2025-04-26,G004,Rice 5kg,Staples,South,66,313.57,0.0,0.0,20695.62
2025-10-22,G005,Cooking Oil 1L,Staples,East,59,144.79,0.0,0.0,8542.61
2025-02-21,G003,Eggs (12),Dairy,East,118,86.93,0.0,0.0,10257.74
2025-09-01,G007,Instant Noodles,Packaged Foods,South,300,17.82,5.0,0.0,5078.7
2025-04-10,G003,Eggs (12),Dairy,West,91,92.89,0.0,0.0,8452.99
2025-02-04,G001,Milk 1L,Dairy,North,229,56.86,0.0,344.0,13020.94
2025-05-23,G003,Eggs (12),Dairy,South,53,93.31,10.0,0.0,4450.89
2025-11-22,G002,Bread Loaf,Bakery,South,189,44.64,5.0,663.2,8015.11
2025-01-31,G005,Cooking Oil 1L,Staples,North,98,140.64,10.0,0.0,12404.45
2025-11-28,G002,Bread Loaf,Bakery,East,272,46.04,0.0,0.0,12522.88
2025-06-05,G006,Bananas 1kg,Produce,West,78,38.53,0.0,0.0,3005.34
2025-09-28,G003,Eggs (12),Dairy,East,107,90.26,5.0,0.0,9174.93
2025-01-26,G004,Rice 5kg,Staples,East,51,329.43,10.0,355.61,15120.84
2025-01-25,G003,Eggs (12),Dairy,West,124,92.47,0.0,182.89,11466.28
2025-11-13,G006,Bananas 1kg,Produce,West,71,39.93,0.0,0.0,2835.03
2025-08-26,G003,Eggs (12),Dairy,East,122,91.55,5.0,0.0,10610.65
2025-10-10,G007,Instant Noodles,Packaged Foods,South,279,18.11,0.0,0.0,5052.69
2025-03-22,G001,Milk 1L,Dairy,South,241,56.41,0.0,0.0,13594.81
2025-02-20,G004,Rice 5kg,Staples,South,52,315.81,0.0,0.0,16422.12
2025-05-31,G002,Bread Loaf,Bakery,West,200,43.74,0.0,0.0,8748.0
2025-01-24,G007,Instant Noodles,Packaged Foods,East,208,17.69,0.0,0.0,3679.52
2025-06-24,G005,Cooking Oil 1L,Staples,West,98,135.83,0.0,0.0,13311.34
2025-12-09,G007,Instant Noodles,Packaged Foods,West,167,17.59,0.0,0.0,2937.53
2025-10-03,G006,Bananas 1kg,Produce,North,295,40.72,0.0,0.0,12012.4
2025-09-08,G005,Cooking Oil 1L,Staples,South,58,135.79,5.0,0.0,7482.03
2025-04-28,G006,Bananas 1kg,Produce,South,63,39.36,0.0,0.0,2479.68
2025-02-10,G002,Bread Loaf,Bakery,South,188,46.73,0.0,0.0,8785.24
2025-03-08,G007,Instant Noodles,Packaged Foods,South,352,17.38,0.0,0.0,6117.76
2025-06-08,G003,Eggs (12),Dairy,North,112,87.3,0.0,0.0,9777.6
2025-02-08,G002,Bread Loaf,Bakery,South,199,43.86,0.0,0.0,8728.14
2025-05-02,G004,Rice 5kg,Staples,North,86,313.49,0.0,0.0,26960.14
2025-12-31,G005,Cooking Oil 1L,Staples,West,95,142.3,0.0,0.0,13518.5
2025-09-09,G002,Bread Loaf,Bakery,South,131,46.41,0.0,0.0,6079.71
2025-11-07,G003,Eggs (12),Dairy,East,113,88.96,0.0,48.9,10052.48
2025-10-20,G003,Eggs (12),Dairy,West,64,90.75,0.0,0.0,5808.0
2025-05-17,G003,Eggs (12),Dairy,North,137,91.51,0.0,0.0,12536.87
2025-10-10,G002,Bread Loaf,Bakery,South,100,44.86,0.0,0.0,4486.0
2025-08-11,G001,Milk 1L,Dairy,East,353,54.44,0.0,0.0,19217.32
2025-09-20,G003,Eggs (12),Dairy,North,135,88.49,5.0,0.0,11348.84
2025-01-10,G001,Milk 1L,Dairy,East,238,56.44,0.0,0.0,13432.72
2025-02-26,G003,Eggs (12),Dairy,South,88,87.84,5.0,0.0,7343.42
2025-01-04,G003,Eggs (12),Dairy,West,99,88.71,0.0,0.0,8782.29
2025-08-05,G002,Bread Loaf,Bakery,East,239,43.44,0.0,36.47,10382.16
2025-09-05,G004,Rice 5kg,Staples,South,32,327.9,0.0,0.0,10492.8
2025-04-29,G005,Cooking Oil 1L,Staples,East,94,139.01,0.0,0.0,13066.94
2025-05-16,G001,Milk 1L,Dairy,South,188,55.54,0.0,0.0,10441.52
2025-03-22,G007,Instant Noodles,Packaged Foods,North,335,18.68,0.0,0.0,6257.8
2025-05-26,G004,Rice 5kg,Staples,North,47,314.42,0.0,0.0,14777.74
2025-06-13,G005,Cooking Oil 1L,Staples,South,77,134.57,0.0,0.0,10361.89
2025-08-06,G002,Bread Loaf,Bakery,West,119,46.14,0.0,0.0,5490.66
2025-06-20,G001,Milk 1L,Dairy,South,174,56.27,0.0,0.0,9790.98
2025-07-22,G005,Cooking Oil 1L,Staples,West,86,142.35,0.0,0.0,12242.1
2025-03-14,G001,Milk 1L,Dairy,North,313,54.46,0.0,0.0,17045.98
2025-03-21,G001,Milk 1L,Dairy,East,270,57.16,10.0,0.0,13889.88
2025-06-06,G001,Milk 1L,Dairy,North,296,56.02,0.0,0.0,16581.92
2025-09-19,G002,Bread Loaf,Bakery,West,168,44.75,0.0,0.0,7518.0
2025-11-13,G003,Eggs (12),Dairy,North,67,92.91,0.0,0.0,6224.97
2025-05-18,G006,Bananas 1kg,Produce,West,73,41.02,0.0,0.0,2994.46
2025-10-06,G003,Eggs (12),Dairy,South,89,91.81,0.0,0.0,8171.09
2025-08-06,G005,Cooking Oil 1L,Staples,East,88,144.14,0.0,0.0,12684.32
2025-12-08,G003,Eggs (12),Dairy,South,99,87.05,0.0,0.0,8617.95
2025-07-11,G007,Instant Noodles,Packaged Foods,West,353,18.04,0.0,0.0,6368.12
2025-04-13,G003,Eggs (12),Dairy,West,128,88.53,0.0,0.0,11331.84
2025-01-25,G007,Instant Noodles,Packaged Foods,West,541,18.49,0.0,296.85,10003.09
2025-09-09,G003,Eggs (12),Dairy,South,68,86.97,5.0,50.61,5618.26
2025-07-25,G006,Bananas 1kg,Produce,East,119,40.33,0.0,0.0,4799.27
2025-11-20,G007,Instant Noodles,Packaged Foods,West,275,17.44,0.0,0.0,4796.0
2025-09-20,G001,Milk 1L,Dairy,North,459,56.63,0.0,0.0,25993.17
2025-01-06,G002,Bread Loaf,Bakery,North,169,44.78,5.0,0.0,7189.43
2025-06-23,G004,Rice 5kg,Staples,East,43,328.05,0.0,0.0,14106.15
2025-01-01,G005,Cooking Oil 1L,Staples,West,123,142.57,0.0,0.0,17536.11
2025-04-01,G001,Milk 1L,Dairy,South,236,55.12,0.0,0.0,13008.32
2025-09-24,G006,Bananas 1kg,Produce,East,170,39.1,0.0,0.0,6647.0
2025-10-26,G002,Bread Loaf,Bakery,North,164,44.62,0.0,0.0,7317.68
2025-01-05,G006,Bananas 1kg,Produce,South,158,40.58,0.0,0.0,6411.64
2025-11-08,G001,Milk 1L,Dairy,South,236,55.58,0.0,425.41,13116.88
2025-06-28,G006,Bananas 1kg,Produce,West,187,38.79,10.0,0.0,6528.36
2025-04-07,G003,Eggs (12),Dairy,South,88,91.0,5.0,377.73,7607.6
2025-06-16,G004,Rice 5kg,Staples,North,69,321.0,0.0,0.0,22149.0
2025-10-26,G002,Bread Loaf,Bakery,West,242,43.42,10.0,0.0,9456.88
2025-04-09,G002,Bread Loaf,Bakery,South,201,44.71,10.0,0.0,8088.04
2025-10-20,G006,Bananas 1kg,Produce,South,132,39.71,10.0,0.0,4717.55
2025-07-14,G007,Instant Noodles,Packaged Foods,South,185,17.37,0.0,0.0,3213.45
2025-03-04,G005,Cooking Oil 1L,Staples,West,70,144.73,0.0,0.0,10131.1
2025-07-10,G005,Cooking Oil 1L,Staples,West,100,143.02,10.0,0.0,12871.8
2025-05-22,G005,Cooking Oil 1L,Staples,West,62,137.53,0.0,0.0,8526.86
2025-07-22,G005,Cooking Oil 1L,Staples,South,76,140.94,0.0,0.0,10711.44
2025-10-17,G002,Bread Loaf,Bakery,North,141,43.51,0.0,0.0,6134.91
2025-01-15,G006,Bananas 1kg,Produce,East,121,41.49,0.0,0.0,5020.29
2025-10-04,G001,Milk 1L,Dairy,West,331,53.63,0.0,0.0,17751.53
2025-10-03,G007,Instant Noodles,Packaged Foods,West,413,17.54,0.0,0.0,7244.02
2025-08-06,G001,Milk 1L,Dairy,North,292,56.26,5.0,0.0,15606.52
2025-03-21,G003,Eggs (12),Dairy,South,89,90.23,0.0,496.88,8030.47
2025-03-07,G006,Bananas 1kg,Produce,East,220,39.15,0.0,0.0,8613.0
2025-05-04,G005,Cooking Oil 1L,Staples,North,176,136.12,0.0,0.0,23957.12
2025-07-15,G004,Rice 5kg,Staples,West,56,325.0,0.0,0.0,18200.0
2025-03-17,G007,Instant Noodles,Packaged Foods,East,203,18.49,0.0,0.0,3753.47
2025-10-21,G003,Eggs (12),Dairy,West,115,89.86,0.0,154.13,10333.9
2025-08-17,G002,Bread Loaf,Bakery,East,222,44.57,0.0,0.0,9894.54
2025-09-24,G004,Rice 5kg,Staples,South,90,321.39,5.0,0.0,27478.84
2025-03-12,G005,Cooking Oil 1L,Staples,South,63,144.91,5.0,0.0,8672.86
2025-06-22,G003,Eggs (12),Dairy,South,140,87.71,0.0,0.0,12279.4
2025-05-14,G002,Bread Loaf,Bakery,East,190,44.01,0.0,0.0,8361.9
2025-11-16,G006,Bananas 1kg,Produce,East,114,41.57,0.0,0.0,4738.98
2025-09-25,G003,Eggs (12),Dairy,South,115,89.01,0.0,0.0,10236.15
2025-02-03,G005,Cooking Oil 1L,Staples,South,123,143.86,5.0,0.0,16810.04
2025-10-17,G001,Milk 1L,Dairy,West,243,53.56,0.0,0.0,13015.08
2025-01-10,G002,Bread Loaf,Bakery,East,188,46.6,0.0,0.0,8760.8
2025-03-07,G007,Instant Noodles,Packaged Foods,East,193,18.02,0.0,0.0,3477.86
2025-06-16,G003,Eggs (12),Dairy,West,79,86.41,0.0,85.67,6826.39
2025-02-22,G006,Bananas 1kg,Produce,East,215,39.69,0.0,0.0,8533.35
2025-08-03,G002,Bread Loaf,Bakery,East,485,45.18,0.0,0.0,21912.3
2025-04-24,G002,Bread Loaf,Bakery,East,108,44.9,0.0,545.79,4849.2
2025-02-17,G003,Eggs (12),Dairy,South,70,92.77,0.0,0.0,6493.9
2025-07-10,G006,Bananas 1kg,Produce,South,112,39.55,10.0,0.0,3986.64
2025-10-07,G006,Bananas 1kg,Produce,South,92,39.08,10.0,0.0,3235.82
2025-03-18,G004,Rice 5kg,Staples,South,50,307.83,5.0,0.0,14621.92
2025-01-03,G002,Bread Loaf,Bakery,East,307,43.24,0.0,0.0,13274.68
2025-06-17,G002,Bread Loaf,Bakery,South,110,44.1,0.0,0.0,4851.0
2025-05-20,G005,Cooking Oil 1L,Staples,West,98,136.75,0.0,0.0,13401.5
2025-05-06,G002,Bread Loaf,Bakery,East,88,45.79,0.0,0.0,4029.52
2025-03-08,G001,Milk 1L,Dairy,West,335,53.54,10.0,0.0,16142.31
2025-02-07,G002,Bread Loaf,Bakery,South,106,43.81,0.0,0.0,4643.86
2025-06-14,G007,Instant Noodles,Packaged Foods,East,358,17.79,10.0,0.0,5731.94
2025-02-16,G007,Instant Noodles,Packaged Foods,East,356,18.7,0.0,0.0,6657.2
2025-07-28,G007,Instant Noodles,Packaged Foods,East,338,18.24,0.0,0.0,6165.12
2025-09-07,G002,Bread Loaf,Bakery,South,193,45.51,0.0,208.44,8783.43
2025-05-29,G004,Rice 5kg,Staples,North,37,323.08,10.0,0.0,10758.56
2025-01-28,G001,Milk 1L,Dairy,South,212,55.17,0.0,0.0,11696.04
2025-07-11,G005,Cooking Oil 1L,Staples,North,70,145.28,0.0,0.0,10169.6
2025-08-10,G006,Bananas 1kg,Produce,West,135,41.5,5.0,0.0,5322.38
2025-08-06,G007,Instant Noodles,Packaged Foods,South,285,17.52,10.0,0.0,4493.88
2025-12-07,G005,Cooking Oil 1L,Staples,North,90,141.41,0.0,0.0,12726.9
2025-04-21,G006,Bananas 1kg,Produce,East,173,41.47,0.0,304.47,7174.31
2025-05-17,G001,Milk 1L,Dairy,North,212,54.64,0.0,0.0,11583.68
2025-12-23,G003,Eggs (12),Dairy,South,89,86.58,0.0,0.0,7705.62
2025-12-08,G002,Bread Loaf,Bakery,South,120,44.21,0.0,499.17,5305.2
2025-03-08,G003,Eggs (12),Dairy,East,122,92.72,0.0,668.1,11311.84
2025-10-05,G002,Bread Loaf,Bakery,North,199,43.48,10.0,0.0,7787.27
2025-11-23,G004,Rice 5kg,Staples,South,69,332.08,10.0,0.0,20622.17
2025-09-12,G006,Bananas 1kg,Produce,South,113,41.1,10.0,0.0,4179.87
2025-01-20,G007,Instant Noodles,Packaged Foods,South,281,18.68,0.0,0.0,5249.08
2025-11-14,G005,Cooking Oil 1L,Staples,North,72,140.3,10.0,0.0,9091.44
2025-07-06,G007,Instant Noodles,Packaged Foods,South,411,17.69,0.0,385.03,7270.59
2025-12-17,G002,Bread Loaf,Bakery,South,107,45.23,0.0,0.0,4839.61
2025-05-01,G005,Cooking Oil 1L,Staples,West,120,139.05,0.0,0.0,16686.0
2025-02-27,G004,Rice 5kg,Staples,West,24,331.5,10.0,0.0,7160.4
2025-08-08,G003,Eggs (12),Dairy,South,112,89.36,0.0,0.0,10008.32
2025-02-28,G006,Bananas 1kg,Produce,West,123,41.02,0.0,0.0,5045.46
2025-09-10,G002,Bread Loaf,Bakery,East,184,46.79,0.0,0.0,8609.36
2025-08-25,G001,Milk 1L,Dairy,South,245,56.39,0.0,0.0,13815.55
2025-08-12,G002,Bread Loaf,Bakery,West,149,43.33,5.0,0.0,6133.36
2025-05-18,G003,Eggs (12),Dairy,South,165,93.6,5.0,0.0,14671.8
2025-07-12,G006,Bananas 1kg,Produce,South,114,41.09,0.0,756.91,4684.26
2025-10-21,G001,Milk 1L,Dairy,East,295,53.89,5.0,0.0,15102.67
2025-02-06,G007,Instant Noodles,Packaged Foods,North,196,17.5,0.0,67.83,3430.0
2025-08-14,G001,Milk 1L,Dairy,West,174,55.31,5.0,0.0,9142.74
2025-01-30,G006,Bananas 1kg,Produce,South,100,41.26,5.0,0.0,3919.7
2025-12-13,G002,Bread Loaf,Bakery,South,246,44.84,0.0,362.48,11030.64
2025-07-10,G002,Bread Loaf,Bakery,South,160,45.14,10.0,0.0,6500.16
2025-07-31,G007,Instant Noodles,Packaged Foods,East,383,17.81,0.0,0.0,6821.23
2025-08-29,G001,Milk 1L,Dairy,North,247,56.33,0.0,0.0,13913.51
2025-07-12,G004,Rice 5kg,Staples,South,85,329.76,0.0,0.0,28029.6
2025-12-23,G001,Milk 1L,Dairy,South,208,54.46,0.0,0.0,11327.68
2025-11-30,G001,Milk 1L,Dairy,West,312,56.51,0.0,0.0,17631.12
2025-12-27,G001,Milk 1L,Dairy,South,179,54.02,0.0,0.0,9669.58
2025-03-31,G003,Eggs (12),Dairy,East,80,87.87,0.0,0.0,7029.6
2025-11-13,G004,Rice 5kg,Staples,West,49,314.02,0.0,0.0,15386.98
2025-09-28,G007,Instant Noodles,Packaged Foods,South,357,17.31,0.0,0.0,6179.67
2025-10-15,G007,Instant Noodles,Packaged Foods,North,184,17.95,0.0,0.0,3302.8
2025-02-19,G005,Cooking Oil 1L,Staples,West,68,140.88,0.0,0.0,9579.84
2025-12-13,G001,Milk 1L,Dairy,South,230,54.9,0.0,423.54,12627.0
2025-05-30,G003,Eggs (12),Dairy,North,86,92.85,0.0,0.0,7985.1
2025-09-16,G003,Eggs (12),Dairy,West,75,91.65,0.0,0.0,6873.75
2025-01-03,G002,Bread Loaf,Bakery,West,211,45.88,0.0,18.84,9680.68
2025-08-19,G006,Bananas 1kg,Produce,North,201,41.5,0.0,0.0,8341.5
2025-05-16,G005,Cooking Oil 1L,Staples,East,49,139.38,0.0,0.0,6829.62
2025-01-15,G006,Bananas 1kg,Produce,North,147,39.92,10.0,0.0,5281.42
2025-05-06,G003,Eggs (12),Dairy,West,117,90.2,0.0,0.0,10553.4
2025-06-19,G004,Rice 5kg,Staples,North,36,320.13,0.0,0.0,11524.68
2025-05-28,G002,Bread Loaf,Bakery,North,196,43.57,0.0,0.0,8539.72
2025-07-01,G003,Eggs (12),Dairy,West,173,91.79,0.0,0.0,15879.67
2025-09-03,G004,Rice 5kg,Staples,South,114,308.23,0.0,742.2,35138.22
2025-05-14,G006,Bananas 1kg,Produce,East,159,40.67,0.0,0.0,6466.53
2025-05-17,G005,Cooking Oil 1L,Staples,West,101,139.6,10.0,512.33,12689.64
2025-02-13,G006,Bananas 1kg,Produce,East,139,39.44,10.0,0.0,4933.94
2025-07-28,G004,Rice 5kg,Staples,East,20,321.41,0.0,0.0,6428.2
2025-03-13,G006,Bananas 1kg,Produce,South,91,39.01,5.0,0.0,3372.41
2025-10-25,G004,Rice 5kg,Staples,East,70,330.07,0.0,0.0,23104.9
2025-04-06,G007,Instant Noodles,Packaged Foods,South,340,17.49,0.0,0.0,5946.6
2025-03-21,G005,Cooking Oil 1L,Staples,West,117,137.9,0.0,0.0,16134.3
2025-08-17,G001,Milk 1L,Dairy,East,213,55.38,0.0,0.0,11795.94
2025-04-12,G001,Milk 1L,Dairy,East,215,56.22,0.0,0.0,12087.3
2025-06-14,G001,Milk 1L,Dairy,South,161,53.55,5.0,0.0,8190.47
2025-12-19,G001,Milk 1L,Dairy,West,251,53.87,0.0,608.92,13521.37
2025-04-04,G005,Cooking Oil 1L,Staples,South,66,134.53,0.0,0.0,8878.98
2025-08-21,G002,Bread Loaf,Bakery,South,119,43.59,0.0,0.0,5187.21
2025-02-28,G001,Milk 1L,Dairy,North,238,56.45,0.0,0.0,13435.1
2025-06-13,G002,Bread Loaf,Bakery,West,152,43.33,0.0,0.0,6586.16
2025-06-08,G007,Instant Noodles,Packaged Foods,East,500,18.03,0.0,0.0,9015.0
2025-09-19,G004,Rice 5kg,Staples,West,44,319.51,0.0,652.91,14058.44
2025-09-05,G001,Milk 1L,Dairy,South,255,53.96,0.0,0.0,13759.8
2025-08-24,G006,Bananas 1kg,Produce,North,192,40.84,0.0,380.47,7841.28
2025-11-21,G003,Eggs (12),Dairy,East,137,91.15,0.0,0.0,12487.55
2025-02-13,G003,Eggs (12),Dairy,North,73,92.62,0.0,0.0,6761.26
2025-06-28,G007,Instant Noodles,Packaged Foods,North,305,17.63,0.0,0.0,5377.15
2025-06-20,G004,Rice 5kg,Staples,East,46,321.81,0.0,0.0,14803.26
2025-01-22,G003,Eggs (12),Dairy,East,96,89.4,10.0,0.0,7724.16
2025-06-20,G007,Instant Noodles,Packaged Foods,East,275,18.21,0.0,0.0,5007.75
2025-08-02,G005,Cooking Oil 1L,Staples,South,134,140.63,0.0,0.0,18844.42
2025-09-14,G004,Rice 5kg,Staples,West,75,323.68,10.0,265.36,21848.4
2025-09-20,G005,Cooking Oil 1L,Staples,North,176,137.95,0.0,0.0,24279.2
2025-05-20,G005,Cooking Oil 1L,Staples,North,77,143.02,0.0,0.0,11012.54
2025-12-14,G006,Bananas 1kg,Produce,South,142,40.2,5.0,0.0,5422.98
2025-01-17,G004,Rice 5kg,Staples,North,59,313.56,10.0,0.0,16650.04
2025-12-05,G007,Instant Noodles,Packaged Foods,East,298,17.64,0.0,0.0,5256.72
2025-01-12,G004,Rice 5kg,Staples,East,67,327.13,0.0,0.0,21917.71
2025-04-09,G004,Rice 5kg,Staples,East,42,308.77,0.0,0.0,12968.34
2025-11-29,G002,Bread Loaf,Bakery,East,246,45.7,0.0,0.0,11242.2
2025-07-01,G005,Cooking Oil 1L,Staples,East,141,135.15,0.0,0.0,19056.15
2025-10-24,G007,Instant Noodles,Packaged Foods,South,349,18.52,10.0,0.0,5817.13
2025-12-16,G004,Rice 5kg,Staples,South,46,328.5,0.0,0.0,15111.0
2025-10-30,G007,Instant Noodles,Packaged Foods,East,300,18.72,0.0,0.0,5616.0
2025-10-15,G006,Bananas 1kg,Produce,West,118,41.03,10.0,0.0,4357.39
2025-05-11,G001,Milk 1L,Dairy,East,400,54.61,0.0,0.0,21844.0
2025-07-10,G006,Bananas 1kg,Produce,North,185,39.16,0.0,0.0,7244.6
2025-07-02,G001,Milk 1L,Dairy,North,314,53.37,0.0,0.0,16758.18
2025-10-19,G007,Instant Noodles,Packaged Foods,North,211,18.68,0.0,0.0,3941.48
2025-09-30,G002,Bread Loaf,Bakery,South,221,43.31,5.0,0.0,9092.93
2025-10-12,G003,Eggs (12),Dairy,East,153,92.04,10.0,0.0,12673.91
2025-06-16,G001,Milk 1L,Dairy,North,276,54.53,0.0,0.0,15050.28
2025-08-08,G005,Cooking Oil 1L,Staples,East,57,135.63,0.0,0.0,7730.91
2025-10-07,G003,Eggs (12),Dairy,West,97,92.7,5.0,0.0,8542.3
2025-07-17,G005,Cooking Oil 1L,Staples,South,49,140.3,0.0,0.0,6874.7
2025-01-01,G003,Eggs (12),Dairy,East,195,86.61,0.0,0.0,16888.95
2025-05-20,G002,Bread Loaf,Bakery,South,167,45.91,0.0,0.0,7666.97
2025-04-05,G007,Instant Noodles,Packaged Foods,South,310,18.33,0.0,0.0,5682.3
2025-10-25,G002,Bread Loaf,Bakery,East,249,45.53,5.0,495.42,10770.12
2025-08-21,G002,Bread Loaf,Bakery,North,132,43.6,0.0,0.0,5755.2
2025-04-15,G002,Bread Loaf,Bakery,South,47,45.22,0.0,0.0,2125.34
2025-10-18,G002,Bread Loaf,Bakery,West,232,45.37,0.0,0.0,10525.84
2025-01-02,G005,Cooking Oil 1L,Staples,East,113,139.83,0.0,0.0,15800.79
2025-09-19,G005,Cooking Oil 1L,Staples,North,31,142.83,0.0,0.0,4427.73
2025-06-02,G005,Cooking Oil 1L,Staples,West,153,142.29,0.0,0.0,21770.37
2025-11-30,G006,Bananas 1kg,Produce,East,243,39.59,5.0,0.0,9139.35
2025-09-13,G001,Milk 1L,Dairy,South,172,55.69,0.0,0.0,9578.68
2025-06-25,G001,Milk 1L,Dairy,West,272,55.85,0.0,0.0,15191.2
2025-07-07,G005,Cooking Oil 1L,Staples,North,63,134.66,0.0,0.0,8483.58
2025-10-15,G002,Bread Loaf,Bakery,West,157,45.18,0.0,0.0,7093.26
2025-07-08,G002,Bread Loaf,Bakery,South,192,43.25,10.0,0.0,7473.6
2025-02-13,G003,Eggs (12),Dairy,South,102,86.58,0.0,547.87,8831.16
2025-03-21,G006,Bananas 1kg,Produce,East,208,38.72,0.0,0.0,8053.76
2025-08-11,G002,Bread Loaf,Bakery,North,143,44.72,5.0,0.0,6075.21
2025-08-03,G001,Milk 1L,Dairy,East,673,55.91,0.0,0.0,37627.43
2025-03-27,G004,Rice 5kg,Staples,South,49,317.89,0.0,0.0,15576.61
2025-08-22,G007,Instant Noodles,Packaged Foods,West,299,17.51,0.0,496.68,5235.49
2025-03-19,G003,Eggs (12),Dairy,North,72,89.72,0.0,0.0,6459.84
2025-09-14,G003,Eggs (12),Dairy,East,175,92.56,0.0,0.0,16198.0
2025-03-09,G006,Bananas 1kg,Produce,North,193,40.56,0.0,0.0,7828.08
2025-04-22,G002,Bread Loaf,Bakery,West,103,46.66,10.0,0.0,4325.38
2025-08-04,G005,Cooking Oil 1L,Staples,East,97,144.3,0.0,0.0,13997.1
2025-05-23,G005,Cooking Oil 1L,Staples,North,70,138.27,0.0,0.0,9678.9
2025-12-28,G007,Instant Noodles,Packaged Foods,West,456,18.67,0.0,0.0,8513.52
2025-06-19,G007,Instant Noodles,Packaged Foods,South,286,18.42,10.0,0.0,4741.31
2025-07-10,G007,Instant Noodles,Packaged Foods,West,351,17.31,0.0,0.0,6075.81
2025-10-07,G007,Instant Noodles,Packaged Foods,North,361,18.12,0.0,0.0,6541.32
2025-04-20,G002,Bread Loaf,Bakery,West,196,44.48,0.0,0.0,8718.08
2025-11-11,G003,Eggs (12),Dairy,South,106,87.08,0.0,0.0,9230.48
2025-12-06,G004,Rice 5kg,Staples,North,99,319.92,0.0,0.0,31672.08
2025-03-20,G006,Bananas 1kg,Produce,East,93,38.99,0.0,0.0,3626.07
2025-01-11,G004,Rice 5kg,Staples,North,66,308.75,10.0,0.0,18339.75
2025-06-07,G003,Eggs (12),Dairy,East,169,86.78,10.0,0.0,13199.24
2025-09-16,G007,Instant Noodles,Packaged Foods,South,358,17.3,10.0,0.0,5574.06
2025-12-08,G006,Bananas 1kg,Produce,South,124,39.44,0.0,0.0,4890.56
2025-08-07,G002,Bread Loaf,Bakery,South,174,45.49,0.0,0.0,7915.26
2025-06-30,G007,Instant Noodles,Packaged Foods,North,209,17.82,5.0,0.0,3538.16
2025-06-30,G006,Bananas 1kg,Produce,South,126,40.53,5.0,0.0,4851.44
2025-09-05,G006,Bananas 1kg,Produce,North,200,41.32,10.0,0.0,7437.6
2025-03-19,G001,Milk 1L,Dairy,South,153,56.74,0.0,0.0,8681.22
2025-10-04,G004,Rice 5kg,Staples,North,60,315.15,0.0,0.0,18909.0
2025-08-19,G002,Bread Loaf,Bakery,South,126,46.65,0.0,0.0,5877.9
2025-02-10,G006,Bananas 1kg,Produce,North,144,38.52,0.0,0.0,5546.88
2025-11-18,G003,Eggs (12),Dairy,North,83,91.4,0.0,0.0,7586.2
2025-05-13,G007,Instant Noodles,Packaged Foods,South,276,17.7,5.0,0.0,4640.94
2025-09-22,G006,Bananas 1kg,Produce,West,117,39.35,0.0,0.0,4603.95
2025-10-09,G004,Rice 5kg,Staples,South,64,324.13,0.0,0.0,20744.32
2025-12-12,G005,Cooking Oil 1L,Staples,South,98,144.41,10.0,0.0,12736.96
2025-06-21,G004,Rice 5kg,Staples,North,84,322.54,0.0,0.0,27093.36
2025-11-25,G004,Rice 5kg,Staples,West,58,321.93,0.0,0.0,18671.94
2025-10-13,G007,Instant Noodles,Packaged Foods,South,238,18.34,0.0,0.0,4364.92
2025-10-11,G006,Bananas 1kg,Produce,South,156,41.0,0.0,0.0,6396.0
2025-04-28,G006,Bananas 1kg,Produce,West,123,39.38,0.0,0.0,4843.74
2025-01-21,G005,Cooking Oil 1L,Staples,North,79,134.72,0.0,0.0,10642.88
2025-07-31,G002,Bread Loaf,Bakery,West,102,45.91,0.0,0.0,4682.82
2025-01-17,G003,Eggs (12),Dairy,West,95,92.97,10.0,0.0,7948.93
2025-12-16,G007,Instant Noodles,Packaged Foods,West,320,18.37,0.0,0.0,5878.4
2025-04-03,G003,Eggs (12),Dairy,North,82,89.89,0.0,657.92,7370.98
2025-09-09,G003,Eggs (12),Dairy,North,89,86.75,10.0,0.0,6948.68
2025-05-03,G004,Rice 5kg,Staples,South,151,331.84,0.0,572.63,50107.84
2025-05-19,G006,Bananas 1kg,Produce,East,176,40.36,0.0,0.0,7103.36
2025-05-27,G004,Rice 5kg,Staples,West,58,312.07,0.0,0.0,18100.06
2025-11-07,G006,Bananas 1kg,Produce,East,154,39.68,0.0,0.0,6110.72
2025-06-30,G004,Rice 5kg,Staples,South,63,324.07,0.0,0.0,20416.41
2025-02-11,G001,Milk 1L,Dairy,North,194,54.61,0.0,0.0,10594.34
2025-11-12,G004,Rice 5kg,Staples,East,60,329.59,0.0,0.0,19775.4
2025-12-19,G003,Eggs (12),Dairy,South,98,91.04,0.0,0.0,8921.92
2025-10-23,G001,Milk 1L,Dairy,West,357,57.06,0.0,0.0,20370.42
2025-11-11,G005,Cooking Oil 1L,Staples,East,81,145.53,0.0,0.0,11787.93
2025-03-30,G007,Instant Noodles,Packaged Foods,North,421,18.51,0.0,0.0,7792.71
2025-11-24,G003,Eggs (12),Dairy,West,114,86.88,0.0,0.0,9904.32
2025-11-06,G004,Rice 5kg,Staples,West,71,326.93,0.0,0.0,23212.03
2025-09-13,G003,Eggs (12),Dairy,East,183,91.9,0.0,631.53,16817.7
2025-12-30,G005,Cooking Oil 1L,Staples,North,75,135.7,0.0,0.0,10177.5
2025-05-05,G006,Bananas 1kg,Produce,South,95,38.58,10.0,0.0,3298.59
2025-01-14,G002,Bread Loaf,Bakery,East,153,45.07,0.0,0.0,6895.71
2025-08-01,G004,Rice 5kg,Staples,North,76,326.63,0.0,718.24,24823.88
2025-07-22,G006,Bananas 1kg,Produce,South,96,39.71,0.0,0.0,3812.16
2025-09-10,G003,Eggs (12),Dairy,East,94,92.38,0.0,0.0,8683.72
2025-02-14,G002,Bread Loaf,Bakery,West,158,44.11,0.0,0.0,6969.38
2025-10-07,G001,Milk 1L,Dairy,South,207,53.13,0.0,525.06,10997.91
2025-11-19,G003,Eggs (12),Dairy,South,124,91.34,0.0,0.0,11326.16
2025-04-05,G003,Eggs (12),Dairy,West,123,89.03,0.0,0.0,10950.69
2025-08-15,G004,Rice 5kg,Staples,North,51,330.12,0.0,0.0,16836.12
2025-11-04,G007,Instant Noodles,Packaged Foods,West,473,18.28,0.0,0.0,8646.44
2025-08-09,G004,Rice 5kg,Staples,South,112,328.49,0.0,0.0,36790.88
2025-12-23,G002,Bread Loaf,Bakery,South,140,44.92,5.0,0.0,5974.36
2025-08-20,G006,Bananas 1kg,Produce,North,131,38.49,0.0,424.91,5042.19
2025-05-27,G004,Rice 5kg,Staples,North,45,316.44,10.0,0.0,12815.82
2025-01-20,G002,Bread Loaf,Bakery,North,144,46.09,0.0,95.77,6636.96
2025-08-02,G002,Bread Loaf,Bakery,West,247,43.64,10.0,0.0,9701.17
2025-05-16,G004,Rice 5kg,Staples,East,32,332.05,0.0,0.0,10625.6
2025-01-18,G002,Bread Loaf,Bakery,South,165,43.42,0.0,0.0,7164.3
2025-08-07,G005,Cooking Oil 1L,Staples,West,33,139.55,0.0,0.0,4605.15
2025-05-12,G007,Instant Noodles,Packaged Foods,North,277,17.45,0.0,0.0,4833.65
2025-09-15,G005,Cooking Oil 1L,Staples,East,42,138.49,10.0,0.0,5234.92
2025-08-10,G002,Bread Loaf,Bakery,West,162,43.68,0.0,0.0,7076.16
2025-07-06,G003,Eggs (12),Dairy,North,124,93.0,0.0,551.05,11532.0
2025-12-28,G007,Instant Noodles,Packaged Foods,East,617,17.9,0.0,260.07,11044.3
2025-02-27,G002,Bread Loaf,Bakery,West,140,43.82,0.0,570.54,6134.8
2025-03-18,G001,Milk 1L,Dairy,North,153,55.94,0.0,0.0,8558.82
2025-03-17,G006,Bananas 1kg,Produce,West,120,40.11,0.0,0.0,4813.2
2025-03-05,G006,Bananas 1kg,Produce,East,145,39.8,0.0,0.0,5771.0
2025-12-05,G004,Rice 5kg,Staples,West,66,313.99,0.0,0.0,20723.34
2025-12-27,G004,Rice 5kg,Staples,West,79,320.55,10.0,0.0,22791.1
2025-08-13,G004,Rice 5kg,Staples,East,57,329.08,0.0,0.0,18757.56
2025-04-17,G005,Cooking Oil 1L,Staples,North,96,143.78,0.0,0.0,13802.88
2025-09-22,G005,Cooking Oil 1L,Staples,South,70,143.45,0.0,0.0,10041.5
2025-10-21,G007,Instant Noodles,Packaged Foods,West,395,17.44,0.0,0.0,6888.8
2025-04-07,G004,Rice 5kg,Staples,South,48,329.07,5.0,0.0,15005.59
2025-08-19,G005,Cooking Oil 1L,Staples,East,91,145.1,0.0,0.0,13204.1
2025-06-28,G007,Instant Noodles,Packaged Foods,South,559,18.42,0.0,0.0,10296.78
2025-07-21,G001,Milk 1L,Dairy,South,165,57.12,0.0,0.0,9424.8
2025-10-05,G003,Eggs (12),Dairy,East,144,93.44,5.0,0.0,12782.59
2025-12-31,G007,Instant Noodles,Packaged Foods,West,238,18.68,0.0,0.0,4445.84
2025-02-27,G007,Instant Noodles,Packaged Foods,West,307,18.41,0.0,0.0,5651.87
2025-09-25,G002,Bread Loaf,Bakery,North,112,44.81,0.0,0.0,5018.72
2025-09-10,G007,Instant Noodles,Packaged Foods,South,314,18.64,0.0,0.0,5852.96
2025-09-21,G003,Eggs (12),Dairy,North,134,90.09,0.0,0.0,12072.06
2025-07-18,G004,Rice 5kg,Staples,North,64,324.37,0.0,0.0,20759.68
2025-02-24,G006,Bananas 1kg,Produce,West,85,40.59,10.0,0.0,3105.14
2025-04-02,G002,Bread Loaf,Bakery,South,263,44.24,0.0,0.0,11635.12
2025-04-05,G004,Rice 5kg,Staples,South,80,331.15,5.0,0.0,25167.4
2025-05-15,G007,Instant Noodles,Packaged Foods,North,288,17.82,0.0,0.0,5132.16
2025-10-06,G005,Cooking Oil 1L,Staples,South,80,142.74,0.0,0.0,11419.2
2025-01-15,G002,Bread Loaf,Bakery,North,88,43.54,0.0,0.0,3831.52
2025-02-11,G003,Eggs (12),Dairy,North,52,93.59,0.0,633.56,4866.68
2025-10-09,G006,Bananas 1kg,Produce,South,85,40.35,0.0,0.0,3429.75
2025-02-13,G003,Eggs (12),Dairy,East,97,87.68,0.0,0.0,8504.96
2025-09-10,G005,Cooking Oil 1L,Staples,West,104,145.07,10.0,0.0,13578.55
2025-09-14,G002,Bread Loaf,Bakery,South,239,43.78,0.0,0.0,10463.42
2025-12-12,G007,Instant Noodles,Packaged Foods,East,341,17.82,0.0,0.0,6076.62
2025-02-01,G004,Rice 5kg,Staples,South,126,322.05,0.0,0.0,40578.3
2025-02-19,G001,Milk 1L,Dairy,East,274,54.23,0.0,0.0,14859.02
2025-10-06,G007,Instant Noodles,Packaged Foods,West,408,17.64,0.0,0.0,7197.12
2025-09-06,G007,Instant Noodles,Packaged Foods,South,312,18.3,0.0,0.0,5709.6
2025-08-09,G003,Eggs (12),Dairy,West,115,86.47,0.0,0.0,9944.05
2025-09-20,G002,Bread Loaf,Bakery,East,210,45.47,0.0,0.0,9548.7
2025-04-19,G005,Cooking Oil 1L,Staples,South,113,138.96,0.0,0.0,15702.48
2025-03-27,G006,Bananas 1kg,Produce,East,118,39.21,0.0,0.0,4626.78
2025-10-26,G002,Bread Loaf,Bakery,East,232,45.76,0.0,0.0,10616.32
2025-06-18,G002,Bread Loaf,Bakery,South,153,46.69,10.0,0.0,6429.21
2025-11-27,G002,Bread Loaf,Bakery,North,151,45.75,0.0,0.0,6908.25
2025-01-14,G005,Cooking Oil 1L,Staples,West,99,138.93,5.0,0.0,13066.37
2025-06-18,G005,Cooking Oil 1L,Staples,South,98,141.95,0.0,0.0,13911.1
2025-01-19,G006,Bananas 1kg,Produce,North,243,41.06,0.0,0.0,9977.58
2025-03-03,G002,Bread Loaf,Bakery,West,200,46.48,0.0,0.0,9296.0
2025-02-01,G007,Instant Noodles,Packaged Foods,West,698,18.04,0.0,0.0,12591.92
2025-10-11,G003,Eggs (12),Dairy,South,69,92.95,0.0,0.0,6413.55
2025-11-10,G006,Bananas 1kg,Produce,West,112,40.48,5.0,0.0,4307.07
2025-03-23,G002,Bread Loaf,Bakery,North,154,45.59,0.0,0.0,7020.86
2025-02-08,G007,Instant Noodles,Packaged Foods,West,485,17.99,0.0,0.0,8725.15
2025-11-28,G007,Instant Noodles,Packaged Foods,South,238,18.44,5.0,0.0,4169.28
2025-08-12,G002,Bread Loaf,Bakery,East,171,43.24,5.0,0.0,7024.34
2025-08-01,G007,Instant Noodles,Packaged Foods,South,367,18.4,10.0,0.0,6077.52
2025-06-14,G004,Rice 5kg,Staples,East,65,321.37,10.0,0.0,18800.15
2025-08-03,G004,Rice 5kg,Staples,North,109,330.71,0.0,0.0,36047.39
2025-12-11,G001,Milk 1L,Dairy,North,251,54.15,0.0,0.0,13591.65
2025-12-07,G001,Milk 1L,Dairy,North,496,55.79,0.0,0.0,27671.84
2025-11-28,G003,Eggs (12),Dairy,West,109,90.85,5.0,0.0,9407.52
2025-06-12,G004,Rice 5kg,Staples,North,54,316.93,5.0,0.0,16258.51
2025-03-16,G004,Rice 5kg,Staples,North,90,319.06,10.0,0.0,25843.86
2025-08-07,G001,Milk 1L,Dairy,East,229,56.76,0.0,0.0,12998.04
2025-01-27,G006,Bananas 1kg,Produce,East,101,40.87,0.0,0.0,4127.87
2025-06-21,G001,Milk 1L,Dairy,West,229,56.52,0.0,0.0,12943.08
2025-07-05,G003,Eggs (12),Dairy,West,123,87.81,10.0,239.8,9720.57
2025-10-12,G003,Eggs (12),Dairy,South,132,86.48,0.0,0.0,11415.36
2025-04-03,G001,Milk 1L,Dairy,West,390,57.19,0.0,246.17,22304.1
2025-03-25,G001,Milk 1L,Dairy,East,295,55.1,0.0,0.0,16254.5
2025-11-28,G005,Cooking Oil 1L,Staples,East,78,137.79,0.0,0.0,10747.62
2025-01-26,G004,Rice 5kg,Staples,North,55,312.13,0.0,0.0,17167.15
2025-10-18,G006,Bananas 1kg,Produce,North,212,40.4,10.0,0.0,7708.32
2025-10-11,G005,Cooking Oil 1L,Staples,South,131,138.07,0.0,0.0,18087.17
2025-12-14,G005,Cooking Oil 1L,Staples,South,105,143.73,0.0,0.0,15091.65
2025-11-30,G005,Cooking Oil 1L,Staples,East,116,144.19,0.0,0.0,16726.04
2025-08-08,G004,Rice 5kg,Staples,South,28,319.65,0.0,0.0,8950.2
2025-10-17,G007,Instant Noodles,Packaged Foods,South,268,18.15,0.0,0.0,4864.2
2025-04-12,G005,Cooking Oil 1L,Staples,South,108,135.66,0.0,0.0,14651.28
2025-08-24,G004,Rice 5kg,Staples,North,74,331.39,5.0,119.48,23296.72
2025-06-01,G007,Instant Noodles,Packaged Foods,South,401,18.2,0.0,0.0,7298.2
2025-12-29,G002,Bread Loaf,Bakery,East,203,46.32,0.0,0.0,9402.96
2025-03-28,G002,Bread Loaf,Bakery,West,112,45.55,5.0,0.0,4846.52
2025-10-03,G007,Instant Noodles,Packaged Foods,North,317,17.86,0.0,0.0,5661.62
2025-08-17,G001,Milk 1L,Dairy,South,205,54.55,0.0,0.0,11182.75
2025-05-29,G004,Rice 5kg,Staples,West,65,319.69,0.0,0.0,20779.85
2025-04-11,G006,Bananas 1kg,Produce,East,125,39.42,0.0,408.08,4927.5
2025-03-14,G006,Bananas 1kg,Produce,South,88,40.32,0.0,352.82,3548.16
2025-09-02,G004,Rice 5kg,Staples,North,104,310.7,0.0,0.0,32312.8
2025-03-07,G005,Cooking Oil 1L,Staples,North,105,141.96,0.0,595.79,14905.8
2025-08-19,G005,Cooking Oil 1L,Staples,North,82,138.46,0.0,0.0,11353.72
2025-07-05,G002,Bread Loaf,Bakery,East,229,45.7,0.0,0.0,10465.3
2025-01-17,G006,Bananas 1kg,Produce,North,103,38.78,0.0,560.55,3994.34
2025-09-16,G002,Bread Loaf,Bakery,West,141,45.97,0.0,0.0,6481.77
2025-04-23,G002,Bread Loaf,Bakery,North,104,44.15,5.0,0.0,4362.02
2025-11-17,G002,Bread Loaf,Bakery,West,97,44.96,10.0,770.26,3925.01
2025-02-25,G002,Bread Loaf,Bakery,North,159,44.28,10.0,0.0,6336.47
2025-06-22,G001,Milk 1L,Dairy,South,166,57.07,0.0,0.0,9473.62
2025-10-28,G002,Bread Loaf,Bakery,East,190,44.65,0.0,0.0,8483.5
2025-07-25,G002,Bread Loaf,Bakery,East,239,44.37,0.0,543.57,10604.43
2025-04-15,G005,Cooking Oil 1L,Staples,East,75,138.15,0.0,0.0,10361.25
2025-11-07,G002,Bread Loaf,Bakery,East,107,44.01,0.0,0.0,4709.07
2025-09-13,G001,Milk 1L,Dairy,North,241,56.64,0.0,0.0,13650.24
2025-04-25,G003,Eggs (12),Dairy,North,79,92.49,0.0,0.0,7306.71
2025-08-27,G007,Instant Noodles,Packaged Foods,West,446,18.66,0.0,0.0,8322.36
2025-10-11,G007,Instant Noodles,Packaged Foods,North,435,17.58,0.0,0.0,7647.3
2025-04-19,G006,Bananas 1kg,Produce,East,324,40.21,10.0,0.0,11725.24
2025-06-13,G004,Rice 5kg,Staples,East,41,327.97,0.0,0.0,13446.77
2025-02-15,G007,Instant Noodles,Packaged Foods,North,377,17.52,0.0,0.0,6605.04
2025-04-28,G005,Cooking Oil 1L,Staples,West,99,136.11,0.0,0.0,13474.89
2025-08-08,G002,Bread Loaf,Bakery,West,113,43.39,0.0,540.86,4903.07
2025-08-16,G003,Eggs (12),Dairy,North,106,91.74,0.0,0.0,9724.44
2025-10-10,G004,Rice 5kg,Staples,East,43,327.35,0.0,0.0,14076.05
2025-12-18,G003,Eggs (12),Dairy,North,109,91.22,0.0,0.0,9942.98
2025-02-08,G005,Cooking Oil 1L,Staples,North,88,144.04,0.0,719.9,12675.52
2025-10-27,G004,Rice 5kg,Staples,North,46,308.65,10.0,0.0,12778.11
2025-04-14,G003,Eggs (12),Dairy,North,82,93.45,10.0,0.0,6896.61
2025-02-19,G001,Milk 1L,Dairy,North,329,53.02,5.0,0.0,16571.4
2025-11-16,G002,Bread Loaf,Bakery,South,178,44.26,0.0,0.0,7878.28
2025-08-30,G001,Milk 1L,Dairy,South,214,56.82,0.0,713.32,12159.48
2025-09-09,G007,Instant Noodles,Packaged Foods,East,255,17.83,5.0,0.0,4319.32
2025-07-07,G007,Instant Noodles,Packaged Foods,South,288,17.43,0.0,587.38,5019.84
2025-01-23,G002,Bread Loaf,Bakery,East,115,44.54,0.0,0.0,5122.1
2025-02-07,G004,Rice 5kg,Staples,North,57,328.75,0.0,0.0,18738.75
2025-03-29,G002,Bread Loaf,Bakery,East,244,45.97,0.0,0.0,11216.68
2025-03-07,G004,Rice 5kg,Staples,North,63,320.88,10.0,0.0,18193.9
2025-07-19,G005,Cooking Oil 1L,Staples,West,130,143.55,0.0,0.0,18661.5
2025-03-09,G007,Instant Noodles,Packaged Foods,South,413,17.4,0.0,0.0,7186.2
2025-06-09,G004,Rice 5kg,Staples,West,50,313.1,0.0,0.0,15655.0
2025-11-06,G002,Bread Loaf,Bakery,West,165,44.53,0.0,0.0,7347.45
2025-06-10,G005,Cooking Oil 1L,Staples,North,106,143.11,0.0,0.0,15169.66
2025-10-28,G005,Cooking Oil 1L,Staples,South,49,143.22,0.0,540.66,7017.78
2025-05-11,G002,Bread Loaf,Bakery,North,125,44.66,10.0,0.0,5024.25
2025-12-09,G002,Bread Loaf,Bakery,North,139,45.97,0.0,0.0,6389.83
2025-06-25,G002,Bread Loaf,Bakery,East,96,44.79,10.0,0.0,3869.86
2025-12-04,G002,Bread Loaf,Bakery,North,205,43.58,0.0,505.13,8933.9
2025-06-01,G007,Instant Noodles,Packaged Foods,East,433,17.56,0.0,0.0,7603.48
2025-09-16,G006,Bananas 1kg,Produce,South,104,40.25,0.0,0.0,4186.0
2025-09-16,G005,Cooking Oil 1L,Staples,West,87,141.75,5.0,0.0,11715.64
2025-11-10,G001,Milk 1L,Dairy,East,209,56.83,0.0,0.0,11877.47
2025-01-27,G003,Eggs (12),Dairy,West,98,87.33,0.0,0.0,8558.34
2025-09-27,G006,Bananas 1kg,Produce,North,350,40.86,0.0,0.0,14301.0
2025-07-31,G003,Eggs (12),Dairy,South,67,89.52,0.0,0.0,5997.84
2025-03-24,G004,Rice 5kg,Staples,East,48,311.79,5.0,0.0,14217.62
2025-06-20,G001,Milk 1L,Dairy,North,157,53.53,0.0,0.0,8404.21
2025-10-01,G002,Bread Loaf,Bakery,East,239,46.37,10.0,0.0,9974.19
2025-08-04,G005,Cooking Oil 1L,Staples,North,66,136.96,5.0,0.0,8587.39
2025-04-03,G005,Cooking Oil 1L,Staples,North,156,139.84,0.0,0.0,21815.04
2025-12-07,G006,Bananas 1kg,Produce,West,166,39.49,0.0,629.34,6555.34
2025-12-22,G002,Bread Loaf,Bakery,East,164,43.55,0.0,0.0,7142.2
2025-10-29,G003,Eggs (12),Dairy,East,80,93.35,0.0,0.0,7468.0
2025-09-03,G007,Instant Noodles,Packaged Foods,South,403,18.43,0.0,0.0,7427.29
2025-12-13,G004,Rice 5kg,Staples,West,79,329.5,0.0,0.0,26030.5
2025-07-25,G004,Rice 5kg,Staples,North,52,323.94,10.0,0.0,15160.39
2025-10-01,G004,Rice 5kg,Staples,East,42,319.48,0.0,0.0,13418.16
2025-07-21,G002,Bread Loaf,Bakery,North,130,45.08,0.0,0.0,5860.4
2025-01-29,G004,Rice 5kg,Staples,East,45,324.0,0.0,0.0,14580.0
2025-03-18,G005,Cooking Oil 1L,Staples,West,94,142.64,0.0,34.08,13408.16
2025-01-31,G007,Instant Noodles,Packaged Foods,South,329,17.29,0.0,0.0,5688.41
2025-08-05,G003,Eggs (12),Dairy,West,114,86.49,0.0,0.0,9859.86
2025-09-27,G005,Cooking Oil 1L,Staples,West,121,143.05,0.0,695.39,17309.05
2025-04-23,G007,Instant Noodles,Packaged Foods,North,206,17.75,0.0,438.09,3656.5
2025-10-10,G003,Eggs (12),Dairy,East,135,91.45,0.0,0.0,12345.75
2025-01-18,G006,Bananas 1kg,Produce,West,152,40.21,5.0,0.0,5806.32
2025-10-04,G005,Cooking Oil 1L,Staples,East,114,138.12,0.0,0.0,15745.68
2025-09-29,G003,Eggs (12),Dairy,North,63,92.8,0.0,0.0,5846.4
2025-09-09,G002,Bread Loaf,Bakery,North,178,44.8,0.0,0.0,7974.4
2025-05-09,G002,Bread Loaf,Bakery,South,126,43.65,0.0,129.5,5499.9
2025-05-27,G007,Instant Noodles,Packaged Foods,East,309,18.46,0.0,0.0,5704.14
2025-07-13,G001,Milk 1L,Dairy,South,308,55.14,5.0,0.0,16133.96
2025-02-06,G002,Bread Loaf,Bakery,South,141,46.69,0.0,0.0,6583.29
2025-10-14,G002,Bread Loaf,Bakery,North,92,44.15,0.0,0.0,4061.8
2025-01-12,G001,Milk 1L,Dairy,South,234,57.01,0.0,0.0,13340.34
2025-12-29,G007,Instant Noodles,Packaged Foods,East,379,17.31,0.0,0.0,6560.49
2025-03-28,G005,Cooking Oil 1L,Staples,West,121,145.45,0.0,0.0,17599.45
2025-11-07,G007,Instant Noodles,Packaged Foods,North,316,17.8,0.0,0.0,5624.8
2025-08-02,G006,Bananas 1kg,Produce,East,297,38.62,0.0,0.0,11470.14
2025-04-17,G006,Bananas 1kg,Produce,South,70,40.6,10.0,0.0,2557.8
2025-06-07,G002,Bread Loaf,Bakery,West,148,45.45,10.0,0.0,6053.94
2025-02-19,G004,Rice 5kg,Staples,East,52,308.27,0.0,306.3,16030.04
2025-07-04,G001,Milk 1L,Dairy,South,226,54.47,5.0,0.0,11694.71
2025-01-25,G006,Bananas 1kg,Produce,East,195,39.16,0.0,0.0,7636.2
2025-03-09,G001,Milk 1L,Dairy,West,400,56.19,0.0,0.0,22476.0
2025-11-11,G007,Instant Noodles,Packaged Foods,East,257,18.65,0.0,0.0,4793.05
2025-12-22,G005,Cooking Oil 1L,Staples,West,104,135.11,0.0,0.0,14051.44
2025-02-07,G003,Eggs (12),Dairy,South,84,92.93,0.0,0.0,7806.12
2025-08-25,G007,Instant Noodles,Packaged Foods,East,344,18.49,0.0,0.0,6360.56
2025-09-16,G001,Milk 1L,Dairy,South,175,56.15,5.0,0.0,9334.94
2025-01-05,G002,Bread Loaf,Bakery,South,192,44.8,0.0,549.17,8601.6
2025-03-05,G004,Rice 5kg,Staples,West,25,310.67,10.0,0.0,6990.07
2025-06-28,G001,Milk 1L,Dairy,East,525,56.16,0.0,0.0,29484.0
2025-11-03,G001,Milk 1L,Dairy,South,175,53.16,10.0,0.0,8372.7
2025-12-15,G007,Instant Noodles,Packaged Foods,West,229,18.13,0.0,442.34,4151.77
2025-07-13,G002,Bread Loaf,Bakery,South,197,43.9,0.0,0.0,8648.3
2025-04-01,G006,Bananas 1kg,Produce,South,159,39.71,0.0,0.0,6313.89
2025-05-09,G006,Bananas 1kg,Produce,West,119,40.63,0.0,694.53,4834.97
2025-09-15,G001,Milk 1L,Dairy,South,183,54.81,0.0,0.0,10030.23
2025-03-25,G007,Instant Noodles,Packaged Foods,South,161,18.35,0.0,0.0,2954.35
2025-12-14,G007,Instant Noodles,Packaged Foods,South,337,18.36,0.0,0.0,6187.32
2025-12-22,G006,Bananas 1kg,Produce,South,129,41.26,0.0,0.0,5322.54
2025-05-25,G005,Cooking Oil 1L,Staples,South,73,138.86,0.0,0.0,10136.78
2025-07-15,G005,Cooking Oil 1L,Staples,West,90,138.09,0.0,0.0,12428.1
2025-05-24,G006,Bananas 1kg,Produce,North,341,41.52,0.0,0.0,14158.32
2025-02-28,G004,Rice 5kg,Staples,South,54,328.9,0.0,0.0,17760.6
2025-04-27,G003,Eggs (12),Dairy,South,109,93.18,10.0,0.0,9140.96
2025-04-01,G007,Instant Noodles,Packaged Foods,East,366,17.78,0.0,0.0,6507.48
2025-05-02,G004,Rice 5kg,Staples,West,64,310.43,0.0,0.0,19867.52
2025-11-13,G002,Bread Loaf,Bakery,North,165,43.53,0.0,0.0,7182.45
2025-05-14,G006,Bananas 1kg,Produce,South,99,40.82,0.0,0.0,4041.18
2025-07-09,G002,Bread Loaf,Bakery,West,167,45.71,0.0,70.71,7633.57
2025-02-14,G006,Bananas 1kg,Produce,West,76,40.69,0.0,0.0,3092.44
2025-04-13,G006,Bananas 1kg,Produce,South,170,39.43,0.0,0.0,6703.1
2025-08-25,G004,Rice 5kg,Staples,East,25,321.73,0.0,0.0,8043.25
2025-10-24,G003,Eggs (12),Dairy,West,72,86.98,5.0,0.0,5949.43
2025-03-31,G004,Rice 5kg,Staples,West,49,312.39,0.0,0.0,15307.11
2025-08-21,G007,Instant Noodles,Packaged Foods,West,437,18.34,0.0,0.0,8014.58
2025-10-29,G006,Bananas 1kg,Produce,East,183,40.9,5.0,186.67,7110.46
2025-01-03,G006,Bananas 1kg,Produce,South,120,39.3,0.0,0.0,4716.0
2025-03-21,G002,Bread Loaf,Bakery,East,117,43.22,5.0,0.0,4803.9
2025-04-16,G001,Milk 1L,Dairy,South,155,53.08,0.0,0.0,8227.4
2025-03-04,G006,Bananas 1kg,Produce,West,108,40.44,10.0,0.0,3930.77
2025-04-15,G006,Bananas 1kg,Produce,South,126,38.46,0.0,0.0,4845.96
2025-01-23,G007,Instant Noodles,Packaged Foods,West,317,17.41,0.0,0.0,5518.97
2025-01-01,G005,Cooking Oil 1L,Staples,North,139,145.46,0.0,0.0,20218.94
2025-11-23,G004,Rice 5kg,Staples,North,89,308.48,0.0,0.0,27454.72
2025-12-10,G003,Eggs (12),Dairy,South,96,92.47,5.0,0.0,8433.26
2025-03-31,G005,Cooking Oil 1L,Staples,South,53,139.13,0.0,608.49,7373.89
2025-06-05,G005,Cooking Oil 1L,Staples,North,88,145.47,0.0,538.47,12801.36
2025-11-27,G006,Bananas 1kg,Produce,West,121,40.33,0.0,0.0,4879.93
2025-09-11,G007,Instant Noodles,Packaged Foods,East,199,17.71,0.0,0.0,3524.29
2025-01-01,G004,Rice 5kg,Staples,East,64,319.65,0.0,0.0,20457.6
2025-02-26,G001,Milk 1L,Dairy,East,235,54.56,0.0,0.0,12821.6
2025-03-08,G004,Rice 5kg,Staples,South,78,327.11,5.0,0.0,24238.85
2025-01-12,G005,Cooking Oil 1L,Staples,South,128,138.69,0.0,0.0,17752.32
2025-06-18,G006,Bananas 1kg,Produce,South,90,39.39,0.0,0.0,3545.1
2025-06-25,G007,Instant Noodles,Packaged Foods,South,320,18.49,0.0,0.0,5916.8
2025-04-16,G005,Cooking Oil 1L,Staples,East,92,145.16,0.0,0.0,13354.72
2025-11-17,G005,Cooking Oil 1L,Staples,North,83,138.46,0.0,0.0,11492.18
2025-07-07,G002,Bread Loaf,Bakery,East,203,45.21,0.0,0.0,9177.63
2025-01-04,G005,Cooking Oil 1L,Staples,South,56,139.23,5.0,0.0,7407.04
2025-07-02,G006,Bananas 1kg,Produce,North,195,39.21,0.0,395.31,7645.95
2025-12-21,G004,Rice 5kg,Staples,East,80,324.71,10.0,0.0,23379.12
2025-03-21,G004,Rice 5kg,Staples,South,51,318.22,0.0,0.0,16229.22
2025-05-14,G001,Milk 1L,Dairy,West,237,54.47,5.0,0.0,12263.92
2025-04-30,G001,Milk 1L,Dairy,West,230,55.55,0.0,0.0,12776.5
2025-09-12,G001,Milk 1L,Dairy,West,237,53.66,0.0,0.0,12717.42
2025-12-05,G006,Bananas 1kg,Produce,South,168,39.28,0.0,0.0,6599.04
2025-10-26,G007,Instant Noodles,Packaged Foods,East,362,17.62,0.0,0.0,6378.44
2025-05-06,G007,Instant Noodles,Packaged Foods,West,320,18.11,0.0,0.0,5795.2
2025-05-02,G005,Cooking Oil 1L,Staples,South,123,144.69,0.0,0.0,17796.87
2025-12-06,G007,Instant Noodles,Packaged Foods,West,353,18.57,0.0,11.86,6555.21
2025-12-19,G007,Instant Noodles,Packaged Foods,North,264,17.67,5.0,503.75,4431.64
2025-06-06,G005,Cooking Oil 1L,Staples,North,89,138.49,0.0,0.0,12325.61
2025-07-27,G001,Milk 1L,Dairy,South,262,54.52,0.0,0.0,14284.24
2025-09-18,G004,Rice 5kg,Staples,East,50,328.93,0.0,0.0,16446.5
2025-11-03,G004,Rice 5kg,Staples,East,70,328.26,10.0,0.0,20680.38
2025-12-18,G004,Rice 5kg,Staples,South,52,328.0,0.0,0.0,17056.0
2025-10-18,G006,Bananas 1kg,Produce,West,137,39.16,0.0,0.0,5364.92
2025-05-06,G001,Milk 1L,Dairy,West,309,53.29,0.0,0.0,16466.61
2025-03-15,G006,Bananas 1kg,Produce,West,127,39.58,5.0,0.0,4775.33
2025-10-17,G007,Instant Noodles,Packaged Foods,North,266,17.4,0.0,0.0,4628.4
2025-04-10,G005,Cooking Oil 1L,Staples,South,69,141.78,0.0,0.0,9782.82
2025-07-07,G003,Eggs (12),Dairy,South,90,93.43,0.0,0.0,8408.7
2025-03-12,G007,Instant Noodles,Packaged Foods,South,318,18.0,0.0,737.54,5724.0
2025-07-03,G006,Bananas 1kg,Produce,East,218,40.82,0.0,0.0,8898.76
2025-07-23,G005,Cooking Oil 1L,Staples,South,53,145.05,10.0,0.0,6918.89
2025-11-21,G004,Rice 5kg,Staples,West,75,325.17,0.0,0.0,24387.75
2025-10-11,G002,Bread Loaf,Bakery,North,141,45.99,0.0,0.0,6484.59
2025-04-12,G002,Bread Loaf,Bakery,North,241,43.97,0.0,0.0,10596.77
2025-05-31,G007,Instant Noodles,Packaged Foods,East,385,17.87,0.0,0.0,6879.95
2025-03-21,G005,Cooking Oil 1L,Staples,South,105,141.37,0.0,0.0,14843.85
2025-12-23,G004,Rice 5kg,Staples,East,56,320.78,0.0,0.0,17963.68
2025-03-17,G007,Instant Noodles,Packaged Foods,West,262,18.16,5.0,470.2,4520.02
2025-04-12,G007,Instant Noodles,Packaged Foods,West,499,18.0,0.0,0.0,8982.0
2025-11-24,G001,Milk 1L,Dairy,South,147,54.81,0.0,0.0,8057.07
2025-07-24,G004,Rice 5kg,Staples,North,55,308.71,0.0,0.0,16979.05
2025-10-02,G004,Rice 5kg,Staples,West,85,316.54,0.0,0.0,26905.9
2025-03-31,G007,Instant Noodles,Packaged Foods,East,319,18.22,0.0,0.0,5812.18
2025-10-31,G007,Instant Noodles,Packaged Foods,South,290,18.17,10.0,0.0,4742.37
2025-01-03,G003,Eggs (12),Dairy,West,174,92.52,5.0,629.32,15293.56
2025-02-23,G002,Bread Loaf,Bakery,West,130,44.54,0.0,0.0,5790.2
2025-08-17,G003,Eggs (12),Dairy,South,151,89.96,0.0,664.34,13583.96
2025-07-29,G005,Cooking Oil 1L,Staples,South,74,141.1,0.0,0.0,10441.4
2025-01-03,G007,Instant Noodles,Packaged Foods,East,494,17.76,0.0,0.0,8773.44
2025-10-19,G004,Rice 5kg,Staples,North,71,307.27,5.0,0.0,20725.36
2025-11-15,G006,Bananas 1kg,Produce,East,187,38.59,0.0,0.0,7216.33
2025-10-26,G003,Eggs (12),Dairy,East,182,93.59,10.0,654.0,15330.04
2025-07-19,G002,Bread Loaf,Bakery,North,209,45.42,0.0,0.0,9492.78
2025-04-03,G006,Bananas 1kg,Produce,West,147,41.59,0.0,0.0,6113.73
2025-12-16,G001,Milk 1L,Dairy,North,293,55.24,0.0,0.0,16185.32
2025-06-26,G002,Bread Loaf,Bakery,North,159,43.36,0.0,0.0,6894.24
2025-06-08,G002,Bread Loaf,Bakery,East,362,45.26,5.0,0.0,15564.91
2025-07-22,G004,Rice 5kg,Staples,North,59,310.67,0.0,0.0,18329.53
2025-07-05,G001,Milk 1L,Dairy,North,307,56.84,5.0,0.0,16577.39
2025-12-31,G001,Milk 1L,Dairy,West,231,53.24,0.0,0.0,12298.44
2025-03-15,G007,Instant Noodles,Packaged Foods,South,273,18.41,0.0,393.13,5025.93
2025-06-13,G006,Bananas 1kg,Produce,West,121,40.28,0.0,0.0,4873.88
2025-10-14,G007,Instant Noodles,Packaged Foods,South,121,17.31,0.0,53.26,2094.51
2025-09-17,G003,Eggs (12),Dairy,North,74,91.69,0.0,0.0,6785.06
2025-09-25,G003,Eggs (12),Dairy,West,97,91.53,0.0,0.0,8878.41
2025-09-17,G002,Bread Loaf,Bakery,South,160,44.7,0.0,0.0,7152.0
2025-02-09,G007,Instant Noodles,Packaged Foods,North,411,18.17,0.0,0.0,7467.87
2025-10-09,G003,Eggs (12),Dairy,East,78,92.71,0.0,0.0,7231.38
2025-09-08,G006,Bananas 1kg,Produce,North,131,38.59,0.0,0.0,5055.29
2025-09-02,G002,Bread Loaf,Bakery,West,231,43.64,0.0,0.0,10080.84
2025-02-22,G001,Milk 1L,Dairy,East,471,56.37,0.0,0.0,26550.27
2025-05-04,G006,Bananas 1kg,Produce,East,278,39.63,0.0,0.0,11017.14
2025-02-13,G001,Milk 1L,Dairy,East,187,53.84,0.0,0.0,10068.08
2025-03-11,G006,Bananas 1kg,Produce,North,150,40.2,5.0,0.0,5728.5
2025-03-29,G003,Eggs (12),Dairy,West,105,93.35,0.0,0.0,9801.75
2025-06-28,G005,Cooking Oil 1L,Staples,South,105,142.98,0.0,503.94,15012.9
2025-12-15,G001,Milk 1L,Dairy,North,281,55.16,10.0,0.0,13949.96
2025-02-16,G005,Cooking Oil 1L,Staples,West,128,139.36,0.0,0.0,17838.08
2025-01-24,G001,Milk 1L,Dairy,East,404,54.67,0.0,0.0,22086.68
2025-04-17,G002,Bread Loaf,Bakery,West,135,44.31,0.0,0.0,5981.85
2025-07-16,G001,Milk 1L,Dairy,South,203,56.53,0.0,0.0,11475.59
2025-03-11,G004,Rice 5kg,Staples,West,28,323.24,0.0,687.88,9050.72
2025-07-27,G002,Bread Loaf,Bakery,West,185,45.08,0.0,0.0,8339.8
2025-06-15,G005,Cooking Oil 1L,Staples,East,103,138.2,10.0,0.0,12811.14
2025-07-14,G001,Milk 1L,Dairy,South,178,55.51,0.0,10.87,9880.78
2025-04-24,G007,Instant Noodles,Packaged Foods,East,323,18.37,0.0,654.53,5933.51
2025-06-29,G001,Milk 1L,Dairy,South,208,53.17,0.0,0.0,11059.36
2025-08-08,G002,Bread Loaf,Bakery,East,218,43.77,0.0,0.0,9541.86
2025-08-10,G004,Rice 5kg,Staples,South,94,320.23,5.0,0.0,28596.54
2025-06-11,G004,Rice 5kg,Staples,North,50,308.49,0.0,0.0,15424.5
2025-05-14,G007,Instant Noodles,Packaged Foods,East,298,18.14,0.0,0.0,5405.72
2025-09-25,G005,Cooking Oil 1L,Staples,North,96,145.05,5.0,0.0,13228.56
2025-03-13,G005,Cooking Oil 1L,Staples,West,103,144.02,0.0,0.0,14834.06
2025-12-18,G005,Cooking Oil 1L,Staples,North,84,138.12,0.0,0.0,11602.08
2025-04-02,G004,Rice 5kg,Staples,North,63,311.69,5.0,0.0,18654.65
2025-09-03,G002,Bread Loaf,Bakery,North,191,45.99,0.0,0.0,8784.09
2025-08-16,G006,Bananas 1kg,Produce,West,160,38.45,0.0,0.0,6152.0
2025-09-23,G004,Rice 5kg,Staples,South,67,322.99,0.0,0.0,21640.33
2025-02-13,G006,Bananas 1kg,Produce,West,97,40.07,0.0,0.0,3886.79
2025-12-31,G003,Eggs (12),Dairy,West,88,92.49,0.0,0.0,8139.12
2025-08-24,G005,Cooking Oil 1L,Staples,West,142,138.73,5.0,0.0,18714.68
2025-05-03,G005,Cooking Oil 1L,Staples,South,128,140.14,5.0,0.0,17041.02
2025-04-07,G007,Instant Noodles,Packaged Foods,East,148,18.43,0.0,0.0,2727.64
2025-12-29,G007,Instant Noodles,Packaged Foods,North,199,17.51,10.0,0.0,3136.04
2025-03-11,G007,Instant Noodles,Packaged Foods,North,301,17.93,0.0,0.0,5396.93
2025-06-05,G001,Milk 1L,Dairy,North,189,52.92,0.0,0.0,10001.88
2025-06-17,G001,Milk 1L,Dairy,East,298,55.34,5.0,0.0,15666.75
2025-08-23,G006,Bananas 1kg,Produce,East,203,41.42,0.0,0.0,8408.26
2025-12-18,G002,Bread Loaf,Bakery,East,244,46.55,0.0,0.0,11358.2
2025-11-12,G002,Bread Loaf,Bakery,North,142,45.33,0.0,0.0,6436.86
2025-07-18,G005,Cooking Oil 1L,Staples,South,43,141.5,0.0,0.0,6084.5
2025-07-23,G003,Eggs (12),Dairy,East,107,92.33,0.0,0.0,9879.31
2025-08-10,G007,Instant Noodles,Packaged Foods,South,329,18.38,10.0,0.0,5442.32
2025-09-22,G006,Bananas 1kg,Produce,South,102,39.22,10.0,0.0,3600.4
2025-06-13,G004,Rice 5kg,Staples,West,63,320.13,0.0,0.0,20168.19
2025-11-30,G004,Rice 5kg,Staples,East,62,326.55,5.0,0.0,19233.8
2025-12-14,G005,Cooking Oil 1L,Staples,North,121,141.73,5.0,0.0,16291.86
2025-06-04,G001,Milk 1L,Dairy,South,64,54.94,0.0,0.0,3516.16
2025-07-23,G001,Milk 1L,Dairy,South,162,52.89,0.0,0.0,8568.18
2025-02-08,G006,Bananas 1kg,Produce,East,192,40.52,0.0,0.11,7779.84
2025-12-24,G003,Eggs (12),Dairy,South,96,87.61,0.0,678.7,8410.56
2025-04-05,G006,Bananas 1kg,Produce,South,135,40.25,0.0,0.0,5433.75
2025-09-08,G006,Bananas 1kg,Produce,South,103,41.56,0.0,0.0,4280.68
2025-12-16,G006,Bananas 1kg,Produce,East,147,40.42,5.0,0.0,5644.65
2025-09-14,G001,Milk 1L,Dairy,South,305,53.64,0.0,39.26,16360.2
2025-03-04,G001,Milk 1L,Dairy,North,236,53.38,0.0,725.11,12597.68
2025-02-13,G007,Instant Noodles,Packaged Foods,East,273,17.31,0.0,64.4,4725.63
2025-12-13,G003,Eggs (12),Dairy,North,96,87.71,10.0,0.0,7578.14
2025-05-29,G002,Bread Loaf,Bakery,West,158,45.4,0.0,0.0,7173.2
2025-02-16,G005,Cooking Oil 1L,Staples,South,132,143.55,0.0,0.0,18948.6
2025-02-01,G001,Milk 1L,Dairy,West,541,55.1,0.0,0.0,29809.1
2025-10-19,G002,Bread Loaf,Bakery,West,160,45.24,0.0,0.0,7238.4
2025-07-21,G007,Instant Noodles,Packaged Foods,West,282,18.6,0.0,0.0,5245.2
2025-11-14,G005,Cooking Oil 1L,Staples,South,66,135.11,0.0,0.0,8917.26
2025-09-16,G004,Rice 5kg,Staples,North,61,322.44,0.0,0.0,19668.84
2025-01-27,G004,Rice 5kg,Staples,West,43,313.51,0.0,24.55,13480.93
2025-12-14,G006,Bananas 1kg,Produce,East,289,39.43,0.0,0.0,11395.27
2025-03-14,G005,Cooking Oil 1L,Staples,South,57,142.91,0.0,0.0,8145.87
2025-06-24,G007,Instant Noodles,Packaged Foods,East,221,17.69,0.0,0.0,3909.49
2025-11-26,G001,Milk 1L,Dairy,South,178,55.8,10.0,0.0,8939.16
2025-03-14,G006,Bananas 1kg,Produce,West,128,41.35,0.0,0.0,5292.8
2025-12-11,G005,Cooking Oil 1L,Staples,South,81,135.48,5.0,0.0,10425.19
2025-05-15,G007,Instant Noodles,Packaged Foods,West,398,17.84,0.0,0.0,7100.32
2025-06-20,G001,Milk 1L,Dairy,East,388,54.72,0.0,0.0,21231.36
2025-11-10,G007,Instant Noodles,Packaged Foods,North,206,18.27,0.0,0.0,3763.62
2025-05-26,G007,Instant Noodles,Packaged Foods,West,368,18.16,0.0,0.0,6682.88
2025-04-06,G001,Milk 1L,Dairy,West,283,55.92,0.0,0.0,15825.36
2025-04-17,G005,Cooking Oil 1L,Staples,East,47,141.29,0.0,0.0,6640.63
2025-11-30,G007,Instant Noodles,Packaged Foods,West,432,18.58,0.0,0.0,8026.56
2025-09-09,G004,Rice 5kg,Staples,West,49,325.13,0.0,0.0,15931.37
2025-04-03,G001,Milk 1L,Dairy,North,350,56.45,0.0,0.0,19757.5
2025-07-14,G002,Bread Loaf,Bakery,South,195,45.7,0.0,0.0,8911.5
2025-09-15,G006,Bananas 1kg,Produce,South,96,41.52,0.0,0.0,3985.92
2025-10-07,G001,Milk 1L,Dairy,North,383,55.04,0.0,629.05,21080.32
2025-11-07,G006,Bananas 1kg,Produce,South,129,39.77,0.0,0.0,5130.33
2025-11-27,G005,Cooking Oil 1L,Staples,West,106,145.04,0.0,0.0,15374.24
2025-05-12,G007,Instant Noodles,Packaged Foods,South,237,18.65,0.0,0.0,4420.05
2025-11-05,G001,Milk 1L,Dairy,South,138,55.24,0.0,0.0,7623.12
2025-12-22,G001,Milk 1L,Dairy,East,367,54.55,10.0,0.0,18017.86
2025-06-24,G003,Eggs (12),Dairy,North,65,90.01,0.0,0.0,5850.65
2025-12-12,G002,Bread Loaf,Bakery,East,120,46.34,0.0,114.86,5560.8
2025-08-15,G001,Milk 1L,Dairy,North,235,55.54,5.0,0.0,12399.3
2025-02-19,G005,Cooking Oil 1L,Staples,South,81,135.57,0.0,0.0,10981.17
2025-12-22,G003,Eggs (12),Dairy,West,110,87.18,0.0,0.0,9589.8
2025-01-18,G007,Instant Noodles,Packaged Foods,West,293,18.16,0.0,0.0,5320.88
2025-08-19,G004,Rice 5kg,Staples,South,66,323.41,0.0,0.0,21345.06
2025-09-20,G005,Cooking Oil 1L,Staples,South,144,139.5,0.0,0.0,20088.0
2025-03-02,G002,Bread Loaf,Bakery,West,305,45.83,0.0,0.0,13978.15
2025-10-04,G006,Bananas 1kg,Produce,West,147,38.41,0.0,0.0,5646.27
2025-06-15,G001,Milk 1L,Dairy,South,201,54.92,0.0,0.0,11038.92
2025-10-30,G003,Eggs (12),Dairy,East,133,90.68,10.0,0.0,10854.4
2025-01-29,G002,Bread Loaf,Bakery,East,175,45.07,5.0,0.0,7492.89
2025-08-18,G003,Eggs (12),Dairy,West,102,89.0,0.0,0.0,9078.0
2025-10-26,G003,Eggs (12),Dairy,South,122,90.69,0.0,507.12,11064.18
2025-06-06,G002,Bread Loaf,Bakery,East,119,45.25,0.0,0.0,5384.75
2025-09-08,G004,Rice 5kg,Staples,North,58,331.29,0.0,421.49,19214.82
2025-09-10,G007,Instant Noodles,Packaged Foods,East,251,18.53,0.0,219.85,4651.03
2025-10-18,G006,Bananas 1kg,Produce,South,180,39.76,0.0,0.0,7156.8
2025-05-18,G002,Bread Loaf,Bakery,North,209,45.59,10.0,0.0,8575.48
2025-05-30,G007,Instant Noodles,Packaged Foods,West,260,17.99,0.0,0.0,4677.4
2025-07-31,G004,Rice 5kg,Staples,South,36,331.44,5.0,0.0,11335.25
2025-10-23,G006,Bananas 1kg,Produce,North,170,41.12,0.0,0.0,6990.4
2025-01-11,G001,Milk 1L,Dairy,South,167,56.46,0.0,131.54,9428.82
2025-12-26,G007,Instant Noodles,Packaged Foods,West,307,18.63,0.0,0.0,5719.41
2025-09-11,G006,Bananas 1kg,Produce,East,207,40.02,0.0,0.0,8284.14
2025-07-10,G003,Eggs (12),Dairy,North,63,90.62,0.0,0.0,5709.06
2025-01-18,G001,Milk 1L,Dairy,West,202,54.58,5.0,215.36,10473.9
2025-02-06,G004,Rice 5kg,Staples,South,45,324.35,0.0,0.0,14595.75
2025-04-25,G002,Bread Loaf,Bakery,North,126,45.87,0.0,0.0,5779.62
2025-04-12,G006,Bananas 1kg,Produce,West,102,39.32,0.0,0.0,4010.64
2025-02-18,G007,Instant Noodles,Packaged Foods,West,298,18.56,0.0,0.0,5530.88
2025-07-24,G006,Bananas 1kg,Produce,West,115,41.0,0.0,0.0,4715.0
2025-01-20,G005,Cooking Oil 1L,Staples,North,72,136.4,0.0,0.0,9820.8
2025-03-22,G003,Eggs (12),Dairy,East,117,87.18,0.0,0.0,10200.06
2025-03-06,G007,Instant Noodles,Packaged Foods,South,145,18.32,5.0,189.34,2523.58
2025-02-12,G002,Bread Loaf,Bakery,East,225,44.06,0.0,0.0,9913.5
2025-07-15,G002,Bread Loaf,Bakery,South,220,46.77,0.0,217.27,10289.4
2025-12-25,G007,Instant Noodles,Packaged Foods,South,405,17.77,5.0,0.0,6837.01
2025-10-21,G001,Milk 1L,Dairy,South,202,53.88,0.0,0.0,10883.76
2025-02-10,G006,Bananas 1kg,Produce,East,147,40.18,5.0,0.0,5611.14
2025-04-03,G006,Bananas 1kg,Produce,North,162,41.11,0.0,0.0,6659.82
2025-02-05,G006,Bananas 1kg,Produce,South,138,38.63,0.0,0.0,5330.94
2025-06-18,G001,Milk 1L,Dairy,South,159,54.35,0.0,0.0,8641.65
2025-08-25,G002,Bread Loaf,Bakery,East,89,43.76,0.0,0.0,3894.64
2025-08-16,G005,Cooking Oil 1L,Staples,West,104,137.48,0.0,0.0,14297.92
2025-05-04,G001,Milk 1L,Dairy,North,435,53.07,0.0,0.0,23085.45
2025-02-02,G007,Instant Noodles,Packaged Foods,North,510,17.35,0.0,0.0,8848.5
2025-08-24,G006,Bananas 1kg,Produce,South,176,40.38,0.0,0.0,7106.88
2025-11-16,G005,Cooking Oil 1L,Staples,South,81,139.42,0.0,607.91,11293.02
2025-08-20,G003,Eggs (12),Dairy,West,75,87.74,0.0,0.0,6580.5
2025-08-02,G005,Cooking Oil 1L,Staples,West,197,136.93,10.0,0.0,24277.69
2025-07-18,G003,Eggs (12),Dairy,South,138,91.26,0.0,0.0,12593.88
2025-01-01,G005,Cooking Oil 1L,Staples,East,161,138.64,0.0,0.0,22321.04
2025-04-02,G007,Instant Noodles,Packaged Foods,East,389,17.97,10.0,0.0,6291.3
2025-02-13,G002,Bread Loaf,Bakery,East,149,46.02,0.0,0.0,6856.98
2025-07-30,G001,Milk 1L,Dairy,West,234,53.07,0.0,0.0,12418.38
2025-08-02,G001,Milk 1L,Dairy,South,409,54.06,0.0,0.0,22110.54
2025-05-20,G003,Eggs (12),Dairy,East,122,89.24,0.0,368.65,10887.28
2025-09-05,G001,Milk 1L,Dairy,West,241,54.35,0.0,588.3,13098.35
2025-07-13,G005,Cooking Oil 1L,Staples,South,69,144.74,0.0,0.0,9987.06
2025-12-25,G001,Milk 1L,Dairy,South,179,56.99,0.0,0.0,10201.21
2025-10-05,G002,Bread Loaf,Bakery,West,193,46.0,0.0,0.0,8878.0
2025-04-30,G007,Instant Noodles,Packaged Foods,West,390,18.41,5.0,0.0,6820.9
2025-10-30,G001,Milk 1L,Dairy,West,336,52.89,0.0,87.04,17771.04
2025-05-09,G005,Cooking Oil 1L,Staples,East,91,138.6,0.0,0.0,12612.6
2025-09-28,G006,Bananas 1kg,Produce,North,166,41.36,0.0,0.0,6865.76
2025-12-05,G007,Instant Noodles,Packaged Foods,West,296,17.94,0.0,0.0,5310.24
2025-10-11,G002,Bread Loaf,Bakery,West,137,44.63,5.0,0.0,5808.59
2025-12-04,G004,Rice 5kg,Staples,East,39,311.04,10.0,427.62,10917.5
2025-08-24,G005,Cooking Oil 1L,Staples,South,122,141.08,0.0,550.68,17211.76
2025-10-11,G005,Cooking Oil 1L,Staples,East,104,141.69,0.0,0.0,14735.76
2025-02-09,G006,Bananas 1kg,Produce,West,97,39.52,0.0,0.0,3833.44
2025-03-15,G006,Bananas 1kg,Produce,South,79,39.67,5.0,0.0,2977.23
2025-11-26,G007,Instant Noodles,Packaged Foods,East,328,18.3,0.0,0.0,6002.4
2025-07-22,G002,Bread Loaf,Bakery,East,188,45.77,0.0,0.0,8604.76
2025-10-25,G002,Bread Loaf,Bakery,West,117,44.81,0.0,0.0,5242.77
2025-06-10,G006,Bananas 1kg,Produce,East,193,39.86,5.0,0.0,7308.33
2025-05-30,G004,Rice 5kg,Staples,North,42,330.76,0.0,0.0,13891.92
2025-09-18,G006,Bananas 1kg,Produce,North,171,39.27,0.0,0.0,6715.17
2025-02-15,G007,Instant Noodles,Packaged Foods,East,235,18.2,0.0,0.0,4277.0
2025-04-27,G006,Bananas 1kg,Produce,South,158,41.56,0.0,0.0,6566.48
2025-03-31,G001,Milk 1L,Dairy,South,109,56.39,0.0,0.0,6146.51
2025-07-15,G002,Bread Loaf,Bakery,West,201,46.54,0.0,0.0,9354.54
2025-02-10,G001,Milk 1L,Dairy,East,262,56.42,0.0,452.89,14782.04
2025-04-14,G003,Eggs (12),Dairy,West,98,92.17,0.0,123.45,9032.66
2025-06-21,G001,Milk 1L,Dairy,South,196,55.74,0.0,0.0,10925.04
2025-07-26,G001,Milk 1L,Dairy,West,313,56.26,0.0,0.0,17609.38
2025-12-02,G003,Eggs (12),Dairy,East,100,88.83,0.0,0.0,8883.0
2025-12-13,G005,Cooking Oil 1L,Staples,North,110,144.25,0.0,0.0,15867.5
2025-12-14,G004,Rice 5kg,Staples,East,45,327.52,5.0,0.0,14001.48
2025-09-29,G005,Cooking Oil 1L,Staples,West,112,138.61,0.0,421.35,15524.32
2025-02-26,G004,Rice 5kg,Staples,East,47,318.92,0.0,0.0,14989.24
2025-05-15,G004,Rice 5kg,Staples,East,57,314.92,10.0,0.0,16155.4
2025-10-31,G004,Rice 5kg,Staples,West,55,318.32,0.0,0.0,17507.6
2025-06-08,G006,Bananas 1kg,Produce,North,373,39.12,0.0,0.0,14591.76
2025-12-04,G005,Cooking Oil 1L,Staples,East,85,142.66,0.0,0.0,12126.1
2025-08-20,G001,Milk 1L,Dairy,South,200,54.36,0.0,0.0,10872.0
2025-07-31,G005,Cooking Oil 1L,Staples,North,58,141.89,0.0,0.0,8229.62
2025-02-26,G006,Bananas 1kg,Produce,West,74,40.57,0.0,0.0,3002.18
2025-10-06,G006,Bananas 1kg,Produce,South,104,39.7,0.0,0.0,4128.8
2025-12-03,G007,Instant Noodles,Packaged Foods,South,563,18.59,0.0,0.0,10466.17
2025-10-20,G006,Bananas 1kg,Produce,West,81,40.57,10.0,0.0,2957.55
2025-11-19,G006,Bananas 1kg,Produce,South,152,41.12,0.0,0.0,6250.24
2025-02-04,G005,Cooking Oil 1L,Staples,South,69,138.98,0.0,0.0,9589.62
2025-10-17,G004,Rice 5kg,Staples,North,73,328.67,0.0,0.0,23992.91
2025-09-14,G007,Instant Noodles,Packaged Foods,South,414,17.46,0.0,0.0,7228.44
2025-12-21,G004,Rice 5kg,Staples,South,106,324.66,0.0,544.79,34413.96
2025-03-09,G006,Bananas 1kg,Produce,West,137,40.53,0.0,0.0,5552.61
2025-08-13,G002,Bread Loaf,Bakery,East,218,44.81,0.0,0.0,9768.58
2025-10-19,G006,Bananas 1kg,Produce,East,227,39.27,0.0,0.0,8914.29
2025-12-15,G007,Instant Noodles,Packaged Foods,East,240,18.17,5.0,0.0,4142.76
2025-02-20,G002,Bread Loaf,Bakery,North,153,45.42,0.0,0.0,6949.26
2025-01-10,G003,Eggs (12),Dairy,North,89,88.5,0.0,0.0,7876.5
2025-04-10,G005,Cooking Oil 1L,Staples,West,113,138.71,0.0,0.0,15674.23
2025-08-21,G002,Bread Loaf,Bakery,East,202,45.03,0.0,0.0,9096.06
2025-04-11,G003,Eggs (12),Dairy,North,69,90.62,0.0,0.0,6252.78
2025-11-19,G007,Instant Noodles,Packaged Foods,West,405,18.02,0.0,0.0,7298.1
2025-09-01,G003,Eggs (12),Dairy,North,120,87.63,0.0,0.0,10515.6
2025-11-06,G003,Eggs (12),Dairy,West,113,87.41,0.0,0.0,9877.33
2025-03-11,G001,Milk 1L,Dairy,South,198,54.3,10.0,0.0,9676.26
2025-07-31,G006,Bananas 1kg,Produce,South,153,38.83,0.0,0.0,5940.99
2025-02-10,G001,Milk 1L,Dairy,West,261,53.41,0.0,0.0,13940.01
2025-12-26,G005,Cooking Oil 1L,Staples,North,87,138.13,0.0,0.0,12017.31
2025-04-10,G003,Eggs (12),Dairy,South,99,92.95,0.0,0.0,9202.05
2025-03-09,G005,Cooking Oil 1L,Staples,West,119,144.33,0.0,0.0,17175.27
2025-01-27,G003,Eggs (12),Dairy,East,39,89.2,10.0,0.0,3130.92
2025-07-16,G001,Milk 1L,Dairy,West,224,53.4,0.0,0.0,11961.6
2025-11-24,G007,Instant Noodles,Packaged Foods,East,348,18.45,5.0,0.0,6099.57
2025-01-27,G005,Cooking Oil 1L,Staples,South,76,136.38,0.0,0.0,10364.88
2025-08-12,G005,Cooking Oil 1L,Staples,South,87,136.32,5.0,0.0,11266.85
2025-06-03,G002,Bread Loaf,Bakery,South,263,46.25,0.0,0.0,12163.75
2025-04-14,G007,Instant Noodles,Packaged Foods,North,272,17.73,0.0,0.0,4822.56
2025-04-10,G002,Bread Loaf,Bakery,West,169,43.66,10.0,0.0,6640.69
2025-01-22,G002,Bread Loaf,Bakery,West,112,44.23,0.0,0.0,4953.76
2025-11-12,G006,Bananas 1kg,Produce,East,220,39.09,0.0,0.0,8599.8
2025-11-15,G007,Instant Noodles,Packaged Foods,East,478,17.68,0.0,0.0,8451.04
2025-07-03,G007,Instant Noodles,Packaged Foods,South,393,17.49,0.0,456.94,6873.57
2025-06-02,G006,Bananas 1kg,Produce,West,194,39.77,0.0,0.0,7715.38
2025-05-03,G003,Eggs (12),Dairy,East,201,89.54,5.0,0.0,17097.66
2025-08-28,G006,Bananas 1kg,Produce,East,138,39.48,5.0,0.0,5175.83
2025-01-17,G006,Bananas 1kg,Produce,East,174,39.53,0.0,0.0,6878.22
2025-06-24,G001,Milk 1L,Dairy,West,294,55.76,10.0,0.0,14754.1
2025-04-28,G007,Instant Noodles,Packaged Foods,West,356,17.98,0.0,0.0,6400.88
2025-07-26,G001,Milk 1L,Dairy,East,414,56.27,0.0,0.0,23295.78
2025-04-26,G002,Bread Loaf,Bakery,West,178,44.97,0.0,0.0,8004.66
2025-09-11,G001,Milk 1L,Dairy,East,162,55.05,0.0,0.0,8918.1
2025-01-13,G005,Cooking Oil 1L,Staples,East,61,139.39,5.0,186.56,8077.65
2025-01-07,G001,Milk 1L,Dairy,South,111,56.43,5.0,0.0,5950.54
2025-12-10,G006,Bananas 1kg,Produce,North,194,38.58,0.0,0.0,7484.52
2025-05-27,G005,Cooking Oil 1L,Staples,South,88,140.48,5.0,0.0,11744.13
2025-03-25,G007,Instant Noodles,Packaged Foods,West,189,17.76,0.0,0.0,3356.64
2025-03-13,G007,Instant Noodles,Packaged Foods,South,313,18.67,0.0,0.0,5843.71
2025-08-08,G007,Instant Noodles,Packaged Foods,North,288,18.24,0.0,0.0,5253.12
2025-03-03,G006,Bananas 1kg,Produce,East,286,41.45,0.0,0.0,11854.7
2025-03-30,G002,Bread Loaf,Bakery,North,187,44.77,0.0,0.0,8371.99
2025-12-29,G007,Instant Noodles,Packaged Foods,South,175,18.68,0.0,0.0,3269.0
2025-03-19,G001,Milk 1L,Dairy,West,182,54.3,10.0,0.0,8894.34
2025-11-17,G006,Bananas 1kg,Produce,East,221,40.09,0.0,0.0,8859.89
2025-11-22,G007,Instant Noodles,Packaged Foods,West,403,17.68,0.0,0.0,7125.04
2025-03-09,G007,Instant Noodles,Packaged Foods,West,327,17.69,0.0,0.0,5784.63
2025-10-12,G002,Bread Loaf,Bakery,East,335,43.89,5.0,0.0,13967.99
2025-02-20,G005,Cooking Oil 1L,Staples,East,97,141.3,10.0,0.0,12335.49
2025-09-05,G003,Eggs (12),Dairy,East,69,87.84,0.0,756.91,6060.96
2025-04-23,G006,Bananas 1kg,Produce,South,103,40.61,0.0,0.0,4182.83
2025-05-03,G003,Eggs (12),Dairy,West,271,87.11,5.0,0.0,22426.47
2025-12-28,G005,Cooking Oil 1L,Staples,South,142,137.79,0.0,754.47,19566.18
2025-12-27,G002,Bread Loaf,Bakery,South,141,45.95,0.0,0.0,6478.95
2025-01-12,G002,Bread Loaf,Bakery,South,237,46.23,5.0,0.0,10408.68
2025-12-10,G006,Bananas 1kg,Produce,East,180,40.27,0.0,0.0,7248.6
2025-05-11,G007,Instant Noodles,Packaged Foods,North,445,17.58,10.0,268.67,7040.79
2025-12-10,G007,Instant Noodles,Packaged Foods,South,419,17.65,5.0,0.0,7025.58
2025-12-17,G007,Instant Noodles,Packaged Foods,South,314,17.51,0.0,0.0,5498.14
2025-08-24,G005,Cooking Oil 1L,Staples,North,119,135.14,0.0,0.0,16081.66
2025-12-13,G006,Bananas 1kg,Produce,North,224,41.13,0.0,0.0,9213.12
2025-12-25,G007,Instant Noodles,Packaged Foods,West,205,18.4,0.0,0.0,3772.0
2025-10-14,G007,Instant Noodles,Packaged Foods,West,338,18.37,0.0,0.0,6209.06
2025-08-10,G002,Bread Loaf,Bakery,East,208,46.46,5.0,0.0,9180.5
2025-02-15,G002,Bread Loaf,Bakery,South,165,44.64,0.0,0.0,7365.6
2025-12-14,G001,Milk 1L,Dairy,East,257,56.87,0.0,0.0,14615.59
2025-07-28,G005,Cooking Oil 1L,Staples,South,70,137.3,10.0,0.0,8649.9
2025-12-09,G004,Rice 5kg,Staples,East,52,328.5,0.0,0.0,17082.0
2025-11-01,G004,Rice 5kg,Staples,West,83,329.64,0.0,741.37,27360.12
2025-02-12,G001,Milk 1L,Dairy,West,214,53.58,0.0,352.19,11466.12
2025-11-04,G002,Bread Loaf,Bakery,South,127,46.62,0.0,0.0,5920.74
2025-11-05,G001,Milk 1L,Dairy,West,223,54.61,0.0,0.0,12178.03
2025-03-03,G007,Instant Noodles,Packaged Foods,West,642,18.46,0.0,0.0,11851.32
2025-09-30,G003,Eggs (12),Dairy,West,92,93.41,0.0,789.36,8593.72
2025-10-13,G003,Eggs (12),Dairy,West,107,92.4,0.0,0.0,9886.8
2025-01-07,G003,Eggs (12),Dairy,North,38,90.27,0.0,0.0,3430.26
2025-04-29,G004,Rice 5kg,Staples,North,47,315.42,0.0,0.0,14824.74
2025-11-19,G001,Milk 1L,Dairy,North,266,53.26,0.0,0.0,14167.16
2025-01-15,G005,Cooking Oil 1L,Staples,East,64,139.67,0.0,0.0,8938.88
2025-08-15,G007,Instant Noodles,Packaged Foods,South,202,18.13,0.0,0.0,3662.26
2025-07-12,G007,Instant Noodles,Packaged Foods,East,385,18.37,0.0,0.0,7072.45
2025-09-10,G007,Instant Noodles,Packaged Foods,North,130,18.69,0.0,0.0,2429.7
2025-04-20,G004,Rice 5kg,Staples,North,71,311.83,0.0,0.0,22139.93
2025-08-13,G002,Bread Loaf,Bakery,West,103,44.81,0.0,0.0,4615.43
2025-03-30,G005,Cooking Oil 1L,Staples,South,109,144.03,0.0,0.0,15699.27
2025-01-27,G006,Bananas 1kg,Produce,West,106,40.8,0.0,0.0,4324.8
2025-05-11,G002,Bread Loaf,Bakery,South,169,43.98,0.0,0.0,7432.62
2025-09-15,G007,Instant Noodles,Packaged Foods,South,281,17.91,0.0,0.0,5032.71
2025-12-22,G006,Bananas 1kg,Produce,East,142,40.72,0.0,0.0,5782.24
2025-08-23,G003,Eggs (12),Dairy,West,133,87.89,0.0,0.0,11689.37
2025-07-18,G001,Milk 1L,Dairy,North,266,53.81,5.0,0.0,13597.79
2025-10-25,G006,Bananas 1kg,Produce,South,140,40.51,0.0,0.0,5671.4
2025-08-08,G006,Bananas 1kg,Produce,North,233,39.58,5.0,0.0,8761.03
2025-01-31,G003,Eggs (12),Dairy,North,71,86.45,5.0,0.0,5831.05
2025-08-24,G007,Instant Noodles,Packaged Foods,West,771,18.33,0.0,0.0,14132.43
2025-09-20,G002,Bread Loaf,Bakery,South,137,44.25,0.0,584.55,6062.25
2025-07-14,G002,Bread Loaf,Bakery,East,165,43.36,0.0,0.0,7154.4
2025-04-07,G001,Milk 1L,Dairy,East,189,56.35,0.0,0.0,10650.15
2025-07-08,G001,Milk 1L,Dairy,North,257,57.08,0.0,0.0,14669.56
2025-07-25,G002,Bread Loaf,Bakery,South,144,43.35,0.0,0.0,6242.4
2025-04-21,G003,Eggs (12),Dairy,North,67,93.21,0.0,0.0,6245.07
2025-06-13,G007,Instant Noodles,Packaged Foods,North,368,18.01,0.0,0.0,6627.68
2025-10-06,G006,Bananas 1kg,Produce,North,212,38.45,0.0,338.96,8151.4
2025-04-28,G007,Instant Noodles,Packaged Foods,East,210,17.51,0.0,0.0,3677.1
2025-01-06,G004,Rice 5kg,Staples,North,51,330.2,0.0,0.0,16840.2
2025-01-22,G002,Bread Loaf,Bakery,North,106,43.94,0.0,0.0,4657.64
2025-05-23,G004,Rice 5kg,Staples,West,45,325.16,10.0,0.0,13168.98
2025-03-31,G001,Milk 1L,Dairy,North,163,53.71,10.0,0.0,7879.26
2025-08-26,G006,Bananas 1kg,Produce,South,74,38.47,10.0,0.0,2562.1
2025-06-20,G003,Eggs (12),Dairy,West,76,89.42,0.0,236.01,6795.92
2025-05-08,G001,Milk 1L,Dairy,South,209,56.59,0.0,0.0,11827.31
2025-10-10,G003,Eggs (12),Dairy,West,122,93.59,5.0,0.0,10847.08
2025-09-07,G004,Rice 5kg,Staples,South,86,327.99,10.0,0.0,25386.43
2025-06-15,G001,Milk 1L,Dairy,West,319,56.0,0.0,0.0,17864.0
2025-06-22,G006,Bananas 1kg,Produce,East,233,40.38,0.0,0.0,9408.54
2025-11-08,G003,Eggs (12),Dairy,West,168,91.92,0.0,0.0,15442.56
2025-05-29,G003,Eggs (12),Dairy,South,93,90.86,0.0,0.0,8449.98
2025-03-01,G007,Instant Noodles,Packaged Foods,North,648,17.5,0.0,0.0,11340.0
2025-09-17,G005,Cooking Oil 1L,Staples,South,71,142.09,0.0,577.33,10088.39
2025-10-29,G002,Bread Loaf,Bakery,East,211,43.24,0.0,0.0,9123.64
2025-06-23,G007,Instant Noodles,Packaged Foods,North,159,18.14,5.0,0.0,2740.05
2025-12-21,G003,Eggs (12),Dairy,South,181,92.28,0.0,686.9,16702.68
2025-02-21,G002,Bread Loaf,Bakery,South,130,46.2,0.0,0.0,6006.0
2025-04-01,G007,Instant Noodles,Packaged Foods,West,242,17.52,0.0,0.0,4239.84
2025-03-09,G007,Instant Noodles,Packaged Foods,East,315,18.22,5.0,0.0,5452.33
2025-05-10,G005,Cooking Oil 1L,Staples,South,106,142.28,0.0,0.0,15081.68
2025-06-10,G002,Bread Loaf,Bakery,East,228,46.01,0.0,0.0,10490.28
2025-12-12,G003,Eggs (12),Dairy,South,94,91.77,0.0,0.0,8626.38
2025-08-18,G006,Bananas 1kg,Produce,North,166,40.0,0.0,0.0,6640.0
2025-11-25,G004,Rice 5kg,Staples,East,62,328.72,0.0,0.0,20380.64
2025-05-12,G002,Bread Loaf,Bakery,South,125,46.74,0.0,0.0,5842.5
2025-11-21,G007,Instant Noodles,Packaged Foods,West,153,18.59,0.0,594.39,2844.27
2025-01-21,G006,Bananas 1kg,Produce,North,156,39.66,0.0,0.0,6186.96
2025-07-31,G002,Bread Loaf,Bakery,South,172,44.78,0.0,0.0,7702.16
2025-07-05,G003,Eggs (12),Dairy,South,99,88.39,5.0,0.0,8313.08
2025-07-02,G007,Instant Noodles,Packaged Foods,East,330,18.51,0.0,0.0,6108.3
2025-02-11,G005,Cooking Oil 1L,Staples,West,102,136.77,0.0,0.0,13950.54
2025-02-01,G005,Cooking Oil 1L,Staples,East,173,142.47,0.0,303.99,24647.31
2025-08-30,G002,Bread Loaf,Bakery,East,334,43.37,0.0,0.0,14485.58
2025-09-27,G006,Bananas 1kg,Produce,West,149,38.9,5.0,0.0,5506.29
2025-05-02,G004,Rice 5kg,Staples,South,98,323.62,0.0,0.0,31714.76
2025-10-26,G005,Cooking Oil 1L,Staples,West,113,145.15,0.0,0.0,16401.95
2025-05-01,G001,Milk 1L,Dairy,South,328,53.39,0.0,0.0,17511.92
2025-07-30,G006,Bananas 1kg,Produce,West,61,38.42,10.0,0.0,2109.26
2025-08-04,G007,Instant Noodles,Packaged Foods,South,246,18.14,0.0,0.0,4462.44
2025-05-26,G007,Instant Noodles,Packaged Foods,South,282,17.47,0.0,0.0,4926.54
2025-10-22,G002,Bread Loaf,Bakery,West,103,43.36,0.0,0.0,4466.08
2025-04-29,G003,Eggs (12),Dairy,South,104,88.4,0.0,0.0,9193.6
2025-12-12,G004,Rice 5kg,Staples,East,49,322.1,0.0,0.0,15782.9
2025-05-13,G007,Instant Noodles,Packaged Foods,East,313,18.25,0.0,407.59,5712.25
2025-05-17,G001,Milk 1L,Dairy,East,279,54.04,0.0,642.55,15077.16
2025-10-11,G004,Rice 5kg,Staples,West,92,321.07,10.0,0.0,26584.6
2025-06-18,G004,Rice 5kg,Staples,West,41,331.95,0.0,0.0,13609.95
2025-07-19,G002,Bread Loaf,Bakery,South,137,44.87,0.0,0.0,6147.19
2025-04-13,G004,Rice 5kg,Staples,West,77,314.17,0.0,0.0,24191.09
2025-03-06,G001,Milk 1L,Dairy,West,265,53.98,0.0,578.79,14304.7
2025-12-25,G001,Milk 1L,Dairy,East,386,55.87,0.0,0.0,21565.82
2025-04-08,G005,Cooking Oil 1L,Staples,North,25,140.24,10.0,0.0,3155.4
2025-12-05,G002,Bread Loaf,Bakery,North,151,44.26,5.0,0.0,6349.1
2025-04-28,G003,Eggs (12),Dairy,East,141,88.19,10.0,759.9,11191.31
2025-01-17,G004,Rice 5kg,Staples,South,36,314.86,0.0,0.0,11334.96
2025-11-16,G001,Milk 1L,Dairy,North,417,55.78,0.0,0.0,23260.26
2025-01-08,G003,Eggs (12),Dairy,North,40,91.79,0.0,0.0,3671.6
2025-04-10,G002,Bread Loaf,Bakery,East,202,43.86,0.0,0.0,8859.72
2025-11-10,G006,Bananas 1kg,Produce,East,164,39.05,0.0,0.0,6404.2
2025-02-16,G002,Bread Loaf,Bakery,North,192,45.5,0.0,602.98,8736.0
2025-08-11,G005,Cooking Oil 1L,Staples,South,66,140.92,10.0,0.0,8370.65
2025-11-15,G007,Instant Noodles,Packaged Foods,West,446,17.62,10.0,0.0,7072.67
2025-01-08,G003,Eggs (12),Dairy,South,65,89.87,10.0,0.0,5257.4
2025-10-12,G007,Instant Noodles,Packaged Foods,North,286,17.35,10.0,0.0,4465.89
2025-01-06,G001,Milk 1L,Dairy,East,235,55.57,0.0,0.0,13058.95
2025-05-24,G003,Eggs (12),Dairy,South,170,89.86,0.0,0.0,15276.2
2025-01-16,G006,Bananas 1kg,Produce,West,103,39.04,0.0,0.0,4021.12
2025-07-31,G005,Cooking Oil 1L,Staples,South,57,145.45,10.0,0.0,7461.59
2025-10-08,G002,Bread Loaf,Bakery,North,200,43.32,0.0,0.0,8664.0
2025-01-21,G002,Bread Loaf,Bakery,South,112,45.03,0.0,0.0,5043.36
2025-11-14,G004,Rice 5kg,Staples,West,50,317.82,0.0,0.0,15891.0
2025-09-14,G003,Eggs (12),Dairy,North,96,89.13,0.0,0.0,8556.48
2025-04-27,G007,Instant Noodles,Packaged Foods,South,369,18.62,0.0,0.0,6870.78
2025-06-08,G007,Instant Noodles,Packaged Foods,West,605,18.72,0.0,0.0,11325.6
2025-07-09,G005,Cooking Oil 1L,Staples,East,56,138.2,0.0,276.25,7739.2
2025-01-24,G004,Rice 5kg,Staples,South,66,327.04,0.0,0.0,21584.64
2025-11-23,G002,Bread Loaf,Bakery,North,164,45.13,0.0,783.4,7401.32
2025-08-16,G002,Bread Loaf,Bakery,East,326,44.63,0.0,0.0,14549.38
2025-09-28,G002,Bread Loaf,Bakery,North,204,45.58,0.0,0.0,9298.32
2025-11-21,G007,Instant Noodles,Packaged Foods,South,260,18.23,0.0,0.0,4739.8
2025-01-02,G005,Cooking Oil 1L,Staples,North,147,143.67,0.0,0.0,21119.49
2025-09-29,G003,Eggs (12),Dairy,South,70,92.92,0.0,0.0,6504.4
2025-08-22,G007,Instant Noodles,Packaged Foods,North,228,18.24,0.0,0.0,4158.72
2025-01-31,G002,Bread Loaf,Bakery,East,193,44.53,0.0,0.0,8594.29
2025-12-19,G004,Rice 5kg,Staples,North,61,319.02,5.0,0.0,18487.21
2025-03-14,G007,Instant Noodles,Packaged Foods,South,283,17.81,0.0,0.0,5040.23
2025-05-02,G006,Bananas 1kg,Produce,North,249,40.29,0.0,0.0,10032.21
2025-12-16,G007,Instant Noodles,Packaged Foods,East,405,18.55,0.0,0.0,7512.75
2025-09-27,G007,Instant Noodles,Packaged Foods,West,420,17.48,0.0,0.0,7341.6
2025-03-04,G001,Milk 1L,Dairy,South,195,53.66,0.0,274.01,10463.7
2025-11-03,G002,Bread Loaf,Bakery,North,176,46.75,0.0,0.0,8228.0
2025-06-11,G005,Cooking Oil 1L,Staples,South,102,137.06,0.0,0.0,13980.12
2025-06-06,G003,Eggs (12),Dairy,South,135,89.08,5.0,0.0,11424.51
2025-07-21,G004,Rice 5kg,Staples,South,73,312.74,0.0,0.0,22830.02
2025-11-25,G002,Bread Loaf,Bakery,West,150,45.66,0.0,0.0,6849.0
2025-01-10,G003,Eggs (12),Dairy,East,106,90.15,0.0,0.0,9555.9
2025-10-03,G003,Eggs (12),Dairy,North,122,86.7,0.0,205.6,10577.4
2025-12-05,G007,Instant Noodles,Packaged Foods,South,300,18.15,10.0,0.0,4900.5
2025-02-03,G006,Bananas 1kg,Produce,West,120,41.58,0.0,397.89,4989.6
2025-07-31,G004,Rice 5kg,Staples,East,38,315.86,0.0,0.0,12002.68
2025-10-06,G001,Milk 1L,Dairy,East,174,52.86,10.0,0.0,8277.88
2025-03-12,G004,Rice 5kg,Staples,South,41,317.88,0.0,0.0,13033.08
2025-09-25,G004,Rice 5kg,Staples,East,35,313.96,0.0,494.47,10988.6
2025-05-22,G002,Bread Loaf,Bakery,West,67,46.27,0.0,0.0,3100.09
2025-10-06,G003,Eggs (12),Dairy,North,124,90.07,0.0,0.0,11168.68
2025-12-24,G007,Instant Noodles,Packaged Foods,North,218,17.38,10.0,0.0,3409.96
2025-10-31,G004,Rice 5kg,Staples,South,35,331.08,0.0,0.0,11587.8
2025-05-11,G005,Cooking Oil 1L,Staples,North,126,135.36,0.0,0.0,17055.36
2025-09-13,G004,Rice 5kg,Staples,North,84,318.87,0.0,0.0,26785.08
2025-12-18,G006,Bananas 1kg,Produce,East,175,40.4,0.0,313.65,7070.0
2025-09-14,G005,Cooking Oil 1L,Staples,South,120,135.2,0.0,0.0,16224.0
2025-01-19,G003,Eggs (12),Dairy,East,107,88.23,0.0,0.0,9440.61
2025-04-29,G004,Rice 5kg,Staples,South,57,312.57,0.0,0.0,17816.49
2025-06-10,G004,Rice 5kg,Staples,West,37,317.3,0.0,0.0,11740.1
2025-08-21,G004,Rice 5kg,Staples,South,72,315.02,5.0,0.0,21547.37
2025-09-26,G006,Bananas 1kg,Produce,West,114,41.15,0.0,0.0,4691.1
2025-05-12,G002,Bread Loaf,Bakery,West,147,46.34,10.0,0.0,6130.78
2025-06-29,G007,Instant Noodles,Packaged Foods,North,429,18.66,0.0,0.0,8005.14
2025-08-16,G004,Rice 5kg,Staples,South,63,323.84,0.0,0.0,20401.92
2025-01-24,G003,Eggs (12),Dairy,East,129,86.61,0.0,0.0,11172.69
2025-06-28,G006,Bananas 1kg,Produce,East,165,38.44,0.0,0.0,6342.6
2025-06-02,G002,Bread Loaf,Bakery,East,255,46.34,0.0,0.0,11816.7
2025-06-06,G002,Bread Loaf,Bakery,North,147,43.9,0.0,0.0,6453.3
2025-09-18,G005,Cooking Oil 1L,Staples,West,123,135.39,0.0,0.0,16652.97
2025-06-04,G006,Bananas 1kg,Produce,South,114,40.31,0.0,0.0,4595.34
2025-10-02,G001,Milk 1L,Dairy,South,269,54.82,10.0,707.92,13271.92
2025-04-07,G001,Milk 1L,Dairy,South,221,56.42,0.0,0.0,12468.82
2025-12-21,G005,Cooking Oil 1L,Staples,East,125,139.69,0.0,0.0,17461.25
2025-08-25,G002,Bread Loaf,Bakery,North,124,43.53,0.0,0.0,5397.72
2025-01-15,G002,Bread Loaf,Bakery,East,106,46.31,0.0,0.0,4908.86
2025-03-05,G003,Eggs (12),Dairy,North,113,87.91,5.0,0.0,9437.14
2025-01-07,G002,Bread Loaf,Bakery,East,161,45.99,0.0,0.0,7404.39
2025-12-21,G004,Rice 5kg,Staples,North,87,321.03,0.0,0.0,27929.61
2025-06-11,G004,Rice 5kg,Staples,South,47,311.74,10.0,0.0,13186.6
2025-10-27,G007,Instant Noodles,Packaged Foods,North,266,18.01,0.0,0.0,4790.66
2025-11-20,G006,Bananas 1kg,Produce,West,92,39.36,0.0,265.72,3621.12
2025-12-22,G004,Rice 5kg,Staples,North,44,318.63,0.0,0.0,14019.72
2025-05-25,G004,Rice 5kg,Staples,East,77,315.74,0.0,0.0,24311.98
2025-04-16,G005,Cooking Oil 1L,Staples,South,81,140.09,0.0,0.0,11347.29
2025-11-08,G005,Cooking Oil 1L,Staples,West,147,138.93,0.0,0.0,20422.71
2025-10-05,G001,Milk 1L,Dairy,West,308,54.32,0.0,0.0,16730.56
2025-10-06,G006,Bananas 1kg,Produce,West,108,40.3,0.0,0.0,4352.4
2025-04-10,G007,Instant Noodles,Packaged Foods,North,258,17.73,5.0,0.0,4345.62
2025-10-23,G002,Bread Loaf,Bakery,West,129,46.51,0.0,0.0,5999.79
2025-05-23,G001,Milk 1L,Dairy,East,170,53.16,0.0,0.0,9037.2
2025-08-18,G002,Bread Loaf,Bakery,East,188,44.31,0.0,0.0,8330.28
2025-12-24,G006,Bananas 1kg,Produce,South,118,41.44,0.0,0.0,4889.92
2025-07-29,G007,Instant Noodles,Packaged Foods,South,244,18.3,0.0,0.0,4465.2
2025-02-18,G005,Cooking Oil 1L,Staples,East,73,143.94,0.0,0.0,10507.62
2025-10-11,G003,Eggs (12),Dairy,East,242,89.24,0.0,0.0,21596.08
2025-01-27,G007,Instant Noodles,Packaged Foods,South,220,18.59,5.0,481.56,3885.31
2025-03-27,G003,Eggs (12),Dairy,South,63,87.26,0.0,0.0,5497.38
2025-06-12,G002,Bread Loaf,Bakery,West,80,46.23,10.0,0.0,3328.56
2025-04-19,G006,Bananas 1kg,Produce,West,160,38.84,0.0,0.0,6214.4
2025-11-12,G001,Milk 1L,Dairy,North,339,53.19,0.0,0.0,18031.41
2025-11-16,G003,Eggs (12),Dairy,West,111,92.89,0.0,0.0,10310.79
2025-11-21,G006,Bananas 1kg,Produce,East,210,38.73,0.0,0.0,8133.3
2025-06-14,G006,Bananas 1kg,Produce,North,213,40.36,0.0,0.0,8596.68
2025-11-12,G004,Rice 5kg,Staples,West,55,321.67,0.0,0.0,17691.85
2025-06-27,G006,Bananas 1kg,Produce,West,59,38.89,0.0,0.0,2294.51
2025-09-02,G007,Instant Noodles,Packaged Foods,North,479,17.91,0.0,0.0,8578.89
2025-10-28,G001,Milk 1L,Dairy,East,136,56.49,0.0,0.0,7682.64
2025-06-16,G006,Bananas 1kg,Produce,East,186,40.75,0.0,0.0,7579.5
2025-05-21,G001,Milk 1L,Dairy,East,191,53.47,10.0,508.99,9191.49
2025-11-30,G006,Bananas 1kg,Produce,West,189,38.73,0.0,0.0,7319.97
2025-04-26,G002,Bread Loaf,Bakery,North,220,44.42,0.0,0.0,9772.4
2025-05-08,G007,Instant Noodles,Packaged Foods,West,310,17.76,0.0,257.75,5505.6
2025-03-12,G006,Bananas 1kg,Produce,North,170,39.69,0.0,0.0,6747.3
2025-10-10,G004,Rice 5kg,Staples,South,60,331.15,0.0,0.0,19869.0
2025-06-05,G002,Bread Loaf,Bakery,North,161,45.76,0.0,0.0,7367.36
2025-04-13,G003,Eggs (12),Dairy,East,169,87.56,0.0,0.0,14797.64
2025-09-30,G003,Eggs (12),Dairy,North,66,90.04,0.0,672.28,5942.64
2025-12-04,G005,Cooking Oil 1L,Staples,North,116,135.3,0.0,0.0,15694.8
2025-10-24,G001,Milk 1L,Dairy,South,213,56.81,0.0,0.0,12100.53
2025-07-30,G005,Cooking Oil 1L,Staples,South,107,137.92,0.0,0.0,14757.44
2025-10-05,G004,Rice 5kg,Staples,South,93,311.71,0.0,87.6,28989.03
2025-03-15,G002,Bread Loaf,Bakery,South,198,43.53,0.0,0.0,8618.94
2025-07-21,G007,Instant Noodles,Packaged Foods,East,275,17.81,5.0,0.0,4652.86
2025-09-11,G006,Bananas 1kg,Produce,South,120,41.19,0.0,757.61,4942.8
2025-02-19,G007,Instant Noodles,Packaged Foods,West,212,17.36,0.0,734.46,3680.32
2025-08-12,G001,Milk 1L,Dairy,East,239,53.63,0.0,0.0,12817.57
2025-06-02,G006,Bananas 1kg,Produce,South,152,39.51,5.0,0.0,5705.24
2025-07-25,G001,Milk 1L,Dairy,West,152,55.1,0.0,0.0,8375.2
2025-04-07,G004,Rice 5kg,Staples,North,63,320.03,0.0,0.0,20161.89
2025-03-14,G002,Bread Loaf,Bakery,South,162,46.63,0.0,0.0,7554.06
2025-12-08,G001,Milk 1L,Dairy,North,340,53.21,0.0,0.0,18091.4
2025-07-06,G001,Milk 1L,Dairy,East,405,53.77,0.0,0.0,21776.85
2025-01-02,G001,Milk 1L,Dairy,West,331,56.64,0.0,0.0,18747.84
2025-12-20,G006,Bananas 1kg,Produce,East,229,38.44,0.0,0.0,8802.76
2025-11-23,G007,Instant Noodles,Packaged Foods,South,320,17.34,0.0,0.0,5548.8
2025-03-18,G003,Eggs (12),Dairy,South,40,87.29,0.0,0.0,3491.6
2025-05-07,G005,Cooking Oil 1L,Staples,East,82,144.75,0.0,0.0,11869.5
2025-11-07,G002,Bread Loaf,Bakery,West,106,44.6,0.0,0.0,4727.6
2025-11-25,G004,Rice 5kg,Staples,South,73,310.05,0.0,610.41,22633.65
2025-11-22,G005,Cooking Oil 1L,Staples,East,167,140.15,0.0,350.51,23405.05
2025-10-04,G004,Rice 5kg,Staples,South,72,330.42,0.0,0.0,23790.24
2025-05-27,G003,Eggs (12),Dairy,South,87,91.6,0.0,0.0,7969.2
2025-12-23,G001,Milk 1L,Dairy,East,287,53.25,0.0,0.0,15282.75
2025-05-16,G007,Instant Noodles,Packaged Foods,South,223,18.48,10.0,0.0,3708.94
2025-12-25,G002,Bread Loaf,Bakery,East,212,44.55,10.0,0.0,8500.14
2025-04-02,G004,Rice 5kg,Staples,West,24,331.03,0.0,319.97,7944.72
2025-01-17,G001,Milk 1L,Dairy,North,164,54.12,0.0,0.0,8875.68
2025-07-22,G004,Rice 5kg,Staples,East,61,315.87,0.0,0.0,19268.07
2025-07-18,G002,Bread Loaf,Bakery,West,97,46.27,0.0,0.0,4488.19
2025-11-03,G003,Eggs (12),Dairy,West,114,88.48,0.0,0.0,10086.72
2025-10-13,G006,Bananas 1kg,Produce,North,163,39.77,0.0,9.07,6482.51
2025-05-08,G007,Instant Noodles,Packaged Foods,South,363,17.43,0.0,623.24,6327.09
2025-03-01,G006,Bananas 1kg,Produce,North,339,38.48,0.0,261.68,13044.72
2025-07-08,G001,Milk 1L,Dairy,West,231,54.73,0.0,0.0,12642.63
2025-01-16,G005,Cooking Oil 1L,Staples,North,82,139.36,10.0,0.0,10284.77
2025-03-21,G005,Cooking Oil 1L,Staples,North,101,137.08,0.0,464.39,13845.08
2025-06-19,G002,Bread Loaf,Bakery,South,178,46.66,10.0,532.62,7474.93
2025-12-12,G006,Bananas 1kg,Produce,North,163,41.35,0.0,0.0,6740.05
2025-03-07,G007,Instant Noodles,Packaged Foods,North,265,18.54,0.0,0.0,4913.1
2025-03-11,G005,Cooking Oil 1L,Staples,East,77,144.25,0.0,468.58,11107.25
2025-05-21,G002,Bread Loaf,Bakery,East,191,43.74,0.0,0.0,8354.34
2025-11-11,G002,Bread Loaf,Bakery,South,127,43.62,0.0,0.0,5539.74
2025-12-01,G002,Bread Loaf,Bakery,North,235,43.63,0.0,0.0,10253.05
2025-02-18,G004,Rice 5kg,Staples,North,60,320.97,0.0,0.0,19258.2
2025-09-17,G005,Cooking Oil 1L,Staples,West,110,134.97,0.0,603.24,14846.7
2025-06-11,G001,Milk 1L,Dairy,North,245,53.35,0.0,0.0,13070.75
2025-08-07,G005,Cooking Oil 1L,Staples,East,91,141.05,0.0,0.0,12835.55
2025-12-14,G006,Bananas 1kg,Produce,West,194,38.52,0.0,0.0,7472.88
2025-05-12,G006,Bananas 1kg,Produce,South,118,40.0,0.0,0.0,4720.0
2025-11-20,G004,Rice 5kg,Staples,North,41,310.23,0.0,0.0,12719.43
2025-03-13,G002,Bread Loaf,Bakery,North,169,43.27,0.0,0.0,7312.63
2025-03-01,G007,Instant Noodles,Packaged Foods,West,719,18.46,0.0,0.0,13272.74
2025-04-17,G003,Eggs (12),Dairy,South,79,92.31,0.0,0.0,7292.49
2025-07-25,G005,Cooking Oil 1L,Staples,North,81,136.84,5.0,0.0,10529.84
2025-10-13,G006,Bananas 1kg,Produce,East,161,38.9,10.0,0.0,5636.61
2025-04-22,G002,Bread Loaf,Bakery,East,134,45.95,0.0,0.0,6157.3
2025-03-18,G001,Milk 1L,Dairy,West,163,53.8,0.0,0.0,8769.4
2025-09-04,G005,Cooking Oil 1L,Staples,North,89,135.69,0.0,431.41,12076.41
2025-05-05,G002,Bread Loaf,Bakery,South,189,46.6,0.0,0.0,8807.4
2025-06-07,G004,Rice 5kg,Staples,East,50,310.76,5.0,0.0,14761.1
2025-05-02,G003,Eggs (12),Dairy,North,108,90.03,0.0,552.02,9723.24
2025-02-01,G001,Milk 1L,Dairy,East,503,53.04,0.0,0.0,26679.12
2025-09-17,G005,Cooking Oil 1L,Staples,North,76,136.37,0.0,429.24,10364.12
2025-10-05,G006,Bananas 1kg,Produce,South,134,38.89,0.0,0.0,5211.26
2025-03-22,G005,Cooking Oil 1L,Staples,North,107,142.18,0.0,82.47,15213.26
2025-04-14,G005,Cooking Oil 1L,Staples,West,79,143.22,0.0,0.0,11314.38
2025-10-27,G001,Milk 1L,Dairy,North,213,55.21,0.0,0.0,11759.73
2025-12-14,G001,Milk 1L,Dairy,South,167,53.61,5.0,0.0,8505.23
2025-07-17,G007,Instant Noodles,Packaged Foods,West,254,17.42,0.0,0.0,4424.68
2025-10-13,G007,Instant Noodles,Packaged Foods,East,230,17.93,0.0,0.0,4123.9
2025-02-11,G001,Milk 1L,Dairy,East,262,56.7,0.0,0.0,14855.4
2025-07-06,G003,Eggs (12),Dairy,West,105,88.83,0.0,0.0,9327.15
2025-11-26,G006,Bananas 1kg,Produce,South,126,39.49,0.0,79.39,4975.74
2025-09-03,G003,Eggs (12),Dairy,East,142,88.46,0.0,46.4,12561.32
2025-11-10,G007,Instant Noodles,Packaged Foods,South,376,17.69,0.0,0.0,6651.44
2025-05-06,G004,Rice 5kg,Staples,West,48,329.97,0.0,0.0,15838.56
2025-02-11,G002,Bread Loaf,Bakery,West,124,44.28,5.0,0.0,5216.18
2025-05-06,G006,Bananas 1kg,Produce,South,56,40.81,0.0,0.0,2285.36
2025-11-01,G005,Cooking Oil 1L,Staples,North,173,143.19,0.0,0.0,24771.87
2025-07-02,G001,Milk 1L,Dairy,South,211,53.24,0.0,0.0,11233.64
2025-05-11,G005,Cooking Oil 1L,Staples,South,105,145.15,0.0,709.74,15240.75
2025-01-16,G006,Bananas 1kg,Produce,South,107,40.92,5.0,0.0,4159.52
2025-07-13,G006,Bananas 1kg,Produce,West,149,38.73,0.0,0.0,5770.77
2025-10-18,G003,Eggs (12),Dairy,South,183,87.18,0.0,0.0,15953.94
2025-09-20,G004,Rice 5kg,Staples,West,82,328.34,5.0,0.0,25577.69
2025-10-02,G007,Instant Noodles,Packaged Foods,South,477,18.51,0.0,0.0,8829.27
2025-10-15,G002,Bread Loaf,Bakery,East,154,45.87,0.0,0.0,7063.98
2025-08-16,G005,Cooking Oil 1L,Staples,East,152,136.48,0.0,0.0,20744.96
2025-09-08,G001,Milk 1L,Dairy,East,220,52.86,5.0,0.0,11047.74
2025-01-04,G001,Milk 1L,Dairy,North,256,55.24,0.0,0.0,14141.44
2025-05-25,G004,Rice 5kg,Staples,North,57,311.15,0.0,0.0,17735.55
2025-07-08,G006,Bananas 1kg,Produce,West,134,38.9,0.0,0.0,5212.6
2025-12-01,G007,Instant Noodles,Packaged Foods,West,595,18.59,0.0,0.0,11061.05
2025-04-09,G004,Rice 5kg,Staples,West,33,330.42,0.0,0.12,10903.86
2025-01-25,G007,Instant Noodles,Packaged Foods,North,419,17.41,0.0,0.0,7294.79
2025-05-16,G005,Cooking Oil 1L,Staples,South,75,135.51,0.0,0.0,10163.25
2025-05-11,G003,Eggs (12),Dairy,North,85,88.2,0.0,0.0,7497.0
2025-12-28,G002,Bread Loaf,Bakery,North,163,46.72,0.0,0.0,7615.36
2025-07-06,G001,Milk 1L,Dairy,West,292,54.98,0.0,0.0,16054.16
2025-02-01,G002,Bread Loaf,Bakery,North,321,44.46,0.0,0.0,14271.66
2025-05-08,G004,Rice 5kg,Staples,East,28,331.24,5.0,0.0,8810.98
2025-08-30,G003,Eggs (12),Dairy,East,180,89.55,0.0,0.0,16119.0
2025-11-11,G007,Instant Noodles,Packaged Foods,North,244,17.88,0.0,0.0,4362.72
2025-06-22,G005,Cooking Oil 1L,Staples,South,114,142.43,0.0,0.0,16237.02
2025-07-10,G003,Eggs (12),Dairy,West,105,86.9,0.0,0.0,9124.5
2025-12-25,G002,Bread Loaf,Bakery,South,113,44.61,5.0,0.0,4788.88
2025-01-30,G007,Instant Noodles,Packaged Foods,East,268,17.58,0.0,0.0,4711.44
2025-08-26,G005,Cooking Oil 1L,Staples,South,99,141.63,10.0,0.0,12619.23
2025-03-13,G006,Bananas 1kg,Produce,East,173,39.4,0.0,0.0,6816.2
2025-02-04,G006,Bananas 1kg,Produce,East,130,40.24,0.0,0.0,5231.2
2025-12-02,G004,Rice 5kg,Staples,East,60,323.36,0.0,0.0,19401.6
2025-08-08,G005,Cooking Oil 1L,Staples,South,90,140.36,0.0,0.0,12632.4
2025-10-15,G004,Rice 5kg,Staples,West,72,325.8,0.0,0.0,23457.6
2025-05-18,G006,Bananas 1kg,Produce,North,187,40.83,0.0,0.0,7635.21
2025-03-16,G001,Milk 1L,Dairy,South,228,53.89,10.0,0.0,11058.23
2025-01-07,G006,Bananas 1kg,Produce,East,187,41.48,10.0,594.5,6981.08
2025-11-22,G006,Bananas 1kg,Produce,East,361,40.71,0.0,0.0,14696.31
2025-12-24,G006,Bananas 1kg,Produce,East,179,39.22,0.0,0.0,7020.38
2025-05-06,G002,Bread Loaf,Bakery,South,162,46.64,0.0,403.1,7555.68
2025-07-01,G005,Cooking Oil 1L,Staples,South,119,145.58,0.0,0.0,17324.02
2025-03-30,G006,Bananas 1kg,Produce,East,227,40.95,0.0,0.0,9295.65
2025-05-31,G001,Milk 1L,Dairy,West,417,55.6,0.0,638.7,23185.2
2025-12-24,G003,Eggs (12),Dairy,East,93,88.09,10.0,0.0,7373.13
2025-01-07,G001,Milk 1L,Dairy,West,184,56.7,0.0,738.36,10432.8
2025-02-23,G003,Eggs (12),Dairy,South,114,87.31,0.0,0.0,9953.34
2025-09-27,G003,Eggs (12),Dairy,South,169,87.6,0.0,0.0,14804.4
2025-03-21,G003,Eggs (12),Dairy,West,121,88.39,0.0,0.0,10695.19
2025-07-23,G001,Milk 1L,Dairy,East,224,55.37,0.0,0.0,12402.88
2025-01-01,G007,Instant Noodles,Packaged Foods,West,320,18.34,0.0,758.03,5868.8
2025-03-08,G006,Bananas 1kg,Produce,West,165,38.62,0.0,0.0,6372.3
2025-04-18,G007,Instant Noodles,Packaged Foods,East,216,18.54,0.0,0.0,4004.64
2025-10-06,G001,Milk 1L,Dairy,West,296,53.72,0.0,0.0,15901.12
2025-04-16,G001,Milk 1L,Dairy,East,254,57.14,0.0,274.74,14513.56
2025-08-13,G007,Instant Noodles,Packaged Foods,North,172,17.59,0.0,613.52,3025.48
2025-02-20,G006,Bananas 1kg,Produce,North,225,41.44,0.0,0.0,9324.0
2025-06-29,G005,Cooking Oil 1L,Staples,East,121,144.76,0.0,0.0,17515.96
2025-01-07,G005,Cooking Oil 1L,Staples,South,96,145.06,5.0,0.0,13229.47
2025-07-23,G006,Bananas 1kg,Produce,East,131,39.15,0.0,148.39,5128.65
2025-06-27,G004,Rice 5kg,Staples,West,67,329.16,0.0,0.0,22053.72
2025-04-25,G003,Eggs (12),Dairy,West,106,89.43,0.0,0.0,9479.58
2025-06-23,G006,Bananas 1kg,Produce,North,176,39.74,0.0,0.0,6994.24
2025-09-30,G007,Instant Noodles,Packaged Foods,West,313,17.46,0.0,0.0,5464.98
2025-10-17,G002,Bread Loaf,Bakery,East,185,44.55,0.0,0.0,8241.75
2025-11-04,G002,Bread Loaf,Bakery,East,169,44.06,0.0,0.0,7446.14
2025-09-02,G003,Eggs (12),Dairy,South,149,90.71,0.0,0.0,13515.79
2025-05-13,G001,Milk 1L,Dairy,North,244,53.41,0.0,0.0,13032.04
2025-05-07,G006,Bananas 1kg,Produce,West,115,40.09,0.0,270.9,4610.35
2025-04-28,G005,Cooking Oil 1L,Staples,East,83,143.55,0.0,0.0,11914.65
2025-02-19,G007,Instant Noodles,Packaged Foods,North,223,18.23,0.0,0.0,4065.29
2025-05-27,G001,Milk 1L,Dairy,North,223,55.79,5.0,0.0,11819.11
2025-08-13,G005,Cooking Oil 1L,Staples,East,92,144.79,0.0,0.0,13320.68
2025-02-12,G005,Cooking Oil 1L,Staples,South,75,138.24,0.0,0.0,10368.0
2025-09-19,G005,Cooking Oil 1L,Staples,East,54,137.84,10.0,0.0,6699.02
2025-01-12,G006,Bananas 1kg,Produce,North,296,38.73,0.0,0.0,11464.08
2025-12-06,G006,Bananas 1kg,Produce,East,220,40.37,5.0,0.0,8437.33
2025-01-30,G003,Eggs (12),Dairy,West,122,89.66,5.0,0.0,10391.59
2025-08-18,G007,Instant Noodles,Packaged Foods,South,179,18.28,0.0,0.0,3272.12
2025-02-25,G007,Instant Noodles,Packaged Foods,West,273,17.93,0.0,0.0,4894.89
2025-03-29,G004,Rice 5kg,Staples,West,78,320.21,0.0,0.0,24976.38
2025-03-09,G007,Instant Noodles,Packaged Foods,North,449,17.55,10.0,795.61,7091.96
2025-08-17,G006,Bananas 1kg,Produce,West,122,41.57,0.0,0.0,5071.54
2025-06-11,G005,Cooking Oil 1L,Staples,North,85,138.12,0.0,0.0,11740.2
2025-07-15,G006,Bananas 1kg,Produce,West,89,40.06,0.0,0.0,3565.34
2025-08-23,G003,Eggs (12),Dairy,North,110,90.08,0.0,0.0,9908.8
2025-10-18,G005,Cooking Oil 1L,Staples,West,164,137.02,0.0,0.0,22471.28
2025-09-07,G003,Eggs (12),Dairy,South,139,92.16,5.0,0.0,12169.73
2025-12-15,G005,Cooking Oil 1L,Staples,West,103,135.35,0.0,0.0,13941.05
2025-04-23,G004,Rice 5kg,Staples,North,54,315.59,0.0,0.0,17041.86
2025-12-09,G003,Eggs (12),Dairy,North,77,91.47,0.0,0.0,7043.19
2025-01-17,G007,Instant Noodles,Packaged Foods,North,298,17.84,5.0,436.32,5050.5
2025-05-20,G002,Bread Loaf,Bakery,East,192,46.32,10.0,0.0,8004.1
2025-02-21,G005,Cooking Oil 1L,Staples,West,84,135.59,0.0,0.0,11389.56
2025-12-01,G006,Bananas 1kg,Produce,North,338,40.52,0.0,0.0,13695.76
2025-08-16,G001,Milk 1L,Dairy,South,260,54.29,0.0,0.0,14115.4
2025-02-02,G003,Eggs (12),Dairy,East,258,90.35,0.0,0.0,23310.3
2025-01-13,G001,Milk 1L,Dairy,West,240,55.57,0.0,0.0,13336.8
2025-01-05,G004,Rice 5kg,Staples,East,59,314.92,0.0,0.0,18580.28
2025-12-12,G001,Milk 1L,Dairy,North,304,53.81,0.0,0.0,16358.24
2025-01-16,G002,Bread Loaf,Bakery,North,163,45.96,10.0,0.0,6742.33
2025-04-19,G001,Milk 1L,Dairy,East,292,56.07,0.0,0.0,16372.44
2025-12-04,G006,Bananas 1kg,Produce,South,102,38.84,0.0,0.0,3961.68
2025-05-09,G001,Milk 1L,Dairy,East,238,53.19,0.0,0.0,12659.22
2025-10-31,G002,Bread Loaf,Bakery,West,130,45.36,5.0,0.0,5601.96
2025-08-07,G002,Bread Loaf,Bakery,West,144,43.84,0.0,0.0,6312.96
2025-01-27,G004,Rice 5kg,Staples,East,15,313.66,0.0,0.0,4704.9
2025-12-06,G004,Rice 5kg,Staples,East,86,332.09,0.0,0.0,28559.74
2025-05-15,G004,Rice 5kg,Staples,South,56,320.14,0.0,0.0,17927.84
2025-07-16,G004,Rice 5kg,Staples,North,53,331.01,10.0,0.0,15789.18
2025-11-20,G003,Eggs (12),Dairy,North,78,93.18,0.0,0.0,7268.04
2025-07-06,G002,Bread Loaf,Bakery,East,240,46.15,5.0,0.0,10522.2
2025-04-16,G001,Milk 1L,Dairy,West,283,56.76,0.0,0.0,16063.08
2025-04-20,G006,Bananas 1kg,Produce,South,155,40.3,0.0,0.0,6246.5
2025-12-19,G006,Bananas 1kg,Produce,South,141,39.66,0.0,0.0,5592.06
2025-01-26,G003,Eggs (12),Dairy,West,101,90.22,0.0,0.0,9112.22
2025-11-10,G003,Eggs (12),Dairy,East,113,87.67,0.0,0.0,9906.71
2025-06-27,G002,Bread Loaf,Bakery,West,161,43.86,0.0,0.0,7061.46
2025-08-07,G007,Instant Noodles,Packaged Foods,West,267,18.41,0.0,0.0,4915.47
2025-10-17,G003,Eggs (12),Dairy,North,81,91.78,0.0,0.0,7434.18
2025-12-20,G004,Rice 5kg,Staples,West,85,329.07,0.0,242.49,27970.95
2025-02-09,G006,Bananas 1kg,Produce,North,178,40.74,0.0,0.0,7251.72
2025-02-20,G004,Rice 5kg,Staples,West,49,322.84,0.0,0.0,15819.16
2025-11-08,G004,Rice 5kg,Staples,North,107,329.59,5.0,0.0,33502.82
2025-11-09,G002,Bread Loaf,Bakery,East,295,46.46,0.0,0.0,13705.7
2025-08-09,G006,Bananas 1kg,Produce,East,233,41.32,0.0,0.0,9627.56
2025-11-24,G006,Bananas 1kg,Produce,West,143,38.4,0.0,113.2,5491.2
2025-09-02,G001,Milk 1L,Dairy,South,319,53.13,0.0,0.0,16948.47
2025-11-18,G005,Cooking Oil 1L,Staples,West,111,137.71,0.0,0.0,15285.81
2025-08-26,G004,Rice 5kg,Staples,West,29,316.4,0.0,0.0,9175.6
2025-11-12,G006,Bananas 1kg,Produce,North,154,39.37,0.0,0.0,6062.98
2025-05-01,G006,Bananas 1kg,Produce,North,208,38.51,5.0,0.0,7609.58
2025-07-01,G003,Eggs (12),Dairy,South,172,93.49,0.0,0.0,16080.28
2025-04-05,G007,Instant Noodles,Packaged Foods,North,240,17.59,0.0,110.04,4221.6
2025-03-25,G006,Bananas 1kg,Produce,West,108,39.25,0.0,0.0,4239.0
2025-03-02,G007,Instant Noodles,Packaged Foods,North,536,18.22,0.0,0.0,9765.92
2025-10-26,G001,Milk 1L,Dairy,North,368,55.15,0.0,751.36,20295.2
2025-10-22,G001,Milk 1L,Dairy,East,307,53.36,0.0,0.0,16381.52
2025-07-28,G005,Cooking Oil 1L,Staples,West,124,141.82,0.0,0.0,17585.68
2025-04-11,G004,Rice 5kg,Staples,South,61,318.06,0.0,0.0,19401.66
2025-08-02,G006,Bananas 1kg,Produce,West,187,38.74,0.0,773.55,7244.38
2025-01-08,G004,Rice 5kg,Staples,West,18,309.7,0.0,0.0,5574.6
2025-01-24,G001,Milk 1L,Dairy,West,169,53.42,0.0,0.0,9027.98
2025-12-03,G004,Rice 5kg,Staples,South,97,312.59,0.0,0.0,30321.23
2025-01-09,G006,Bananas 1kg,Produce,South,113,38.5,5.0,0.0,4132.97
2025-11-17,G001,Milk 1L,Dairy,East,160,53.01,0.0,0.0,8481.6
2025-01-10,G006,Bananas 1kg,Produce,South,64,38.94,0.0,0.0,2492.16
2025-09-08,G005,Cooking Oil 1L,Staples,North,91,136.66,0.0,0.0,12436.06
2025-07-07,G001,Milk 1L,Dairy,South,111,53.77,0.0,0.0,5968.47
2025-07-19,G006,Bananas 1kg,Produce,North,221,40.84,0.0,673.32,9025.64
2025-05-09,G002,Bread Loaf,Bakery,West,122,44.64,10.0,0.0,4901.47
2025-07-13,G005,Cooking Oil 1L,Staples,West,121,137.13,0.0,0.0,16592.73
2025-05-21,G006,Bananas 1kg,Produce,East,115,40.51,0.0,0.0,4658.65
2025-12-02,G004,Rice 5kg,Staples,South,79,309.01,0.0,0.0,24411.79
2025-11-05,G003,Eggs (12),Dairy,North,67,91.4,10.0,0.0,5511.42
2025-12-14,G002,Bread Loaf,Bakery,East,398,44.14,0.0,0.0,17567.72
2025-03-24,G003,Eggs (12),Dairy,North,96,88.45,5.0,0.0,8066.64
2025-05-25,G001,Milk 1L,Dairy,East,329,55.35,0.0,0.0,18210.15
2025-11-02,G003,Eggs (12),Dairy,South,178,90.76,0.0,0.0,16155.28
2025-03-17,G006,Bananas 1kg,Produce,East,132,41.43,0.0,0.0,5468.76
2025-10-07,G007,Instant Noodles,Packaged Foods,South,242,18.23,0.0,0.0,4411.66
2025-05-13,G001,Milk 1L,Dairy,West,175,56.26,0.0,0.0,9845.5
2025-11-04,G007,Instant Noodles,Packaged Foods,East,323,18.33,0.0,0.0,5920.59
2025-01-18,G002,Bread Loaf,Bakery,East,198,44.43,0.0,0.0,8797.14
2025-03-26,G005,Cooking Oil 1L,Staples,North,87,142.86,10.0,0.0,11185.94
2025-10-11,G001,Milk 1L,Dairy,South,209,55.71,5.0,0.0,11061.22
2025-08-04,G001,Milk 1L,Dairy,West,324,53.69,0.0,600.58,17395.56
2025-10-26,G005,Cooking Oil 1L,Staples,North,95,144.93,0.0,0.0,13768.35
2025-12-18,G004,Rice 5kg,Staples,North,67,325.86,0.0,0.0,21832.62
2025-01-20,G003,Eggs (12),Dairy,West,100,89.12,0.0,0.0,8912.0
2025-06-17,G005,Cooking Oil 1L,Staples,West,75,138.68,0.0,0.0,10401.0
2025-08-09,G005,Cooking Oil 1L,Staples,East,147,141.85,0.0,0.0,20851.95
2025-04-10,G001,Milk 1L,Dairy,South,161,56.75,0.0,0.0,9136.75
2025-04-06,G005,Cooking Oil 1L,Staples,North,148,140.38,0.0,0.0,20776.24
2025-08-21,G003,Eggs (12),Dairy,South,77,88.67,0.0,0.0,6827.59
2025-02-07,G007,Instant Noodles,Packaged Foods,West,380,17.39,10.0,0.0,5947.38
2025-10-17,G006,Bananas 1kg,Produce,North,186,40.6,0.0,0.0,7551.6
2025-09-18,G007,Instant Noodles,Packaged Foods,North,315,17.43,0.0,0.0,5490.45
2025-07-03,G005,Cooking Oil 1L,Staples,West,171,141.29,10.0,0.0,21744.53
2025-04-19,G002,Bread Loaf,Bakery,West,132,44.59,0.0,0.0,5885.88
2025-12-27,G005,Cooking Oil 1L,Staples,South,105,142.09,0.0,0.0,14919.45
2025-10-09,G002,Bread Loaf,Bakery,East,169,45.73,5.0,0.0,7341.95
2025-11-12,G002,Bread Loaf,Bakery,East,241,44.86,0.0,69.17,10811.26
2025-03-05,G007,Instant Noodles,Packaged Foods,North,255,18.65,0.0,0.0,4755.75
2025-08-18,G002,Bread Loaf,Bakery,North,171,44.61,0.0,0.0,7628.31
2025-08-18,G006,Bananas 1kg,Produce,South,79,41.21,0.0,0.0,3255.59
2025-10-24,G003,Eggs (12),Dairy,East,105,91.93,0.0,0.0,9652.65
2025-10-29,G003,Eggs (12),Dairy,South,103,92.32,0.0,0.0,9508.96
2025-04-06,G004,Rice 5kg,Staples,North,44,316.85,0.0,0.0,13941.4
2025-08-13,G007,Instant Noodles,Packaged Foods,West,370,17.52,0.0,0.0,6482.4
2025-08-10,G002,Bread Loaf,Bakery,South,213,43.93,0.0,0.0,9357.09
2025-02-04,G005,Cooking Oil 1L,Staples,East,76,138.14,0.0,431.69,10498.64
2025-10-15,G004,Rice 5kg,Staples,East,54,329.47,0.0,0.0,17791.38
2025-04-22,G002,Bread Loaf,Bakery,North,153,45.24,0.0,0.0,6921.72
2025-02-05,G006,Bananas 1kg,Produce,East,140,41.53,10.0,0.0,5232.78
2025-06-12,G003,Eggs (12),Dairy,South,115,88.53,0.0,0.0,10180.95
2025-08-22,G007,Instant Noodles,Packaged Foods,East,368,18.64,0.0,0.0,6859.52
2025-09-21,G003,Eggs (12),Dairy,West,203,92.0,0.0,287.37,18676.0
2025-03-09,G002,Bread Loaf,Bakery,South,181,44.88,0.0,0.0,8123.28
2025-02-02,G007,Instant Noodles,Packaged Foods,South,609,17.69,10.0,0.0,9695.89
2025-08-18,G003,Eggs (12),Dairy,South,97,91.8,0.0,0.0,8904.6
2025-08-15,G005,Cooking Oil 1L,Staples,East,86,137.2,10.0,0.0,10619.28
2025-03-25,G004,Rice 5kg,Staples,North,50,315.88,0.0,0.0,15794.0
2025-01-14,G001,Milk 1L,Dairy,West,209,54.14,5.0,593.05,10749.5
2025-11-21,G001,Milk 1L,Dairy,North,402,54.2,0.0,0.0,21788.4
2025-12-30,G001,Milk 1L,Dairy,North,302,53.4,0.0,0.0,16126.8
2025-01-16,G002,Bread Loaf,Bakery,South,167,44.93,0.0,0.0,7503.31
2025-06-13,G006,Bananas 1kg,Produce,South,115,39.25,0.0,0.0,4513.75
2025-07-07,G004,Rice 5kg,Staples,West,67,318.98,0.0,0.0,21371.66
2025-06-08,G001,Milk 1L,Dairy,South,275,56.5,0.0,0.0,15537.5
2025-12-25,G004,Rice 5kg,Staples,East,52,309.31,0.0,0.0,16084.12
2025-09-27,G006,Bananas 1kg,Produce,South,165,39.94,10.0,0.0,5931.09
2025-12-26,G006,Bananas 1kg,Produce,North,171,41.14,0.0,0.0,7034.94
2025-09-21,G004,Rice 5kg,Staples,East,59,316.49,0.0,0.0,18672.91
2025-03-25,G005,Cooking Oil 1L,Staples,East,68,143.18,0.0,94.66,9736.24
2025-08-27,G003,Eggs (12),Dairy,West,141,90.85,0.0,0.0,12809.85
2025-07-09,G003,Eggs (12),Dairy,East,98,92.21,0.0,0.0,9036.58
2025-02-25,G007,Instant Noodles,Packaged Foods,South,312,17.54,0.0,0.0,5472.48
2025-03-06,G005,Cooking Oil 1L,Staples,West,100,142.14,0.0,0.0,14214.0
2025-10-16,G002,Bread Loaf,Bakery,West,120,45.05,0.0,0.0,5406.0
2025-12-19,G006,Bananas 1kg,Produce,West,96,40.75,0.0,0.0,3912.0
2025-02-22,G002,Bread Loaf,Bakery,West,233,45.26,0.0,0.0,10545.58
2025-02-04,G003,Eggs (12),Dairy,East,87,89.95,0.0,0.0,7825.65
2025-05-21,G003,Eggs (12),Dairy,East,120,87.03,0.0,139.43,10443.6
2025-05-30,G001,Milk 1L,Dairy,North,222,53.98,10.0,0.0,10785.2
2025-05-28,G003,Eggs (12),Dairy,East,99,87.35,0.0,0.0,8647.65
2025-03-31,G006,Bananas 1kg,Produce,East,141,39.9,0.0,0.0,5625.9
2025-05-06,G005,Cooking Oil 1L,Staples,West,79,143.67,0.0,0.0,11349.93
2025-05-10,G004,Rice 5kg,Staples,South,94,329.75,0.0,0.0,30996.5
2025-03-20,G007,Instant Noodles,Packaged Foods,East,246,17.65,0.0,0.0,4341.9
2025-04-02,G003,Eggs (12),Dairy,West,123,90.51,0.0,0.0,11132.73
2025-07-25,G003,Eggs (12),Dairy,West,86,92.45,0.0,0.0,7950.7
2025-07-04,G004,Rice 5kg,Staples,West,68,331.21,0.0,537.95,22522.28
2025-07-02,G001,Milk 1L,Dairy,West,282,52.81,0.0,348.76,14892.42
2025-08-14,G003,Eggs (12),Dairy,North,77,91.79,0.0,0.0,7067.83
2025-08-23,G002,Bread Loaf,Bakery,South,238,44.49,0.0,0.0,10588.62
2025-06-04,G003,Eggs (12),Dairy,East,93,90.05,0.0,0.0,8374.65
2025-09-14,G001,Milk 1L,Dairy,East,376,55.0,0.0,0.0,20680.0
2025-01-25,G001,Milk 1L,Dairy,North,260,56.64,0.0,0.0,14726.4
2025-07-18,G006,Bananas 1kg,Produce,East,246,39.99,5.0,0.0,9345.66
2025-12-21,G006,Bananas 1kg,Produce,East,327,40.46,5.0,0.0,12568.9
2025-01-28,G004,Rice 5kg,Staples,South,61,314.59,10.0,0.0,17270.99
2025-03-25,G002,Bread Loaf,Bakery,West,125,44.18,0.0,0.0,5522.5
2025-12-01,G002,Bread Loaf,Bakery,South,235,43.52,10.0,0.0,9204.48
2025-09-01,G005,Cooking Oil 1L,Staples,West,153,144.32,10.0,0.0,19872.86
2025-08-27,G004,Rice 5kg,Staples,South,71,329.45,0.0,0.0,23390.95
2025-06-08,G007,Instant Noodles,Packaged Foods,South,306,17.63,0.0,793.16,5394.78
2025-07-18,G006,Bananas 1kg,Produce,West,98,39.77,5.0,0.0,3702.59
2025-09-12,G003,Eggs (12),Dairy,West,89,93.12,0.0,0.0,8287.68
2025-06-25,G003,Eggs (12),Dairy,South,129,93.52,0.0,0.0,12064.08
2025-01-26,G004,Rice 5kg,Staples,West,51,311.71,0.0,744.17,15897.21
2025-06-23,G001,Milk 1L,Dairy,West,177,56.64,0.0,0.0,10025.28
2025-01-20,G006,Bananas 1kg,Produce,East,152,40.26,0.0,0.0,6119.52
2025-02-11,G006,Bananas 1kg,Produce,North,215,40.62,0.0,0.0,8733.3
2025-12-19,G007,Instant Noodles,Packaged Foods,South,302,17.88,0.0,0.0,5399.76
2025-10-19,G005,Cooking Oil 1L,Staples,South,84,145.36,0.0,0.0,12210.24
2025-04-11,G002,Bread Loaf,Bakery,East,186,46.22,0.0,0.0,8596.92
2025-04-14,G002,Bread Loaf,Bakery,South,175,45.32,0.0,0.0,7931.0
2025-02-16,G001,Milk 1L,Dairy,South,214,53.97,0.0,0.0,11549.58
2025-06-09,G001,Milk 1L,Dairy,East,248,53.66,0.0,0.0,13307.68
2025-10-02,G002,Bread Loaf,Bakery,South,220,45.14,0.0,0.0,9930.8
2025-10-05,G002,Bread Loaf,Bakery,South,233,44.18,0.0,0.0,10293.94
2025-07-23,G005,Cooking Oil 1L,Staples,East,123,139.42,0.0,339.74,17148.66
2025-12-10,G005,Cooking Oil 1L,Staples,West,77,135.58,0.0,0.0,10439.66
2025-01-02,G003,Eggs (12),Dairy,West,164,90.08,0.0,0.0,14773.12
2025-11-29,G004,Rice 5kg,Staples,West,82,316.86,10.0,0.0,23384.27
2025-11-16,G006,Bananas 1kg,Produce,West,218,39.61,0.0,0.0,8634.98
2025-03-09,G005,Cooking Oil 1L,Staples,East,92,138.53,0.0,0.0,12744.76
2025-11-24,G004,Rice 5kg,Staples,South,65,308.45,0.0,0.0,20049.25
2025-03-09,G006,Bananas 1kg,Produce,East,239,41.4,0.0,0.0,9894.6
2025-09-21,G005,Cooking Oil 1L,Staples,North,61,143.48,5.0,0.0,8314.67
2025-09-23,G006,Bananas 1kg,Produce,North,153,39.06,0.0,0.0,5976.18
2025-02-04,G004,Rice 5kg,Staples,South,67,331.66,0.0,0.0,22221.22
2025-01-18,G005,Cooking Oil 1L,Staples,West,114,135.99,5.0,0.0,14727.72
2025-08-01,G007,Instant Noodles,Packaged Foods,East,517,17.31,0.0,0.0,8949.27
2025-03-28,G002,Bread Loaf,Bakery,East,148,44.67,0.0,0.0,6611.16
2025-06-24,G006,Bananas 1kg,Produce,East,209,39.41,0.0,429.75,8236.69
2025-05-03,G005,Cooking Oil 1L,Staples,North,204,140.72,0.0,0.0,28706.88
2025-09-09,G007,Instant Noodles,Packaged Foods,South,292,18.36,0.0,162.72,5361.12
2025-10-20,G004,Rice 5kg,Staples,East,55,314.32,0.0,0.0,17287.6
2025-12-14,G002,Bread Loaf,Bakery,South,196,46.65,10.0,0.0,8229.06
2025-11-25,G006,Bananas 1kg,Produce,West,142,41.59,0.0,150.27,5905.78
2025-02-27,G005,Cooking Oil 1L,Staples,North,92,136.85,0.0,0.0,12590.2
2025-02-10,G006,Bananas 1kg,Produce,South,88,38.84,0.0,0.0,3417.92
2025-04-05,G002,Bread Loaf,Bakery,North,111,46.27,10.0,0.0,4622.37
2025-01-24,G006,Bananas 1kg,Produce,West,132,39.06,5.0,320.93,4898.12
2025-10-31,G001,Milk 1L,Dairy,East,334,55.06,0.0,0.0,18390.04
2025-02-21,G007,Instant Noodles,Packaged Foods,North,225,18.06,0.0,0.0,4063.5
2025-12-01,G003,Eggs (12),Dairy,North,109,90.41,0.0,0.0,9854.69
2025-04-18,G004,Rice 5kg,Staples,North,50,312.23,0.0,0.0,15611.5
2025-12-28,G002,Bread Loaf,Bakery,West,167,46.67,5.0,651.05,7404.2
2025-08-12,G004,Rice 5kg,Staples,West,27,331.6,0.0,0.0,8953.2
2025-11-27,G007,Instant Noodles,Packaged Foods,South,204,17.94,0.0,181.33,3659.76
2025-01-19,G001,Milk 1L,Dairy,West,270,55.31,0.0,0.0,14933.7
2025-10-11,G007,Instant Noodles,Packaged Foods,West,604,18.04,0.0,0.0,10896.16
2025-08-18,G002,Bread Loaf,Bakery,South,191,43.93,10.0,0.0,7551.57
2025-06-10,G004,Rice 5kg,Staples,North,67,308.48,5.0,0.0,19634.75
2025-05-27,G004,Rice 5kg,Staples,South,47,318.64,0.0,0.0,14976.08
2025-01-03,G002,Bread Loaf,Bakery,South,240,44.39,0.0,128.91,10653.6
2025-12-08,G001,Milk 1L,Dairy,South,154,56.05,0.0,0.0,8631.7
2025-01-24,G004,Rice 5kg,Staples,West,60,326.51,0.0,0.0,19590.6
2025-01-05,G006,Bananas 1kg,Produce,West,160,38.49,0.0,0.0,6158.4
2025-06-24,G003,Eggs (12),Dairy,West,116,91.95,10.0,0.0,9599.58
2025-01-28,G002,Bread Loaf,Bakery,West,169,44.86,0.0,0.0,7581.34
2025-12-03,G003,Eggs (12),Dairy,North,120,87.91,10.0,0.0,9494.28
2025-10-30,G007,Instant Noodles,Packaged Foods,North,356,18.07,0.0,0.0,6432.92
2025-04-24,G003,Eggs (12),Dairy,East,99,89.65,10.0,0.0,7987.82
2025-02-13,G001,Milk 1L,Dairy,West,276,55.51,0.0,0.0,15320.76
2025-09-25,G004,Rice 5kg,Staples,North,48,318.6,0.0,0.0,15292.8
2025-07-17,G006,Bananas 1kg,Produce,East,182,41.06,0.0,0.0,7472.92
2025-02-10,G002,Bread Loaf,Bakery,East,145,45.83,0.0,0.0,6645.35
2025-10-18,G004,Rice 5kg,Staples,East,83,317.46,0.0,0.0,26349.18
2025-01-22,G002,Bread Loaf,Bakery,East,136,44.79,5.0,521.12,5786.87
2025-07-12,G001,Milk 1L,Dairy,South,205,57.12,0.0,0.0,11709.6
2025-08-04,G003,Eggs (12),Dairy,South,75,87.67,0.0,0.0,6575.25
2025-03-15,G003,Eggs (12),Dairy,East,172,93.29,5.0,0.0,15243.59
2025-01-21,G007,Instant Noodles,Packaged Foods,East,249,17.98,0.0,0.0,4477.02
2025-06-14,G006,Bananas 1kg,Produce,East,265,39.4,5.0,0.0,9918.95
2025-11-17,G005,Cooking Oil 1L,Staples,West,108,141.18,0.0,589.78,15247.44
2025-12-28,G007,Instant Noodles,Packaged Foods,South,478,17.61,5.0,0.0,7996.7
2025-09-22,G007,Instant Noodles,Packaged Foods,East,264,18.56,0.0,0.0,4899.84
2025-11-07,G001,Milk 1L,Dairy,East,238,53.17,0.0,624.89,12654.46
2025-12-24,G004,Rice 5kg,Staples,South,72,316.85,0.0,0.0,22813.2
2025-01-08,G005,Cooking Oil 1L,Staples,West,111,141.64,0.0,0.0,15722.04
2025-07-28,G001,Milk 1L,Dairy,East,262,55.72,0.0,696.09,14598.64
2025-03-24,G005,Cooking Oil 1L,Staples,South,83,139.34,0.0,0.0,11565.22
2025-05-05,G002,Bread Loaf,Bakery,West,92,43.3,0.0,0.0,3983.6
2025-02-21,G007,Instant Noodles,Packaged Foods,East,318,17.39,0.0,795.41,5530.02
2025-05-05,G005,Cooking Oil 1L,Staples,West,68,144.97,10.0,0.0,8872.16
2025-01-09,G007,Instant Noodles,Packaged Foods,East,213,17.88,0.0,0.0,3808.44
2025-08-25,G006,Bananas 1kg,Produce,East,222,40.43,5.0,0.0,8526.69
2025-09-23,G006,Bananas 1kg,Produce,West,108,40.52,0.0,0.0,4376.16
2025-09-22,G006,Bananas 1kg,Produce,East,186,38.65,0.0,0.0,7188.9
2025-09-29,G004,Rice 5kg,Staples,East,38,311.08,0.0,0.0,11821.04
2025-04-21,G003,Eggs (12),Dairy,West,55,89.41,0.0,0.0,4917.55
2025-09-06,G005,Cooking Oil 1L,Staples,South,96,135.07,10.0,29.76,11670.05
2025-09-16,G003,Eggs (12),Dairy,South,99,92.58,0.0,594.37,9165.42
2025-03-26,G006,Bananas 1kg,Produce,West,153,41.44,0.0,0.0,6340.32
2025-03-16,G003,Eggs (12),Dairy,South,144,90.05,0.0,0.0,12967.2
2025-01-03,G005,Cooking Oil 1L,Staples,South,114,138.64,0.0,175.98,15804.96
2025-12-16,G006,Bananas 1kg,Produce,West,133,40.19,0.0,0.0,5345.27
2025-01-22,G004,Rice 5kg,Staples,North,41,327.07,0.0,0.0,13409.87
2025-06-15,G006,Bananas 1kg,Produce,East,140,40.21,0.0,0.0,5629.4
2025-08-07,G007,Instant Noodles,Packaged Foods,South,336,17.73,0.0,0.0,5957.28
2025-08-29,G004,Rice 5kg,Staples,South,53,329.78,5.0,0.0,16604.42
2025-07-30,G004,Rice 5kg,Staples,West,38,327.2,5.0,0.0,11811.92
2025-12-27,G005,Cooking Oil 1L,Staples,West,109,145.11,10.0,0.0,14235.29
2025-06-28,G004,Rice 5kg,Staples,West,111,325.3,0.0,0.0,36108.3
2025-09-21,G007,Instant Noodles,Packaged Foods,North,309,18.52,0.0,0.0,5722.68
2025-07-27,G002,Bread Loaf,Bakery,East,247,45.1,5.0,0.0,10582.72
2025-11-02,G003,Eggs (12),Dairy,East,226,88.66,0.0,0.0,20037.16
2025-03-27,G002,Bread Loaf,Bakery,East,197,44.58,0.0,0.0,8782.26
2025-07-04,G001,Milk 1L,Dairy,North,239,54.58,0.0,0.0,13044.62
2025-12-12,G004,Rice 5kg,Staples,North,57,318.95,10.0,356.85,16362.13
2025-12-05,G003,Eggs (12),Dairy,South,72,93.33,0.0,0.0,6719.76
2025-08-06,G001,Milk 1L,Dairy,West,209,56.22,0.0,0.0,11749.98
2025-10-27,G001,Milk 1L,Dairy,South,130,54.54,5.0,0.0,6735.69
2025-06-18,G005,Cooking Oil 1L,Staples,West,61,144.25,0.0,0.0,8799.25
2025-08-13,G005,Cooking Oil 1L,Staples,North,84,135.52,0.0,0.0,11383.68
2025-06-10,G006,Bananas 1kg,Produce,West,91,39.68,0.0,0.0,3610.88
2025-02-02,G006,Bananas 1kg,Produce,South,166,39.37,0.0,0.0,6535.42
2025-04-09,G006,Bananas 1kg,Produce,North,164,38.95,0.0,0.0,6387.8
2025-10-19,G005,Cooking Oil 1L,Staples,East,117,142.24,0.0,0.0,16642.08
2025-01-24,G001,Milk 1L,Dairy,South,178,53.92,0.0,0.0,9597.76
2025-03-13,G006,Bananas 1kg,Produce,North,192,39.03,0.0,0.0,7493.76
2025-02-08,G001,Milk 1L,Dairy,North,277,53.29,5.0,0.0,14023.26
2025-03-24,G002,Bread Loaf,Bakery,East,185,45.13,0.0,0.0,8349.05
2025-05-10,G002,Bread Loaf,Bakery,West,249,46.03,0.0,0.0,11461.47
2025-09-03,G003,Eggs (12),Dairy,South,155,89.05,10.0,0.0,12422.48
2025-10-23,G004,Rice 5kg,Staples,West,54,319.9,0.0,0.0,17274.6
2025-08-29,G006,Bananas 1kg,Produce,North,197,40.12,10.0,0.0,7113.28
2025-04-03,G007,Instant Noodles,Packaged Foods,South,363,17.75,0.0,383.94,6443.25
2025-04-29,G007,Instant Noodles,Packaged Foods,East,367,17.61,0.0,796.96,6462.87
2025-06-14,G005,Cooking Oil 1L,Staples,South,111,140.5,10.0,0.0,14035.95
2025-04-22,G003,Eggs (12),Dairy,West,83,88.33,10.0,0.0,6598.25
2025-03-08,G002,Bread Loaf,Bakery,East,161,45.52,0.0,297.97,7328.72
2025-09-22,G003,Eggs (12),Dairy,East,92,90.29,0.0,0.0,8306.68
2025-12-10,G002,Bread Loaf,Bakery,East,241,46.7,5.0,0.0,10691.97
2025-05-30,G005,Cooking Oil 1L,Staples,South,87,138.81,10.0,0.0,10868.82
2025-04-06,G001,Milk 1L,Dairy,North,306,54.25,0.0,0.0,16600.5
2025-01-05,G002,Bread Loaf,Bakery,West,242,46.02,0.0,0.0,11136.84
2025-08-26,G007,Instant Noodles,Packaged Foods,South,305,18.37,0.0,0.0,5602.85
2025-03-24,G007,Instant Noodles,Packaged Foods,West,268,17.52,0.0,0.0,4695.36
2025-09-01,G006,Bananas 1kg,Produce,South,136,39.5,5.0,121.75,5103.4
2025-02-12,G002,Bread Loaf,Bakery,South,183,43.53,10.0,0.0,7169.39
2025-11-04,G003,Eggs (12),Dairy,East,115,91.93,5.0,428.02,10043.35
2025-12-28,G004,Rice 5kg,Staples,West,55,321.82,10.0,0.0,15930.09
2025-10-24,G005,Cooking Oil 1L,Staples,North,82,144.12,0.0,0.0,11817.84
2025-08-25,G006,Bananas 1kg,Produce,North,149,40.91,0.0,0.0,6095.59
2025-08-11,G007,Instant Noodles,Packaged Foods,North,302,18.2,0.0,0.0,5496.4
2025-04-15,G007,Instant Noodles,Packaged Foods,West,231,17.43,0.0,0.0,4026.33
2025-01-13,G006,Bananas 1kg,Produce,West,117,40.77,0.0,0.0,4770.09
2025-10-31,G007,Instant Noodles,Packaged Foods,East,191,17.86,0.0,0.0,3411.26
2025-09-26,G001,Milk 1L,Dairy,South,216,54.89,0.0,213.57,11856.24
2025-11-16,G005,Cooking Oil 1L,Staples,East,83,143.92,0.0,0.0,11945.36
2025-06-26,G002,Bread Loaf,Bakery,West,120,43.89,0.0,0.0,5266.8
2025-02-18,G007,Instant Noodles,Packaged Foods,East,350,18.36,0.0,0.0,6426.0
2025-01-30,G001,Milk 1L,Dairy,North,226,53.8,0.0,0.0,12158.8
2025-08-05,G004,Rice 5kg,Staples,North,47,330.95,0.0,0.0,15554.65
2025-11-22,G004,Rice 5kg,Staples,South,65,331.1,0.0,0.0,21521.5
2025-05-07,G001,Milk 1L,Dairy,West,284,55.45,0.0,0.0,15747.8
2025-08-23,G007,Instant Noodles,Packaged Foods,South,481,17.8,0.0,0.0,8561.8
2025-02-14,G005,Cooking Oil 1L,Staples,West,62,137.18,0.0,0.0,8505.16
2025-12-01,G007,Instant Noodles,Packaged Foods,South,451,17.68,0.0,0.0,7973.68
2025-09-04,G002,Bread Loaf,Bakery,East,183,43.59,0.0,0.0,7976.97
2025-04-20,G002,Bread Loaf,Bakery,North,224,45.61,0.0,0.0,10216.64
2025-04-11,G001,Milk 1L,Dairy,South,148,53.53,0.0,0.0,7922.44
2025-06-13,G007,Instant Noodles,Packaged Foods,West,289,18.48,0.0,342.88,5340.72
2025-09-11,G001,Milk 1L,Dairy,South,202,56.4,0.0,0.0,11392.8
2025-04-20,G004,Rice 5kg,Staples,West,49,315.2,10.0,0.0,13900.32
2025-01-22,G005,Cooking Oil 1L,Staples,West,69,136.97,0.0,0.0,9450.93
2025-03-13,G001,Milk 1L,Dairy,West,218,54.46,0.0,0.0,11872.28
2025-03-15,G004,Rice 5kg,Staples,South,74,316.02,0.0,0.0,23385.48
2025-11-12,G003,Eggs (12),Dairy,North,108,86.65,0.0,0.0,9358.2
2025-11-29,G007,Instant Noodles,Packaged Foods,East,447,18.41,0.0,0.0,8229.27
2025-08-17,G002,Bread Loaf,Bakery,North,190,44.35,0.0,0.0,8426.5
2025-10-17,G006,Bananas 1kg,Produce,West,78,39.38,0.0,0.0,3071.64
2025-11-10,G005,Cooking Oil 1L,Staples,North,75,140.39,0.0,0.0,10529.25
2025-12-22,G007,Instant Noodles,Packaged Foods,West,330,18.41,0.0,0.0,6075.3
2025-01-11,G002,Bread Loaf,Bakery,South,203,43.87,0.0,0.0,8905.61
2025-12-09,G002,Bread Loaf,Bakery,West,181,45.44,5.0,0.0,7813.41
2025-08-16,G003,Eggs (12),Dairy,East,119,87.1,0.0,0.0,10364.9
2025-05-18,G003,Eggs (12),Dairy,North,124,92.5,0.0,0.0,11470.0
2025-01-30,G006,Bananas 1kg,Produce,West,73,39.96,0.0,0.0,2917.08
2025-10-23,G007,Instant Noodles,Packaged Foods,North,215,17.69,0.0,0.0,3803.35
2025-12-19,G001,Milk 1L,Dairy,North,260,54.95,0.0,0.0,14287.0
2025-09-14,G004,Rice 5kg,Staples,North,75,324.9,0.0,295.31,24367.5
2025-11-18,G002,Bread Loaf,Bakery,West,147,45.75,0.0,0.0,6725.25
2025-09-28,G007,Instant Noodles,Packaged Foods,West,570,17.41,0.0,0.0,9923.7
2025-04-10,G006,Bananas 1kg,Produce,North,161,40.83,0.0,0.0,6573.63
2025-10-08,G006,Bananas 1kg,Produce,South,101,38.6,0.0,0.0,3898.6
2025-11-16,G003,Eggs (12),Dairy,East,116,89.41,0.0,0.0,10371.56
2025-06-08,G006,Bananas 1kg,Produce,West,120,40.81,0.0,0.0,4897.2
2025-07-23,G004,Rice 5kg,Staples,West,48,331.37,0.0,0.0,15905.76
2025-09-23,G003,Eggs (12),Dairy,North,79,88.53,0.0,0.0,6993.87
2025-02-05,G002,Bread Loaf,Bakery,North,144,44.19,0.0,0.0,6363.36
2025-12-16,G002,Bread Loaf,Bakery,North,126,44.74,0.0,0.0,5637.24
2025-07-07,G006,Bananas 1kg,Produce,West,80,38.42,0.0,0.0,3073.6
2025-04-30,G001,Milk 1L,Dairy,East,222,54.65,0.0,0.0,12132.3
2025-05-19,G007,Instant Noodles,Packaged Foods,North,360,18.71,10.0,0.0,6062.04
2025-06-20,G007,Instant Noodles,Packaged Foods,North,170,18.53,0.0,444.63,3150.1
2025-04-20,G006,Bananas 1kg,Produce,North,210,38.79,10.0,0.0,7331.31
2025-04-30,G004,Rice 5kg,Staples,West,45,308.72,0.0,0.0,13892.4
2025-08-02,G001,Milk 1L,Dairy,West,409,56.95,0.0,0.0,23292.55
2025-11-12,G006,Bananas 1kg,Produce,West,79,38.98,0.0,0.0,3079.42
2025-05-19,G004,Rice 5kg,Staples,East,40,325.91,0.0,0.0,13036.4
2025-08-30,G004,Rice 5kg,Staples,North,100,308.04,0.0,0.0,30804.0
2025-11-17,G003,Eggs (12),Dairy,East,81,88.36,0.0,0.0,7157.16
2025-06-10,G007,Instant Noodles,Packaged Foods,South,266,18.26,0.0,0.0,4857.16
2025-04-13,G003,Eggs (12),Dairy,South,116,91.57,5.0,0.0,10091.01
2025-03-26,G003,Eggs (12),Dairy,East,114,91.27,0.0,0.0,10404.78
2025-11-04,G006,Bananas 1kg,Produce,East,162,39.73,0.0,0.0,6436.26
2025-08-23,G001,Milk 1L,Dairy,West,385,53.81,0.0,0.0,20716.85
2025-06-01,G005,Cooking Oil 1L,Staples,West,199,142.4,0.0,0.0,28337.6
2025-12-19,G003,Eggs (12),Dairy,West,84,88.1,0.0,0.0,7400.4
2025-10-05,G005,Cooking Oil 1L,Staples,West,124,137.26,0.0,0.0,17020.24
2025-02-04,G003,Eggs (12),Dairy,South,86,88.84,0.0,0.0,7640.24
2025-02-18,G004,Rice 5kg,Staples,West,36,322.83,0.0,0.0,11621.88
2025-05-19,G007,Instant Noodles,Packaged Foods,West,279,17.79,0.0,282.35,4963.41
2025-01-17,G002,Bread Loaf,Bakery,East,136,45.38,0.0,725.72,6171.68
2025-11-14,G007,Instant Noodles,Packaged Foods,North,230,17.77,10.0,0.0,3678.39
2025-03-21,G007,Instant Noodles,Packaged Foods,North,276,17.37,0.0,0.0,4794.12
2025-09-01,G007,Instant Noodles,Packaged Foods,North,212,18.7,0.0,0.0,3964.4
2025-09-25,G006,Bananas 1kg,Produce,East,124,38.94,0.0,0.0,4828.56
2025-12-16,G006,Bananas 1kg,Produce,South,116,38.85,10.0,0.0,4055.94
2025-11-13,G003,Eggs (12),Dairy,East,123,88.22,0.0,0.0,10851.06
2025-04-27,G005,Cooking Oil 1L,Staples,North,117,145.13,0.0,0.0,16980.21
2025-01-10,G003,Eggs (12),Dairy,West,90,87.42,0.0,0.0,7867.8
2025-06-26,G004,Rice 5kg,Staples,North,59,328.27,0.0,297.85,19367.93
2025-09-20,G006,Bananas 1kg,Produce,North,241,40.29,0.0,0.0,9709.89
2025-12-29,G001,Milk 1L,Dairy,West,71,56.74,0.0,689.63,4028.54
2025-10-03,G005,Cooking Oil 1L,Staples,West,116,143.8,0.0,0.0,16680.8
2025-11-15,G005,Cooking Oil 1L,Staples,East,105,144.46,0.0,0.0,15168.3
2025-04-01,G006,Bananas 1kg,Produce,West,89,41.04,0.0,410.06,3652.56
2025-05-13,G004,Rice 5kg,Staples,North,39,319.91,0.0,0.0,12476.49
2025-03-16,G006,Bananas 1kg,Produce,West,143,40.82,0.0,0.0,5837.26
2025-05-26,G006,Bananas 1kg,Produce,North,199,40.42,0.0,0.0,8043.58
2025-07-14,G004,Rice 5kg,Staples,West,47,332.53,0.0,0.0,15628.91
2025-02-24,G002,Bread Loaf,Bakery,West,101,45.66,0.0,220.75,4611.66
2025-09-04,G005,Cooking Oil 1L,Staples,East,83,141.56,5.0,0.0,11162.01
2025-03-27,G007,Instant Noodles,Packaged Foods,North,251,17.78,10.0,17.94,4016.5
2025-10-21,G004,Rice 5kg,Staples,South,59,318.6,0.0,0.0,18797.4
2025-03-11,G005,Cooking Oil 1L,Staples,North,64,135.03,10.0,0.0,7777.73
2025-01-03,G003,Eggs (12),Dairy,North,159,90.35,0.0,0.0,14365.65
2025-03-11,G003,Eggs (12),Dairy,East,125,93.46,10.0,649.28,10514.25
2025-04-25,G004,Rice 5kg,Staples,East,47,307.32,0.0,0.0,14444.04
2025-05-05,G007,Instant Noodles,Packaged Foods,East,257,18.08,10.0,0.0,4181.9
2025-09-23,G002,Bread Loaf,Bakery,South,157,44.41,0.0,0.0,6972.37
2025-02-12,G007,Instant Noodles,Packaged Foods,West,282,17.34,0.0,94.55,4889.88
2025-05-23,G007,Instant Noodles,Packaged Foods,East,172,17.59,0.0,0.0,3025.48
2025-06-19,G007,Instant Noodles,Packaged Foods,North,209,17.99,0.0,0.0,3759.91
2025-10-18,G001,Milk 1L,Dairy,West,311,55.83,0.0,0.0,17363.13
2025-07-08,G004,Rice 5kg,Staples,South,60,325.7,0.0,0.0,19542.0
2025-06-30,G003,Eggs (12),Dairy,West,116,87.7,0.0,0.0,10173.2
2025-11-25,G001,Milk 1L,Dairy,West,359,56.86,0.0,40.87,20412.74
2025-01-10,G005,Cooking Oil 1L,Staples,North,82,141.25,0.0,0.0,11582.5
2025-06-16,G004,Rice 5kg,Staples,South,49,310.73,0.0,0.0,15225.77
2025-07-17,G004,Rice 5kg,Staples,East,52,310.85,0.0,0.0,16164.2
2025-02-21,G005,Cooking Oil 1L,Staples,North,73,143.44,10.0,0.0,9424.01
2025-08-08,G001,Milk 1L,Dairy,East,223,55.64,0.0,0.0,12407.72
2025-04-28,G005,Cooking Oil 1L,Staples,South,94,136.81,0.0,0.0,12860.14
2025-12-15,G003,Eggs (12),Dairy,West,157,93.43,0.0,0.0,14668.51
2025-12-18,G007,Instant Noodles,Packaged Foods,East,260,17.71,0.0,0.0,4604.6
2025-03-27,G001,Milk 1L,Dairy,North,209,53.97,0.0,0.0,11279.73
2025-04-24,G001,Milk 1L,Dairy,North,234,55.35,5.0,0.0,12304.3
2025-10-25,G005,Cooking Oil 1L,Staples,East,79,138.6,0.0,0.0,10949.4
2025-12-08,G007,Instant Noodles,Packaged Foods,West,235,17.98,0.0,0.0,4225.3
2025-06-01,G001,Milk 1L,Dairy,South,393,55.19,5.0,0.0,20605.19
2025-08-04,G004,Rice 5kg,Staples,South,73,322.1,0.0,0.0,23513.3
2025-08-13,G006,Bananas 1kg,Produce,South,93,40.42,0.0,0.0,3759.06
2025-10-01,G005,Cooking Oil 1L,Staples,South,123,136.75,0.0,0.0,16820.25
2025-06-08,G004,Rice 5kg,Staples,South,65,314.07,0.0,0.0,20414.55
2025-04-04,G004,Rice 5kg,Staples,North,38,326.51,0.0,0.0,12407.38
2025-01-10,G006,Bananas 1kg,Produce,North,53,39.27,0.0,0.0,2081.31
2025-07-03,G006,Bananas 1kg,Produce,North,324,40.63,5.0,0.0,12505.91
2025-06-22,G002,Bread Loaf,Bakery,East,333,44.38,10.0,0.0,13300.69
2025-07-31,G001,Milk 1L,Dairy,West,221,56.61,0.0,0.0,12510.81
2025-03-20,G003,Eggs (12),Dairy,East,147,91.79,0.0,0.0,13493.13
2025-04-15,G006,Bananas 1kg,Produce,North,157,39.05,0.0,0.0,6130.85
2025-01-12,G007,Instant Noodles,Packaged Foods,West,264,17.66,0.0,715.31,4662.24
2025-06-11,G006,Bananas 1kg,Produce,West,121,40.61,0.0,641.07,4913.81
2025-11-02,G003,Eggs (12),Dairy,North,192,92.4,0.0,0.0,17740.8
2025-05-26,G003,Eggs (12),Dairy,South,114,93.05,0.0,116.15,10607.7
2025-05-29,G001,Milk 1L,Dairy,South,189,53.94,0.0,0.0,10194.66
2025-02-27,G005,Cooking Oil 1L,Staples,South,49,141.58,0.0,0.0,6937.42
2025-05-29,G002,Bread Loaf,Bakery,North,105,44.56,0.0,0.0,4678.8
2025-04-19,G004,Rice 5kg,Staples,West,67,332.1,0.0,376.87,22250.7
2025-08-20,G003,Eggs (12),Dairy,East,140,92.93,0.0,0.0,13010.2
2025-04-09,G002,Bread Loaf,Bakery,West,130,43.74,0.0,0.0,5686.2
2025-08-10,G007,Instant Noodles,Packaged Foods,West,584,18.28,0.0,0.0,10675.52
2025-12-15,G003,Eggs (12),Dairy,North,75,86.9,0.0,0.0,6517.5
2025-04-23,G006,Bananas 1kg,Produce,North,210,38.94,0.0,0.0,8177.4
2025-06-28,G002,Bread Loaf,Bakery,North,138,43.73,0.0,514.46,6034.74
2025-09-24,G005,Cooking Oil 1L,Staples,West,69,140.26,0.0,0.0,9677.94
2025-06-17,G001,Milk 1L,Dairy,South,137,53.79,0.0,0.0,7369.23
2025-09-17,G007,Instant Noodles,Packaged Foods,West,436,18.36,5.0,0.0,7604.71
2025-02-07,G006,Bananas 1kg,Produce,North,187,40.72,0.0,0.0,7614.64
2025-04-22,G001,Milk 1L,Dairy,East,241,53.53,10.0,0.0,11610.66
2025-11-14,G001,Milk 1L,Dairy,West,252,56.31,0.0,565.39,14190.12
2025-05-31,G005,Cooking Oil 1L,Staples,North,109,142.3,0.0,629.38,15510.7
2025-08-21,G006,Bananas 1kg,Produce,East,128,40.08,0.0,417.98,5130.24
2025-10-31,G006,Bananas 1kg,Produce,South,108,39.4,0.0,0.0,4255.2
2025-12-26,G006,Bananas 1kg,Produce,South,104,41.0,0.0,0.0,4264.0
2025-02-22,G002,Bread Loaf,Bakery,East,199,44.44,10.0,0.0,7959.2
2025-01-06,G004,Rice 5kg,Staples,East,40,318.56,0.0,0.0,12742.4
2025-02-24,G004,Rice 5kg,Staples,West,59,327.95,0.0,0.0,19349.05
2025-11-19,G004,Rice 5kg,Staples,North,68,329.67,0.0,0.0,22417.56
2025-03-02,G002,Bread Loaf,Bakery,North,176,44.06,10.0,0.0,6979.1
2025-10-06,G003,Eggs (12),Dairy,West,101,89.31,0.0,0.0,9020.31
2025-02-05,G007,Instant Noodles,Packaged Foods,West,256,17.77,0.0,0.0,4549.12
2025-10-04,G002,Bread Loaf,Bakery,West,160,43.72,0.0,0.0,6995.2
2025-08-30,G005,Cooking Oil 1L,Staples,East,82,143.98,10.0,0.0,10625.72
2025-11-03,G004,Rice 5kg,Staples,North,53,318.91,10.0,0.0,15212.01
2025-07-16,G002,Bread Loaf,Bakery,North,101,43.36,0.0,0.0,4379.36
2025-12-20,G004,Rice 5kg,Staples,East,61,332.74,0.0,0.0,20297.14
2025-10-03,G006,Bananas 1kg,Produce,South,128,40.82,0.0,0.0,5224.96
2025-10-01,G007,Instant Noodles,Packaged Foods,East,452,18.11,10.0,0.0,7367.15
2025-12-28,G004,Rice 5kg,Staples,South,90,327.94,0.0,0.0,29514.6
2025-06-11,G003,Eggs (12),Dairy,South,140,87.71,0.0,0.0,12279.4
2025-07-31,G002,Bread Loaf,Bakery,North,147,45.5,5.0,0.0,6354.07
2025-12-14,G005,Cooking Oil 1L,Staples,West,68,136.97,0.0,454.9,9313.96
2025-01-02,G003,Eggs (12),Dairy,East,169,93.08,0.0,586.4,15730.52
2025-01-12,G001,Milk 1L,Dairy,East,343,56.9,0.0,43.09,19516.7
2025-03-22,G003,Eggs (12),Dairy,South,120,89.51,0.0,0.0,10741.2
2025-02-23,G006,Bananas 1kg,Produce,East,226,38.56,0.0,0.0,8714.56
2025-08-21,G003,Eggs (12),Dairy,North,86,90.07,0.0,329.91,7746.02
2025-09-05,G005,Cooking Oil 1L,Staples,East,97,137.53,0.0,0.0,13340.41
2025-12-12,G004,Rice 5kg,Staples,West,64,317.23,0.0,0.0,20302.72
2025-07-03,G002,Bread Loaf,Bakery,South,324,46.29,0.0,0.0,14997.96
2025-03-25,G003,Eggs (12),Dairy,West,109,88.18,0.0,161.31,9611.62
2025-01-13,G004,Rice 5kg,Staples,West,54,317.42,5.0,0.0,16283.65
2025-06-05,G006,Bananas 1kg,Produce,East,138,39.35,0.0,0.0,5430.3
2025-01-14,G004,Rice 5kg,Staples,North,50,327.99,0.0,0.0,16399.5
2025-04-30,G006,Bananas 1kg,Produce,East,199,40.09,0.0,0.0,7977.91
2025-01-08,G006,Bananas 1kg,Produce,West,69,39.56,0.0,0.0,2729.64
2025-09-02,G001,Milk 1L,Dairy,East,308,57.13,0.0,0.0,17596.04
2025-12-23,G002,Bread Loaf,Bakery,East,178,44.96,0.0,0.0,8002.88
2025-12-09,G007,Instant Noodles,Packaged Foods,South,295,18.41,0.0,0.0,5430.95
2025-10-08,G004,Rice 5kg,Staples,West,59,312.37,5.0,0.0,17508.34
2025-08-20,G004,Rice 5kg,Staples,North,43,312.26,0.0,758.51,13427.18
2025-09-28,G003,Eggs (12),Dairy,North,67,90.99,0.0,0.0,6096.33
2025-04-22,G003,Eggs (12),Dairy,South,106,91.29,5.0,0.0,9192.9
2025-01-15,G005,Cooking Oil 1L,Staples,South,57,143.04,0.0,699.03,8153.28
2025-09-20,G001,Milk 1L,Dairy,East,365,53.94,0.0,0.0,19688.1
2025-05-31,G006,Bananas 1kg,Produce,South,122,41.19,5.0,0.0,4773.92
2025-07-13,G006,Bananas 1kg,Produce,North,295,40.69,0.0,540.45,12003.55
2025-05-20,G007,Instant Noodles,Packaged Foods,North,187,18.5,0.0,0.0,3459.5
2025-03-18,G002,Bread Loaf,Bakery,West,133,45.65,5.0,0.0,5767.88
2025-03-08,G007,Instant Noodles,Packaged Foods,North,374,18.11,0.0,0.0,6773.14
2025-07-21,G004,Rice 5kg,Staples,East,38,317.37,10.0,0.0,10854.05
2025-04-30,G003,Eggs (12),Dairy,East,112,91.09,0.0,725.8,10202.08
2025-09-08,G001,Milk 1L,Dairy,North,172,55.18,0.0,0.0,9490.96
2025-03-19,G007,Instant Noodles,Packaged Foods,West,285,18.52,10.0,0.0,4750.38
2025-05-07,G007,Instant Noodles,Packaged Foods,South,240,17.54,5.0,0.0,3999.12
2025-06-20,G003,Eggs (12),Dairy,North,71,92.13,5.0,0.0,6214.17
2025-07-14,G006,Bananas 1kg,Produce,East,145,40.01,10.0,0.0,5221.31
2025-10-30,G004,Rice 5kg,Staples,West,53,331.7,5.0,0.0,16701.09
2025-05-05,G003,Eggs (12),Dairy,North,63,93.15,0.0,0.0,5868.45
2025-04-12,G006,Bananas 1kg,Produce,North,122,40.22,0.0,0.0,4906.84
2025-04-16,G002,Bread Loaf,Bakery,East,121,43.85,5.0,0.0,5040.56
2025-10-23,G001,Milk 1L,Dairy,North,246,55.43,5.0,0.0,12953.99
2025-03-15,G004,Rice 5kg,Staples,East,54,322.8,0.0,0.0,17431.2
2025-08-29,G007,Instant Noodles,Packaged Foods,South,311,18.68,0.0,0.0,5809.48
2025-08-17,G007,Instant Noodles,Packaged Foods,North,461,17.41,0.0,0.0,8026.01
2025-09-23,G007,Instant Noodles,Packaged Foods,North,237,18.32,0.0,0.0,4341.84
2025-10-02,G004,Rice 5kg,Staples,South,58,321.94,0.0,0.0,18672.52
2025-08-18,G005,Cooking Oil 1L,Staples,West,142,134.92,0.0,0.0,19158.64
2025-04-13,G005,Cooking Oil 1L,Staples,East,134,143.16,0.0,0.0,19183.44
2025-08-15,G005,Cooking Oil 1L,Staples,West,104,135.31,0.0,0.0,14072.24
2025-09-07,G006,Bananas 1kg,Produce,East,184,39.05,0.0,0.0,7185.2
2025-12-09,G001,Milk 1L,Dairy,South,206,57.16,0.0,796.97,11774.96
2025-07-07,G003,Eggs (12),Dairy,North,92,91.3,0.0,0.0,8399.6
2025-01-30,G007,Instant Noodles,Packaged Foods,South,283,18.52,0.0,0.0,5241.16
2025-08-04,G007,Instant Noodles,Packaged Foods,North,173,18.14,0.0,0.0,3138.22
2025-04-07,G005,Cooking Oil 1L,Staples,South,71,141.49,0.0,0.0,10045.79
2025-05-18,G001,Milk 1L,Dairy,East,184,54.49,0.0,0.0,10026.16
2025-07-10,G004,Rice 5kg,Staples,West,49,324.98,0.0,0.0,15924.02
2025-02-24,G001,Milk 1L,Dairy,West,158,54.44,0.0,0.0,8601.52
2025-08-13,G004,Rice 5kg,Staples,West,40,326.04,10.0,0.0,11737.44
2025-11-08,G003,Eggs (12),Dairy,East,126,90.08,10.0,0.0,10215.07
2025-05-12,G006,Bananas 1kg,Produce,West,89,41.1,5.0,616.48,3475.01
2025-09-30,G004,Rice 5kg,Staples,East,43,326.85,0.0,0.0,14054.55
2025-01-13,G005,Cooking Oil 1L,Staples,South,43,142.2,5.0,0.0,5808.87
2025-10-16,G004,Rice 5kg,Staples,South,72,320.52,5.0,0.0,21923.57
2025-09-09,G002,Bread Loaf,Bakery,West,127,46.05,0.0,0.0,5848.35
2025-05-25,G001,Milk 1L,Dairy,West,280,56.1,0.0,0.0,15708.0
2025-04-13,G001,Milk 1L,Dairy,East,349,56.46,0.0,0.0,19704.54
2025-02-01,G005,Cooking Oil 1L,Staples,South,134,135.46,0.0,0.0,18151.64
2025-06-18,G003,Eggs (12),Dairy,East,131,89.48,0.0,0.0,11721.88
2025-11-09,G003,Eggs (12),Dairy,West,168,92.26,0.0,0.0,15499.68
2025-12-31,G003,Eggs (12),Dairy,South,123,89.47,5.0,0.0,10454.57
2025-12-08,G004,Rice 5kg,Staples,West,44,318.55,0.0,0.0,14016.2
2025-10-29,G002,Bread Loaf,Bakery,West,147,43.71,5.0,0.0,6104.1
2025-05-16,G005,Cooking Oil 1L,Staples,North,92,137.23,0.0,0.0,12625.16
2025-09-18,G004,Rice 5kg,Staples,West,63,331.56,0.0,0.0,20888.28
2025-01-20,G001,Milk 1L,Dairy,South,187,54.26,0.0,0.0,10146.62
2025-03-22,G005,Cooking Oil 1L,Staples,West,90,143.29,0.0,0.0,12896.1
2025-04-21,G006,Bananas 1kg,Produce,South,149,39.09,0.0,0.0,5824.41
2025-10-07,G002,Bread Loaf,Bakery,West,121,45.44,0.0,0.0,5498.24
2025-06-30,G006,Bananas 1kg,Produce,West,70,39.11,0.0,0.0,2737.7
2025-09-07,G001,Milk 1L,Dairy,West,363,54.47,10.0,0.0,17795.35
2025-12-15,G006,Bananas 1kg,Produce,South,140,39.82,10.0,0.0,5017.32
2025-01-02,G004,Rice 5kg,Staples,West,29,312.1,0.0,0.0,9050.9
2025-03-23,G007,Instant Noodles,Packaged Foods,East,380,17.76,0.0,0.0,6748.8
2025-03-14,G007,Instant Noodles,Packaged Foods,North,189,17.73,5.0,0.0,3183.42
2025-03-22,G003,Eggs (12),Dairy,West,164,92.51,0.0,69.31,15171.64
2025-04-18,G005,Cooking Oil 1L,Staples,West,114,137.88,0.0,0.0,15718.32
2025-06-26,G001,Milk 1L,Dairy,West,231,54.3,5.0,0.0,11916.13
2025-12-05,G005,Cooking Oil 1L,Staples,East,49,137.19,0.0,217.28,6722.31
2025-01-28,G005,Cooking Oil 1L,Staples,East,68,145.31,0.0,0.0,9881.08
2025-09-18,G006,Bananas 1kg,Produce,West,87,40.31,10.0,0.0,3156.27
2025-03-08,G005,Cooking Oil 1L,Staples,South,72,134.74,0.0,0.0,9701.28
2025-09-01,G001,Milk 1L,Dairy,South,325,53.94,0.0,156.62,17530.5
2025-11-09,G005,Cooking Oil 1L,Staples,East,101,144.73,0.0,0.0,14617.73
2025-04-20,G005,Cooking Oil 1L,Staples,East,108,140.48,0.0,0.0,15171.84
2025-11-07,G004,Rice 5kg,Staples,South,58,328.87,5.0,0.0,18120.74
2025-12-01,G004,Rice 5kg,Staples,West,87,313.82,5.0,0.0,25937.22
2025-06-14,G002,Bread Loaf,Bakery,West,157,45.26,10.0,0.0,6395.24
2025-11-23,G004,Rice 5kg,Staples,West,74,321.34,0.0,0.0,23779.16
2025-05-21,G006,Bananas 1kg,Produce,South,108,39.21,0.0,0.0,4234.68
2025-07-23,G004,Rice 5kg,Staples,East,54,317.13,0.0,0.0,17125.02
2025-08-11,G004,Rice 5kg,Staples,West,47,309.15,0.0,129.04,14530.05
2025-06-13,G007,Instant Noodles,Packaged Foods,East,289,18.15,0.0,0.0,5245.35
2025-06-09,G006,Bananas 1kg,Produce,South,93,39.84,0.0,78.53,3705.12
2025-08-27,G004,Rice 5kg,Staples,West,47,311.66,0.0,0.0,14648.02
2025-07-23,G006,Bananas 1kg,Produce,West,74,41.47,0.0,0.0,3068.78
2025-06-04,G005,Cooking Oil 1L,Staples,East,55,137.6,0.0,0.0,7568.0
2025-10-15,G005,Cooking Oil 1L,Staples,East,58,136.92,0.0,0.0,7941.36
2025-05-07,G003,Eggs (12),Dairy,North,78,88.84,5.0,0.0,6583.04
2025-07-08,G006,Bananas 1kg,Produce,East,100,40.47,0.0,321.57,4047.0
2025-08-09,G002,Bread Loaf,Bakery,West,171,46.24,0.0,0.0,7907.04
2025-02-01,G007,Instant Noodles,Packaged Foods,South,448,17.58,0.0,0.0,7875.84
2025-09-01,G004,Rice 5kg,Staples,East,41,321.73,0.0,0.0,13190.93
2025-08-03,G001,Milk 1L,Dairy,West,419,55.0,0.0,0.0,23045.0
2025-12-20,G002,Bread Loaf,Bakery,West,153,43.61,0.0,390.32,6672.33
2025-08-23,G006,Bananas 1kg,Produce,South,139,41.06,5.0,0.0,5421.97
2025-01-04,G001,Milk 1L,Dairy,West,348,54.92,0.0,0.0,19112.16
2025-01-10,G004,Rice 5kg,Staples,West,47,331.33,0.0,0.0,15572.51
2025-10-28,G003,Eggs (12),Dairy,East,130,92.62,0.0,0.0,12040.6
2025-01-08,G005,Cooking Oil 1L,Staples,North,64,144.08,5.0,0.0,8760.06
2025-05-04,G003,Eggs (12),Dairy,South,184,91.07,5.0,0.0,15919.04
2025-09-15,G005,Cooking Oil 1L,Staples,South,110,137.24,0.0,0.0,15096.4
2025-11-22,G001,Milk 1L,Dairy,West,335,57.01,5.0,0.0,18143.43
2025-10-17,G007,Instant Noodles,Packaged Foods,West,425,18.01,0.0,183.43,7654.25
2025-02-02,G003,Eggs (12),Dairy,South,136,89.23,10.0,0.0,10921.75
2025-08-01,G001,Milk 1L,Dairy,South,225,56.63,0.0,0.0,12741.75
2025-06-16,G002,Bread Loaf,Bakery,East,223,45.05,5.0,0.0,9543.84
2025-07-23,G006,Bananas 1kg,Produce,North,107,39.84,0.0,0.0,4262.88
2025-09-26,G004,Rice 5kg,Staples,South,63,332.24,0.0,0.0,20931.12
2025-02-26,G005,Cooking Oil 1L,Staples,East,44,140.88,0.0,0.0,6198.72
2025-10-15,G001,Milk 1L,Dairy,West,250,54.94,0.0,63.7,13735.0
2025-02-20,G007,Instant Noodles,Packaged Foods,West,237,18.62,0.0,0.0,4412.94
2025-08-01,G003,Eggs (12),Dairy,North,114,86.7,0.0,173.71,9883.8
2025-07-11,G001,Milk 1L,Dairy,West,203,55.34,0.0,0.0,11234.02
2025-07-15,G004,Rice 5kg,Staples,East,53,327.41,5.0,0.0,16485.09
2025-11-08,G002,Bread Loaf,Bakery,South,190,44.42,0.0,0.0,8439.8
2025-05-08,G005,Cooking Oil 1L,Staples,North,96,140.97,0.0,752.05,13533.12
2025-06-27,G003,Eggs (12),Dairy,South,99,93.47,0.0,0.0,9253.53
2025-07-26,G004,Rice 5kg,Staples,East,64,332.27,0.0,0.0,21265.28
2025-10-23,G006,Bananas 1kg,Produce,South,117,40.64,0.0,0.0,4754.88
2025-12-23,G004,Rice 5kg,Staples,West,85,332.63,0.0,0.0,28273.55
2025-03-28,G007,Instant Noodles,Packaged Foods,North,216,18.29,0.0,0.0,3950.64
2025-06-20,G006,Bananas 1kg,Produce,West,104,38.99,0.0,0.0,4054.96
2025-08-06,G007,Instant Noodles,Packaged Foods,East,320,18.27,5.0,255.34,5554.08
2025-05-17,G006,Bananas 1kg,Produce,North,214,39.6,0.0,0.0,8474.4
2025-11-17,G003,Eggs (12),Dairy,West,83,86.58,0.0,0.0,7186.14
2025-07-09,G001,Milk 1L,Dairy,South,182,56.41,0.0,0.0,10266.62
2025-10-21,G007,Instant Noodles,Packaged Foods,East,278,17.28,0.0,0.0,4803.84
2025-04-01,G002,Bread Loaf,Bakery,West,216,44.76,0.0,0.0,9668.16
2025-09-10,G003,Eggs (12),Dairy,North,86,89.84,0.0,0.0,7726.24
2025-12-29,G006,Bananas 1kg,Produce,North,195,41.21,0.0,0.0,8035.95
2025-06-22,G006,Bananas 1kg,Produce,North,250,38.63,10.0,0.0,8691.75
2025-07-20,G005,Cooking Oil 1L,Staples,North,102,135.16,0.0,0.0,13786.32
2025-07-07,G003,Eggs (12),Dairy,West,67,88.25,0.0,0.0,5912.75
2025-02-19,G003,Eggs (12),Dairy,East,99,88.32,0.0,0.0,8743.68
2025-08-26,G001,Milk 1L,Dairy,West,210,52.84,5.0,0.0,10541.58
2025-08-05,G005,Cooking Oil 1L,Staples,East,82,139.59,5.0,0.0,10874.06
2025-10-09,G005,Cooking Oil 1L,Staples,North,69,138.37,0.0,629.84,9547.53
2025-12-14,G003,Eggs (12),Dairy,North,100,90.47,0.0,0.0,9047.0
2025-07-20,G003,Eggs (12),Dairy,North,120,89.65,0.0,0.0,10758.0
2025-11-27,G005,Cooking Oil 1L,Staples,South,87,142.02,0.0,0.0,12355.74
2025-11-30,G003,Eggs (12),Dairy,North,133,89.08,0.0,366.78,11847.64
2025-05-07,G001,Milk 1L,Dairy,North,306,54.07,10.0,0.0,14890.88
2025-07-02,G002,Bread Loaf,Bakery,South,226,43.6,0.0,183.08,9853.6
2025-01-22,G007,Instant Noodles,Packaged Foods,North,269,17.5,0.0,0.0,4707.5
2025-03-01,G005,Cooking Oil 1L,Staples,North,169,145.41,5.0,0.0,23345.58
2025-06-12,G001,Milk 1L,Dairy,East,232,53.05,0.0,730.19,12307.6
2025-01-18,G006,Bananas 1kg,Produce,East,239,40.48,0.0,772.09,9674.72
2025-03-01,G001,Milk 1L,Dairy,West,560,53.15,10.0,0.0,26787.6
2025-01-25,G005,Cooking Oil 1L,Staples,East,116,140.3,0.0,0.0,16274.8
2025-11-04,G007,Instant Noodles,Packaged Foods,North,178,17.96,0.0,0.0,3196.88
2025-12-02,G002,Bread Loaf,Bakery,East,265,43.35,0.0,0.0,11487.75
2025-08-10,G003,Eggs (12),Dairy,West,157,91.67,0.0,0.0,14392.19
2025-08-12,G003,Eggs (12),Dairy,South,107,93.14,0.0,0.0,9965.98
2025-02-14,G001,Milk 1L,Dairy,North,265,52.89,0.0,0.0,14015.85
2025-04-11,G006,Bananas 1kg,Produce,North,128,39.28,0.0,700.38,5027.84
2025-12-20,G007,Instant Noodles,Packaged Foods,North,516,18.04,0.0,0.0,9308.64
2025-05-24,G005,Cooking Oil 1L,Staples,West,129,140.67,0.0,0.0,18146.43
2025-01-26,G002,Bread Loaf,Bakery,North,185,44.08,5.0,0.0,7747.06
2025-01-15,G004,Rice 5kg,Staples,South,41,319.34,0.0,771.68,13092.94
2025-04-12,G005,Cooking Oil 1L,Staples,West,117,140.8,0.0,0.0,16473.6
2025-11-14,G004,Rice 5kg,Staples,East,51,312.46,0.0,0.0,15935.46
2025-08-03,G003,Eggs (12),Dairy,North,203,88.39,0.0,0.0,17943.17
2025-05-19,G004,Rice 5kg,Staples,South,37,323.4,5.0,246.14,11367.51
2025-09-12,G007,Instant Noodles,Packaged Foods,West,286,18.67,10.0,0.0,4805.66
2025-09-15,G004,Rice 5kg,Staples,East,46,311.85,0.0,222.15,14345.1
2025-06-12,G003,Eggs (12),Dairy,North,89,89.9,0.0,0.0,8001.1
2025-09-07,G001,Milk 1L,Dairy,South,123,54.18,0.0,0.0,6664.14
2025-04-29,G001,Milk 1L,Dairy,North,240,55.82,0.0,693.25,13396.8
2025-09-03,G002,Bread Loaf,Bakery,West,252,44.92,0.0,0.0,11319.84
2025-08-04,G004,Rice 5kg,Staples,West,67,327.3,0.0,0.0,21929.1
2025-12-11,G004,Rice 5kg,Staples,South,65,332.39,5.0,651.83,20525.08
2025-07-03,G007,Instant Noodles,Packaged Foods,East,363,17.33,0.0,0.0,6290.79
2025-04-28,G003,Eggs (12),Dairy,North,40,93.56,10.0,0.0,3368.16
2025-09-28,G003,Eggs (12),Dairy,South,155,88.59,5.0,0.0,13044.88
2025-02-28,G005,Cooking Oil 1L,Staples,South,56,134.77,0.0,0.0,7547.12
2025-04-12,G003,Eggs (12),Dairy,South,169,92.02,0.0,0.0,15551.38
2025-05-21,G005,Cooking Oil 1L,Staples,West,64,136.58,0.0,0.0,8741.12
2025-03-23,G002,Bread Loaf,Bakery,West,187,43.43,0.0,0.0,8121.41
2025-10-16,G006,Bananas 1kg,Produce,East,124,40.18,0.0,0.0,4982.32
2025-03-19,G002,Bread Loaf,Bakery,North,147,46.55,10.0,0.0,6158.56
2025-09-27,G004,Rice 5kg,Staples,South,87,329.49,0.0,0.0,28665.63
2025-03-06,G006,Bananas 1kg,Produce,South,120,38.75,0.0,0.0,4650.0
2025-05-22,G003,Eggs (12),Dairy,South,96,89.15,0.0,0.0,8558.4
2025-08-13,G005,Cooking Oil 1L,Staples,West,108,139.58,0.0,0.0,15074.64
2025-03-12,G001,Milk 1L,Dairy,South,131,56.36,0.0,586.66,7383.16
2025-10-19,G002,Bread Loaf,Bakery,East,243,45.92,0.0,0.0,11158.56
2025-04-27,G007,Instant Noodles,Packaged Foods,West,426,17.58,0.0,0.0,7489.08
2025-12-17,G002,Bread Loaf,Bakery,East,267,45.38,0.0,0.0,12116.46
2025-06-12,G004,Rice 5kg,Staples,East,40,312.05,0.0,0.0,12482.0
2025-03-30,G005,Cooking Oil 1L,Staples,North,38,135.81,0.0,0.0,5160.78
2025-06-09,G005,Cooking Oil 1L,Staples,North,126,139.11,0.0,0.0,17527.86
2025-06-11,G007,Instant Noodles,Packaged Foods,North,209,18.33,0.0,0.0,3830.97
2025-12-27,G005,Cooking Oil 1L,Staples,North,84,135.51,0.0,0.0,11382.84
2025-04-07,G001,Milk 1L,Dairy,North,226,53.2,0.0,0.0,12023.2
2025-12-07,G004,Rice 5kg,Staples,North,79,319.35,0.0,0.0,25228.65
2025-10-21,G003,Eggs (12),Dairy,East,116,88.34,0.0,0.0,10247.44
2025-08-06,G006,Bananas 1kg,Produce,South,130,41.15,0.0,282.42,5349.5
2025-08-17,G004,Rice 5kg,Staples,South,72,329.51,0.0,0.0,23724.72
2025-04-18,G002,Bread Loaf,Bakery,West,140,44.09,0.0,0.0,6172.6
2025-11-01,G007,Instant Noodles,Packaged Foods,West,664,18.42,0.0,0.0,12230.88
2025-09-13,G006,Bananas 1kg,Produce,West,120,40.55,0.0,0.0,4866.0
2025-03-06,G004,Rice 5kg,Staples,North,48,328.36,0.0,0.0,15761.28
2025-06-20,G005,Cooking Oil 1L,Staples,North,57,137.44,0.0,0.0,7834.08
2025-11-22,G006,Bananas 1kg,Produce,West,100,39.7,0.0,0.0,3970.0
2025-05-04,G002,Bread Loaf,Bakery,North,210,46.35,0.0,0.0,9733.5
2025-11-23,G005,Cooking Oil 1L,Staples,North,149,145.02,5.0,0.0,20527.58
2025-01-03,G002,Bread Loaf,Bakery,North,212,43.26,0.0,0.0,9171.12
2025-10-07,G003,Eggs (12),Dairy,South,74,88.51,0.0,135.18,6549.74
2025-11-14,G002,Bread Loaf,Bakery,West,128,43.31,0.0,0.0,5543.68
2025-01-20,G002,Bread Loaf,Bakery,South,163,43.26,0.0,0.0,7051.38
2025-02-26,G005,Cooking Oil 1L,Staples,North,66,143.69,0.0,0.0,9483.54
2025-04-09,G003,Eggs (12),Dairy,East,112,87.1,0.0,389.14,9755.2
2025-07-22,G003,Eggs (12),Dairy,East,82,88.33,10.0,0.0,6518.75
2025-03-10,G001,Milk 1L,Dairy,South,207,54.96,0.0,0.0,11376.72
2025-01-30,G004,Rice 5kg,Staples,West,51,329.44,0.0,0.0,16801.44
2025-04-17,G002,Bread Loaf,Bakery,East,196,45.46,0.0,0.0,8910.16
2025-03-17,G003,Eggs (12),Dairy,East,116,88.8,0.0,0.0,10300.8
2025-06-10,G003,Eggs (12),Dairy,East,119,90.05,0.0,0.0,10715.95
2025-05-03,G001,Milk 1L,Dairy,West,460,56.92,0.0,0.0,26183.2
2025-12-08,G005,Cooking Oil 1L,Staples,North,72,144.82,0.0,0.0,10427.04
2025-11-13,G006,Bananas 1kg,Produce,South,136,40.95,0.0,0.0,5569.2
2025-02-06,G001,Milk 1L,Dairy,South,149,56.24,0.0,0.0,8379.76
2025-12-08,G007,Instant Noodles,Packaged Foods,East,260,17.57,0.0,0.0,4568.2
2025-03-01,G005,Cooking Oil 1L,Staples,East,135,144.65,0.0,0.0,19527.75
2025-09-30,G001,Milk 1L,Dairy,North,268,56.14,0.0,0.0,15045.52
2025-11-28,G007,Instant Noodles,Packaged Foods,East,278,17.38,0.0,0.0,4831.64
2025-11-30,G002,Bread Loaf,Bakery,North,207,45.71,0.0,0.0,9461.97
2025-09-03,G005,Cooking Oil 1L,Staples,East,126,137.69,0.0,0.0,17348.94
2025-04-04,G004,Rice 5kg,Staples,South,24,307.73,0.0,0.0,7385.52
2025-12-26,G005,Cooking Oil 1L,Staples,West,136,137.57,0.0,0.0,18709.52
2025-09-29,G001,Milk 1L,Dairy,North,238,54.39,0.0,0.0,12944.82
2025-04-10,G001,Milk 1L,Dairy,West,271,54.14,0.0,0.0,14671.94
2025-08-26,G006,Bananas 1kg,Produce,East,109,39.08,5.0,0.0,4046.73
2025-04-18,G002,Bread Loaf,Bakery,East,182,44.91,0.0,0.0,8173.62
2025-10-27,G002,Bread Loaf,Bakery,East,233,43.94,5.0,0.0,9726.12
2025-07-28,G002,Bread Loaf,Bakery,West,146,45.36,0.0,613.52,6622.56
2025-05-12,G003,Eggs (12),Dairy,South,111,89.94,0.0,0.0,9983.34
2025-11-14,G003,Eggs (12),Dairy,North,76,89.15,10.0,0.0,6097.86
2025-01-17,G006,Bananas 1kg,Produce,South,60,39.58,0.0,282.1,2374.8
2025-12-07,G002,Bread Loaf,Bakery,North,265,44.05,0.0,0.0,11673.25
2025-09-15,G003,Eggs (12),Dairy,North,77,93.1,10.0,513.09,6451.83
2025-04-18,G007,Instant Noodles,Packaged Foods,North,287,18.52,0.0,0.0,5315.24
2025-05-25,G002,Bread Loaf,Bakery,West,116,43.66,0.0,0.0,5064.56
2025-10-12,G005,Cooking Oil 1L,Staples,East,129,140.75,0.0,0.0,18156.75
2025-01-14,G002,Bread Loaf,Bakery,North,172,43.4,0.0,0.0,7464.8
2025-12-01,G001,Milk 1L,Dairy,West,370,55.06,0.0,0.0,20372.2
2025-07-05,G004,Rice 5kg,Staples,South,99,316.43,0.0,0.0,31326.57
2025-10-13,G006,Bananas 1kg,Produce,West,102,38.53,0.0,0.0,3930.06
2025-02-06,G003,Eggs (12),Dairy,East,79,88.35,0.0,445.61,6979.65
2025-08-14,G001,Milk 1L,Dairy,South,186,56.08,0.0,0.0,10430.88
2025-12-31,G002,Bread Loaf,Bakery,North,133,44.36,0.0,0.0,5899.88
2025-03-14,G007,Instant Noodles,Packaged Foods,East,236,17.67,0.0,0.0,4170.12
2025-06-30,G007,Instant Noodles,Packaged Foods,West,206,18.28,0.0,0.0,3765.68
2025-04-13,G002,Bread Loaf,Bakery,South,226,46.72,0.0,218.23,10558.72
2025-03-01,G001,Milk 1L,Dairy,North,253,53.75,0.0,0.0,13598.75
2025-11-21,G004,Rice 5kg,Staples,North,66,331.55,10.0,0.0,19694.07
2025-09-09,G002,Bread Loaf,Bakery,East,193,43.53,0.0,0.0,8401.29
2025-11-12,G003,Eggs (12),Dairy,South,76,86.94,0.0,0.0,6607.44
2025-12-18,G002,Bread Loaf,Bakery,North,168,43.99,0.0,0.0,7390.32
2025-11-15,G005,Cooking Oil 1L,Staples,South,176,144.09,0.0,0.0,25359.84
2025-10-05,G006,Bananas 1kg,Produce,North,251,38.5,0.0,0.0,9663.5
2025-05-22,G001,Milk 1L,Dairy,South,119,55.33,0.0,0.0,6584.27
2025-05-20,G001,Milk 1L,Dairy,South,171,55.6,10.0,0.0,8556.84
2025-10-30,G004,Rice 5kg,Staples,East,54,322.11,0.0,0.0,17393.94
2025-03-18,G007,Instant Noodles,Packaged Foods,East,244,18.39,10.0,0.0,4038.44
2025-01-29,G006,Bananas 1kg,Produce,West,41,38.64,10.0,0.0,1425.82
2025-10-24,G001,Milk 1L,Dairy,East,284,55.76,0.0,0.0,15835.84
2025-04-26,G002,Bread Loaf,Bakery,East,232,46.08,10.0,0.0,9621.5
2025-03-11,G003,Eggs (12),Dairy,North,59,92.32,0.0,208.3,5446.88
2025-12-05,G003,Eggs (12),Dairy,North,83,91.21,5.0,200.45,7191.91
2025-06-16,G006,Bananas 1kg,Produce,West,98,39.41,0.0,0.0,3862.18
2025-08-30,G007,Instant Noodles,Packaged Foods,West,496,18.49,5.0,0.0,8712.49
2025-08-21,G005,Cooking Oil 1L,Staples,South,80,136.34,0.0,0.0,10907.2
2025-02-04,G003,Eggs (12),Dairy,North,68,91.76,0.0,0.0,6239.68
2025-12-13,G003,Eggs (12),Dairy,West,106,90.52,10.0,0.0,8635.61
2025-03-05,G004,Rice 5kg,Staples,North,51,330.31,0.0,0.0,16845.81
2025-06-02,G005,Cooking Oil 1L,Staples,East,111,145.34,0.0,0.0,16132.74
2025-04-09,G005,Cooking Oil 1L,Staples,South,71,135.22,0.0,0.0,9600.62
2025-01-30,G004,Rice 5kg,Staples,South,64,327.33,0.0,0.0,20949.12
2025-09-19,G003,Eggs (12),Dairy,West,95,88.87,0.0,0.0,8442.65
2025-03-28,G002,Bread Loaf,Bakery,North,169,45.61,0.0,0.0,7708.09
2025-05-13,G002,Bread Loaf,Bakery,East,198,43.56,0.0,0.0,8624.88
2025-12-17,G005,Cooking Oil 1L,Staples,West,109,145.27,0.0,0.0,15834.43
2025-11-10,G001,Milk 1L,Dairy,West,323,55.93,0.0,0.0,18065.39
2025-01-15,G003,Eggs (12),Dairy,North,79,91.44,10.0,0.0,6501.38
2025-07-07,G005,Cooking Oil 1L,Staples,East,81,142.23,0.0,0.0,11520.63
2025-09-13,G005,Cooking Oil 1L,Staples,North,145,140.94,0.0,0.0,20436.3
2025-04-28,G004,Rice 5kg,Staples,South,70,319.91,0.0,0.0,22393.7
2025-12-22,G002,Bread Loaf,Bakery,North,182,43.26,0.0,544.64,7873.32
2025-08-29,G001,Milk 1L,Dairy,West,191,56.79,0.0,0.0,10846.89
2025-08-21,G006,Bananas 1kg,Produce,South,115,39.05,0.0,0.0,4490.75
2025-08-29,G005,Cooking Oil 1L,Staples,North,88,138.97,0.0,159.72,12229.36
2025-02-06,G003,Eggs (12),Dairy,West,72,87.89,10.0,0.0,5695.27
2025-10-08,G007,Instant Noodles,Packaged Foods,South,253,17.38,0.0,160.55,4397.14
2025-06-15,G004,Rice 5kg,Staples,East,81,328.12,0.0,0.0,26577.72
2025-08-20,G004,Rice 5kg,Staples,South,67,308.72,5.0,0.0,19650.03
2025-12-08,G001,Milk 1L,Dairy,West,151,56.94,0.0,0.0,8597.94
2025-05-30,G002,Bread Loaf,Bakery,North,137,44.12,0.0,0.0,6044.44
2025-05-16,G005,Cooking Oil 1L,Staples,West,105,140.88,0.0,0.0,14792.4
2025-01-29,G002,Bread Loaf,Bakery,North,126,46.51,0.0,0.0,5860.26
2025-07-31,G004,Rice 5kg,Staples,West,68,327.62,0.0,0.0,22278.16
2025-10-22,G003,Eggs (12),Dairy,West,90,86.49,0.0,583.37,7784.1
2025-05-24,G006,Bananas 1kg,Produce,East,279,38.94,0.0,0.0,10864.26
2025-01-01,G007,Instant Noodles,Packaged Foods,South,454,17.52,0.0,0.0,7954.08
2025-10-29,G006,Bananas 1kg,Produce,West,116,39.18,0.0,0.0,4544.88
2025-11-02,G004,Rice 5kg,Staples,East,104,330.89,0.0,0.0,34412.56
2025-07-21,G001,Milk 1L,Dairy,North,239,55.6,0.0,323.46,13288.4
2025-11-03,G006,Bananas 1kg,Produce,South,201,40.3,10.0,0.0,7290.27
2025-04-11,G002,Bread Loaf,Bakery,North,188,46.12,10.0,0.0,7803.5
2025-08-11,G003,Eggs (12),Dairy,South,92,91.15,0.0,0.0,8385.8
2025-04-07,G004,Rice 5kg,Staples,West,44,321.03,0.0,0.0,14125.32
2025-12-07,G006,Bananas 1kg,Produce,East,231,38.89,0.0,0.0,8983.59
2025-06-02,G002,Bread Loaf,Bakery,North,151,45.34,0.0,0.0,6846.34
2025-11-22,G004,Rice 5kg,Staples,North,66,308.46,0.0,545.4,20358.36
2025-11-15,G003,Eggs (12),Dairy,East,160,90.29,0.0,0.0,14446.4
2025-09-20,G006,Bananas 1kg,Produce,South,170,39.68,5.0,212.42,6408.32
2025-08-09,G004,Rice 5kg,Staples,West,119,307.38,0.0,0.0,36578.22
2025-09-12,G004,Rice 5kg,Staples,North,54,317.85,0.0,0.0,17163.9
2025-09-25,G006,Bananas 1kg,Produce,North,137,40.71,0.0,0.0,5577.27
2025-11-26,G007,Instant Noodles,Packaged Foods,North,232,17.57,0.0,0.0,4076.24
2025-07-30,G007,Instant Noodles,Packaged Foods,West,319,18.29,10.0,0.0,5251.06
2025-11-20,G001,Milk 1L,Dairy,North,253,53.34,5.0,0.0,12820.27
2025-08-18,G001,Milk 1L,Dairy,West,267,56.02,0.0,0.0,14957.34
2025-02-08,G004,Rice 5kg,Staples,East,51,321.09,10.0,0.0,14738.03
2025-09-19,G001,Milk 1L,Dairy,South,163,56.92,0.0,0.0,9277.96
2025-02-25,G005,Cooking Oil 1L,Staples,North,56,138.89,0.0,0.0,7777.84
2025-12-21,G001,Milk 1L,Dairy,West,231,55.7,0.0,0.0,12866.7
2025-06-23,G005,Cooking Oil 1L,Staples,North,72,138.18,0.0,99.78,9948.96
2025-01-24,G002,Bread Loaf,Bakery,West,129,44.27,0.0,0.0,5710.83
2025-01-28,G006,Bananas 1kg,Produce,West,65,40.22,5.0,29.16,2483.58
2025-03-31,G004,Rice 5kg,Staples,North,44,329.57,5.0,0.0,13776.03
2025-10-21,G005,Cooking Oil 1L,Staples,North,109,141.63,0.0,0.0,15437.67
2025-01-14,G003,Eggs (12),Dairy,West,104,91.88,0.0,0.0,9555.52
2025-02-26,G002,Bread Loaf,Bakery,East,199,43.93,0.0,573.05,8742.07
2025-12-29,G004,Rice 5kg,Staples,South,69,326.94,0.0,0.0,22558.86
2025-02-15,G002,Bread Loaf,Bakery,North,213,46.21,0.0,686.15,9842.73
2025-12-28,G006,Bananas 1kg,Produce,North,259,40.07,0.0,0.0,10378.13
2025-08-23,G004,Rice 5kg,Staples,East,80,312.87,0.0,0.0,25029.6
2025-09-05,G003,Eggs (12),Dairy,South,108,92.77,0.0,0.0,10019.16
2025-12-04,G002,Bread Loaf,Bakery,South,194,45.86,5.0,0.0,8452.0
2025-01-19,G007,Instant Noodles,Packaged Foods,South,326,17.5,0.0,0.0,5705.0
2025-08-31,G001,Milk 1L,Dairy,West,335,53.64,0.0,0.0,17969.4
2025-10-26,G001,Milk 1L,Dairy,East,401,54.96,0.0,0.0,22038.96
2025-04-20,G007,Instant Noodles,Packaged Foods,North,334,17.59,0.0,0.0,5875.06
2025-05-01,G004,Rice 5kg,Staples,West,69,310.84,0.0,0.0,21447.96
2025-09-23,G003,Eggs (12),Dairy,West,88,92.1,0.0,0.0,8104.8
2025-04-06,G002,Bread Loaf,Bakery,West,170,45.14,5.0,0.0,7290.11
2025-07-30,G005,Cooking Oil 1L,Staples,West,109,140.15,0.0,197.99,15276.35
2025-06-28,G007,Instant Noodles,Packaged Foods,East,263,17.67,0.0,0.0,4647.21
2025-07-20,G003,Eggs (12),Dairy,South,134,93.5,0.0,0.0,12529.0
2025-08-18,G001,Milk 1L,Dairy,North,267,55.71,0.0,202.12,14874.57
2025-11-21,G001,Milk 1L,Dairy,South,140,53.03,5.0,0.0,7052.99
2025-09-01,G005,Cooking Oil 1L,Staples,South,139,142.71,10.0,0.0,17853.02
2025-11-17,G002,Bread Loaf,Bakery,North,178,46.45,0.0,0.0,8268.1
2025-06-30,G003,Eggs (12),Dairy,East,109,93.57,0.0,787.78,10199.13
2025-06-26,G004,Rice 5kg,Staples,South,64,326.09,10.0,0.0,18782.78
2025-12-28,G004,Rice 5kg,Staples,North,78,310.27,0.0,0.0,24201.06
2025-05-16,G004,Rice 5kg,Staples,South,64,330.49,0.0,0.0,21151.36
2025-10-01,G006,Bananas 1kg,Produce,West,119,40.59,0.0,0.0,4830.21
2025-06-29,G004,Rice 5kg,Staples,South,84,314.78,0.0,0.0,26441.52
2025-01-25,G006,Bananas 1kg,Produce,South,112,38.72,0.0,402.67,4336.64
2025-07-27,G007,Instant Noodles,Packaged Foods,East,272,17.76,0.0,0.0,4830.72
2025-05-08,G005,Cooking Oil 1L,Staples,South,79,137.04,0.0,0.0,10826.16
2025-12-02,G007,Instant Noodles,Packaged Foods,East,542,17.76,0.0,0.0,9625.92
2025-12-19,G006,Bananas 1kg,Produce,East,195,39.45,0.0,0.0,7692.75
2025-02-13,G002,Bread Loaf,Bakery,North,168,46.44,0.0,0.0,7801.92
2025-09-01,G004,Rice 5kg,Staples,South,89,324.0,0.0,0.0,28836.0
2025-08-22,G003,Eggs (12),Dairy,West,95,89.2,0.0,0.0,8474.0
2025-01-10,G006,Bananas 1kg,Produce,East,192,40.36,10.0,0.0,6974.21
2025-09-22,G005,Cooking Oil 1L,Staples,North,86,137.13,0.0,0.0,11793.18
2025-07-13,G004,Rice 5kg,Staples,South,74,313.43,10.0,0.0,20874.44
2025-06-03,G004,Rice 5kg,Staples,West,38,324.92,0.0,0.0,12346.96
2025-12-11,G002,Bread Loaf,Bakery,North,151,43.62,10.0,0.0,5927.96
2025-10-30,G001,Milk 1L,Dairy,East,279,53.71,5.0,0.0,14235.84
2025-08-28,G002,Bread Loaf,Bakery,South,128,44.38,0.0,0.0,5680.64
2025-06-14,G007,Instant Noodles,Packaged Foods,South,340,18.46,0.0,0.0,6276.4
2025-10-31,G003,Eggs (12),Dairy,North,93,92.25,0.0,0.0,8579.25
2025-12-02,G005,Cooking Oil 1L,Staples,South,106,141.41,5.0,0.0,14239.99
2025-12-22,G001,Milk 1L,Dairy,South,102,55.36,0.0,477.32,5646.72
2025-12-23,G006,Bananas 1kg,Produce,North,142,40.31,0.0,0.0,5724.02
2025-04-14,G006,Bananas 1kg,Produce,South,50,40.37,0.0,0.0,2018.5
2025-10-25,G006,Bananas 1kg,Produce,East,214,38.75,0.0,0.0,8292.5
2025-08-07,G003,Eggs (12),Dairy,North,50,91.8,5.0,0.0,4360.5
2025-01-03,G007,Instant Noodles,Packaged Foods,West,611,18.64,10.0,0.0,10250.14
2025-12-30,G005,Cooking Oil 1L,Staples,East,74,136.26,0.0,91.17,10083.24
2025-11-29,G005,Cooking Oil 1L,Staples,South,161,142.59,0.0,0.0,22956.99
2025-09-15,G006,Bananas 1kg,Produce,West,130,39.01,0.0,0.0,5071.3
2025-10-09,G002,Bread Loaf,Bakery,South,142,46.48,0.0,0.0,6600.16
2025-04-06,G001,Milk 1L,Dairy,East,434,55.57,0.0,314.94,24117.38
2025-10-30,G003,Eggs (12),Dairy,West,91,88.74,0.0,0.0,8075.34
2025-11-23,G006,Bananas 1kg,Produce,East,266,41.3,0.0,0.0,10985.8
2025-03-17,G001,Milk 1L,Dairy,West,331,53.11,0.0,0.0,17579.41
2025-02-28,G001,Milk 1L,Dairy,West,253,53.12,0.0,588.29,13439.36
2025-01-11,G003,Eggs (12),Dairy,West,133,89.03,0.0,0.0,11840.99
2025-05-14,G007,Instant Noodles,Packaged Foods,North,194,18.46,5.0,0.0,3402.18
2025-10-23,G002,Bread Loaf,Bakery,South,171,45.13,0.0,108.83,7717.23
2025-10-21,G006,Bananas 1kg,Produce,North,127,39.76,0.0,0.0,5049.52
2025-10-22,G005,Cooking Oil 1L,Staples,South,102,140.55,0.0,0.0,14336.1
2025-07-13,G007,Instant Noodles,Packaged Foods,West,544,18.15,0.0,572.83,9873.6
2025-10-05,G003,Eggs (12),Dairy,West,144,88.65,0.0,0.0,12765.6
2025-08-31,G006,Bananas 1kg,Produce,South,166,40.44,10.0,0.0,6041.74
2025-06-12,G002,Bread Loaf,Bakery,North,150,45.92,0.0,0.0,6888.0
2025-07-02,G003,Eggs (12),Dairy,East,111,93.47,0.0,0.0,10375.17
2025-03-18,G001,Milk 1L,Dairy,South,203,54.37,5.0,0.0,10485.25
2025-09-17,G002,Bread Loaf,Bakery,West,114,45.89,0.0,258.18,5231.46
2025-06-01,G006,Bananas 1kg,Produce,North,476,39.2,10.0,0.0,16793.28
2025-07-06,G005,Cooking Oil 1L,Staples,East,56,136.45,10.0,0.0,6877.08
2025-03-08,G006,Bananas 1kg,Produce,South,130,41.05,0.0,30.94,5336.5
2025-11-16,G007,Instant Noodles,Packaged Foods,West,391,18.37,0.0,566.26,7182.67
2025-06-01,G006,Bananas 1kg,Produce,East,258,41.37,10.0,0.0,9606.11
2025-05-06,G001,Milk 1L,Dairy,South,139,56.55,0.0,628.78,7860.45
2025-05-28,G003,Eggs (12),Dairy,West,69,87.57,0.0,0.0,6042.33
2025-12-14,G004,Rice 5kg,Staples,North,85,309.8,10.0,0.0,23699.7
2025-12-15,G004,Rice 5kg,Staples,West,59,330.54,5.0,0.0,18526.77
2025-12-16,G004,Rice 5kg,Staples,East,70,323.62,10.0,440.18,20388.06
2025-08-11,G004,Rice 5kg,Staples,East,40,326.61,0.0,759.59,13064.4
2025-04-19,G005,Cooking Oil 1L,Staples,North,116,144.9,0.0,0.0,16808.4
2025-08-23,G005,Cooking Oil 1L,Staples,South,124,141.58,0.0,0.0,17555.92
2025-06-02,G002,Bread Loaf,Bakery,South,226,44.36,0.0,0.0,10025.36
2025-03-07,G002,Bread Loaf,Bakery,South,168,46.48,5.0,0.0,7418.21
2025-12-11,G006,Bananas 1kg,Produce,North,188,39.52,0.0,0.0,7429.76
2025-08-29,G006,Bananas 1kg,Produce,South,143,41.55,0.0,0.0,5941.65
2025-09-09,G001,Milk 1L,Dairy,South,219,55.48,0.0,0.0,12150.12
2025-10-24,G005,Cooking Oil 1L,Staples,West,89,134.79,5.0,0.0,11396.49
2025-07-07,G005,Cooking Oil 1L,Staples,West,76,142.01,10.0,446.23,9713.48
2025-11-05,G001,Milk 1L,Dairy,East,189,53.8,5.0,0.0,9659.79
2025-07-02,G006,Bananas 1kg,Produce,South,178,39.14,0.0,0.0,6966.92
2025-03-29,G006,Bananas 1kg,Produce,North,230,41.17,5.0,0.0,8995.65
2025-03-11,G004,Rice 5kg,Staples,East,30,327.18,0.0,605.71,9815.4
2025-01-25,G007,Instant Noodles,Packaged Foods,East,369,17.99,0.0,0.0,6638.31
2025-03-24,G006,Bananas 1kg,Produce,North,174,39.4,0.0,0.0,6855.6
2025-05-18,G005,Cooking Oil 1L,Staples,West,114,140.58,0.0,0.0,16026.12
2025-11-02,G005,Cooking Oil 1L,Staples,East,160,137.23,0.0,0.0,21956.8
2025-01-22,G005,Cooking Oil 1L,Staples,South,90,137.76,0.0,0.0,12398.4
2025-06-24,G005,Cooking Oil 1L,Staples,North,102,137.22,0.0,453.92,13996.44
2025-07-16,G003,Eggs (12),Dairy,West,81,92.79,0.0,0.0,7515.99
2025-04-15,G004,Rice 5kg,Staples,East,51,327.83,5.0,0.0,15883.36
2025-02-10,G004,Rice 5kg,Staples,East,38,318.54,0.0,0.0,12104.52
2025-08-11,G002,Bread Loaf,Bakery,East,192,44.27,10.0,0.0,7649.86
2025-04-09,G007,Instant Noodles,Packaged Foods,West,300,18.06,10.0,0.0,4876.2
2025-01-09,G004,Rice 5kg,Staples,North,35,324.8,0.0,0.0,11368.0
2025-07-05,G002,Bread Loaf,Bakery,North,173,43.36,0.0,14.73,7501.28
2025-10-22,G002,Bread Loaf,Bakery,South,152,44.89,0.0,0.0,6823.28
2025-08-01,G007,Instant Noodles,Packaged Foods,North,484,18.64,0.0,0.0,9021.76
2025-07-28,G007,Instant Noodles,Packaged Foods,South,298,17.51,0.0,0.0,5217.98
2025-06-10,G001,Milk 1L,Dairy,East,209,54.28,0.0,0.0,11344.52
2025-08-02,G006,Bananas 1kg,Produce,South,292,41.18,5.0,0.0,11423.33
2025-04-07,G003,Eggs (12),Dairy,North,80,91.47,10.0,220.77,6585.84
2025-06-21,G007,Instant Noodles,Packaged Foods,West,605,18.09,0.0,0.0,10944.45
2025-05-05,G004,Rice 5kg,Staples,North,56,325.12,10.0,0.0,16386.05
2025-11-23,G002,Bread Loaf,Bakery,South,181,45.15,10.0,0.0,7354.93
2025-06-11,G003,Eggs (12),Dairy,North,50,87.21,0.0,0.0,4360.5
2025-08-01,G003,Eggs (12),Dairy,South,197,89.91,0.0,606.76,17712.27
2025-06-21,G006,Bananas 1kg,Produce,East,207,40.07,10.0,0.0,7465.04
2025-06-25,G006,Bananas 1kg,Produce,East,141,40.42,10.0,414.63,5129.3
2025-06-11,G001,Milk 1L,Dairy,East,275,57.19,0.0,0.0,15727.25
2025-09-28,G005,Cooking Oil 1L,Staples,North,132,143.61,0.0,0.0,18956.52
2025-02-17,G007,Instant Noodles,Packaged Foods,West,266,18.55,0.0,695.04,4934.3
2025-01-30,G003,Eggs (12),Dairy,East,92,90.11,0.0,0.0,8290.12
2025-04-17,G005,Cooking Oil 1L,Staples,West,67,135.61,0.0,0.0,9085.87
2025-03-31,G005,Cooking Oil 1L,Staples,East,74,140.78,0.0,725.3,10417.72
2025-10-05,G006,Bananas 1kg,Produce,West,202,40.51,0.0,0.0,8183.02
2025-12-09,G004,Rice 5kg,Staples,West,62,307.9,0.0,588.7,19089.8
2025-01-29,G007,Instant Noodles,Packaged Foods,South,286,17.46,10.0,175.83,4494.2
2025-01-30,G003,Eggs (12),Dairy,North,82,86.8,0.0,0.0,7117.6
2025-04-17,G003,Eggs (12),Dairy,West,89,93.04,0.0,0.0,8280.56
2025-06-17,G004,Rice 5kg,Staples,West,43,323.84,0.0,0.0,13925.12
2025-01-22,G007,Instant Noodles,Packaged Foods,South,198,17.34,0.0,0.0,3433.32
2025-12-26,G006,Bananas 1kg,Produce,West,114,38.64,0.0,0.0,4404.96
2025-10-27,G003,Eggs (12),Dairy,South,111,87.65,0.0,0.0,9729.15
2025-10-15,G004,Rice 5kg,Staples,South,34,318.55,10.0,0.0,9747.63
2025-10-08,G006,Bananas 1kg,Produce,North,190,39.31,0.0,347.92,7468.9
2025-06-17,G006,Bananas 1kg,Produce,North,217,38.83,0.0,0.0,8426.11
2025-09-18,G002,Bread Loaf,Bakery,East,133,44.7,0.0,0.0,5945.1
2025-09-14,G007,Instant Noodles,Packaged Foods,West,430,18.32,0.0,0.0,7877.6
2025-05-14,G006,Bananas 1kg,Produce,North,156,40.4,0.0,0.0,6302.4
2025-03-06,G001,Milk 1L,Dairy,South,168,56.41,0.0,742.64,9476.88
2025-03-17,G005,Cooking Oil 1L,Staples,South,69,135.88,0.0,0.0,9375.72
2025-07-10,G001,Milk 1L,Dairy,North,214,56.84,0.0,0.0,12163.76
2025-01-30,G003,Eggs (12),Dairy,South,110,92.75,0.0,0.0,10202.5
2025-06-17,G004,Rice 5kg,Staples,North,63,313.91,0.0,0.0,19776.33
2025-07-22,G001,Milk 1L,Dairy,South,137,54.45,0.0,0.0,7459.65
2025-07-27,G005,Cooking Oil 1L,Staples,North,100,139.15,0.0,0.0,13915.0
2025-10-28,G001,Milk 1L,Dairy,West,293,55.96,0.0,0.0,16396.28
2025-12-24,G001,Milk 1L,Dairy,West,273,54.36,0.0,0.0,14840.28
2025-06-07,G003,Eggs (12),Dairy,West,174,90.01,0.0,0.0,15661.74
2025-10-08,G002,Bread Loaf,Bakery,East,201,43.79,0.0,0.0,8801.79
2025-02-03,G005,Cooking Oil 1L,Staples,East,83,141.09,0.0,0.0,11710.47
2025-12-25,G006,Bananas 1kg,Produce,South,84,40.71,5.0,0.0,3248.66
2025-02-14,G003,Eggs (12),Dairy,North,80,90.47,0.0,183.14,7237.6
2025-12-30,G006,Bananas 1kg,Produce,North,198,41.37,0.0,327.17,8191.26
2025-06-13,G003,Eggs (12),Dairy,North,53,89.0,0.0,0.0,4717.0
2025-05-29,G004,Rice 5kg,Staples,South,57,316.63,0.0,0.0,18047.91
2025-08-14,G003,Eggs (12),Dairy,South,143,88.64,0.0,92.0,12675.52
2025-01-17,G003,Eggs (12),Dairy,East,92,88.59,0.0,0.0,8150.28
2025-08-01,G006,Bananas 1kg,Produce,East,274,39.66,0.0,0.0,10866.84
2025-07-27,G004,Rice 5kg,Staples,West,90,329.16,0.0,0.0,29624.4
2025-07-25,G003,Eggs (12),Dairy,North,106,92.51,10.0,0.0,8825.45
2025-11-04,G001,Milk 1L,Dairy,East,283,54.2,0.0,0.0,15338.6
2025-09-02,G001,Milk 1L,Dairy,North,400,55.96,0.0,0.0,22384.0
2025-01-09,G002,Bread Loaf,Bakery,West,157,45.73,0.0,0.0,7179.61
2025-07-25,G002,Bread Loaf,Bakery,North,110,46.42,0.0,0.0,5106.2
2025-06-04,G006,Bananas 1kg,Produce,North,128,40.47,0.0,101.4,5180.16
2025-02-10,G007,Instant Noodles,Packaged Foods,North,264,17.4,0.0,0.0,4593.6
2025-07-20,G005,Cooking Oil 1L,Staples,West,128,140.68,0.0,94.23,18007.04
2025-05-02,G006,Bananas 1kg,Produce,South,140,41.59,0.0,0.0,5822.6
2025-10-23,G007,Instant Noodles,Packaged Foods,East,210,18.44,5.0,0.0,3678.78
2025-02-07,G001,Milk 1L,Dairy,West,260,53.68,0.0,0.0,13956.8
2025-02-14,G001,Milk 1L,Dairy,East,342,55.64,0.0,0.0,19028.88
2025-04-21,G006,Bananas 1kg,Produce,North,176,39.11,0.0,0.0,6883.36
2025-01-16,G005,Cooking Oil 1L,Staples,East,105,142.62,0.0,0.0,14975.1
2025-10-24,G001,Milk 1L,Dairy,North,236,55.0,0.0,403.46,12980.0
2025-09-19,G006,Bananas 1kg,Produce,North,237,38.41,0.0,0.0,9103.17
2025-08-27,G005,Cooking Oil 1L,Staples,South,67,145.06,0.0,0.0,9719.02
2025-04-22,G007,Instant Noodles,Packaged Foods,East,280,18.28,0.0,0.0,5118.4
2025-04-13,G006,Bananas 1kg,Produce,North,263,41.53,0.0,0.0,10922.39
2025-05-19,G002,Bread Loaf,Bakery,North,68,46.18,5.0,528.61,2983.23
2025-05-30,G006,Bananas 1kg,Produce,East,189,40.25,0.0,0.0,7607.25
2025-03-17,G005,Cooking Oil 1L,Staples,East,90,142.93,0.0,0.0,12863.7
2025-11-05,G006,Bananas 1kg,Produce,East,135,39.96,0.0,0.0,5394.6
2025-09-19,G006,Bananas 1kg,Produce,West,129,38.6,0.0,0.0,4979.4
2025-05-16,G002,Bread Loaf,Bakery,South,134,46.62,0.0,740.97,6247.08
2025-02-16,G002,Bread Loaf,Bakery,West,207,44.06,0.0,0.0,9120.42
2025-07-21,G006,Bananas 1kg,Produce,South,84,39.57,0.0,0.0,3323.88
2025-08-08,G005,Cooking Oil 1L,Staples,West,81,138.31,0.0,0.0,11203.11
2025-03-30,G004,Rice 5kg,Staples,East,44,319.66,0.0,0.0,14065.04
2025-10-03,G002,Bread Loaf,Bakery,West,224,44.18,0.0,0.0,9896.32
2025-02-16,G007,Instant Noodles,Packaged Foods,West,407,18.07,0.0,0.0,7354.49
2025-11-21,G002,Bread Loaf,Bakery,West,131,44.71,0.0,0.0,5857.01
2025-10-04,G007,Instant Noodles,Packaged Foods,North,343,17.28,0.0,0.0,5927.04
2025-01-12,G003,Eggs (12),Dairy,South,155,87.76,5.0,305.79,12922.66
2025-08-07,G003,Eggs (12),Dairy,East,138,90.62,10.0,0.0,11255.0
2025-07-26,G001,Milk 1L,Dairy,North,352,55.45,0.0,0.0,19518.4
2025-09-08,G004,Rice 5kg,Staples,South,56,312.55,0.0,0.0,17502.8
2025-02-27,G001,Milk 1L,Dairy,West,273,56.58,0.0,0.0,15446.34
2025-03-17,G003,Eggs (12),Dairy,South,55,90.75,5.0,0.0,4741.69
2025-05-01,G007,Instant Noodles,Packaged Foods,East,510,17.53,10.0,0.0,8046.27
2025-08-23,G006,Bananas 1kg,Produce,North,276,39.74,5.0,0.0,10419.83
2025-07-01,G001,Milk 1L,Dairy,East,288,53.29,0.0,0.0,15347.52
2025-03-15,G001,Milk 1L,Dairy,South,270,55.97,0.0,0.0,15111.9
2025-11-10,G002,Bread Loaf,Bakery,South,131,43.63,0.0,0.0,5715.53
2025-04-28,G004,Rice 5kg,Staples,East,61,329.03,0.0,22.03,20070.83
2025-11-26,G007,Instant Noodles,Packaged Foods,West,182,17.33,0.0,0.0,3154.06
2025-10-29,G006,Bananas 1kg,Produce,South,61,41.52,0.0,0.0,2532.72
2025-12-19,G002,Bread Loaf,Bakery,South,154,43.52,0.0,0.0,6702.08
2025-02-17,G001,Milk 1L,Dairy,West,237,55.64,5.0,0.0,12527.35
2025-12-07,G006,Bananas 1kg,Produce,North,314,39.09,10.0,672.86,11046.83
2025-08-13,G006,Bananas 1kg,Produce,North,188,40.79,0.0,0.0,7668.52
2025-12-20,G003,Eggs (12),Dairy,West,103,89.33,0.0,0.0,9200.99
2025-06-25,G004,Rice 5kg,Staples,West,54,326.3,0.0,0.0,17620.2
2025-11-23,G007,Instant Noodles,Packaged Foods,East,401,17.6,0.0,0.0,7057.6
2025-02-26,G005,Cooking Oil 1L,Staples,South,81,142.73,0.0,0.0,11561.13
2025-09-28,G007,Instant Noodles,Packaged Foods,North,260,18.34,0.0,0.0,4768.4
2025-01-29,G005,Cooking Oil 1L,Staples,West,44,134.57,10.0,99.99,5328.97
2025-05-17,G004,Rice 5kg,Staples,South,67,329.52,10.0,0.0,19870.06
2025-05-23,G003,Eggs (12),Dairy,West,84,92.3,0.0,0.0,7753.2
2025-09-23,G001,Milk 1L,Dairy,West,240,54.08,5.0,0.0,12330.24
2025-03-18,G005,Cooking Oil 1L,Staples,North,72,145.45,0.0,0.0,10472.4
2025-06-24,G001,Milk 1L,Dairy,South,160,54.07,5.0,0.0,8218.64
2025-02-03,G007,Instant Noodles,Packaged Foods,North,303,18.3,0.0,0.0,5544.9
2025-05-01,G002,Bread Loaf,Bakery,East,191,43.25,5.0,0.0,7847.71
2025-06-13,G001,Milk 1L,Dairy,South,100,54.09,0.0,0.0,5409.0
2025-01-04,G002,Bread Loaf,Bakery,South,170,46.48,0.0,0.0,7901.6
2025-01-29,G002,Bread Loaf,Bakery,West,91,45.44,10.0,0.0,3721.54
2025-06-25,G004,Rice 5kg,Staples,East,47,320.44,0.0,500.7,15060.68
2025-07-05,G006,Bananas 1kg,Produce,South,144,39.09,0.0,0.0,5628.96
2025-07-11,G006,Bananas 1kg,Produce,North,196,38.97,0.0,0.0,7638.12
2025-04-16,G002,Bread Loaf,Bakery,West,179,44.02,0.0,0.0,7879.58
2025-04-27,G002,Bread Loaf,Bakery,South,206,45.79,0.0,0.0,9432.74
2025-10-22,G001,Milk 1L,Dairy,North,201,56.83,0.0,0.0,11422.83
2025-02-03,G001,Milk 1L,Dairy,South,195,57.1,0.0,0.0,11134.5
2025-10-07,G003,Eggs (12),Dairy,North,81,88.98,0.0,0.0,7207.38
2025-04-03,G004,Rice 5kg,Staples,South,91,330.76,5.0,0.0,28594.2
2025-05-29,G007,Instant Noodles,Packaged Foods,North,216,18.63,10.0,0.0,3621.67
2025-06-07,G001,Milk 1L,Dairy,North,288,54.77,5.0,0.0,14985.07
2025-08-23,G005,Cooking Oil 1L,Staples,East,134,145.06,0.0,0.0,19438.04
2025-10-08,G001,Milk 1L,Dairy,South,203,55.97,0.0,0.0,11361.91
2025-07-16,G004,Rice 5kg,Staples,East,34,327.3,0.0,0.0,11128.2
2025-12-23,G003,Eggs (12),Dairy,East,149,91.58,0.0,0.0,13645.42
2025-02-05,G004,Rice 5kg,Staples,West,55,325.54,10.0,0.0,16114.23
2025-12-19,G004,Rice 5kg,Staples,West,42,308.33,0.0,0.0,12949.86
2025-10-19,G007,Instant Noodles,Packaged Foods,West,247,17.33,5.0,0.0,4066.48
2025-05-02,G006,Bananas 1kg,Produce,West,155,40.31,0.0,0.0,6248.05
2025-04-04,G005,Cooking Oil 1L,Staples,East,88,136.73,0.0,0.0,12032.24
2025-11-18,G006,Bananas 1kg,Produce,South,105,39.46,0.0,0.0,4143.3
2025-04-06,G002,Bread Loaf,Bakery,South,245,46.72,0.0,730.53,11446.4
2025-01-29,G005,Cooking Oil 1L,Staples,East,68,145.46,0.0,0.0,9891.28
2025-03-10,G002,Bread Loaf,Bakery,East,242,46.49,10.0,0.0,10125.52
2025-01-28,G003,Eggs (12),Dairy,East,35,89.2,0.0,0.0,3122.0
2025-10-04,G001,Milk 1L,Dairy,East,367,55.85,0.0,0.0,20496.95
2025-04-05,G006,Bananas 1kg,Produce,North,263,40.5,0.0,0.0,10651.5
2025-04-24,G004,Rice 5kg,Staples,North,41,320.43,5.0,0.0,12480.75
2025-11-18,G002,Bread Loaf,Bakery,East,175,45.95,0.0,470.17,8041.25
2025-06-01,G005,Cooking Oil 1L,Staples,East,153,140.81,10.0,0.0,19389.54
2025-12-31,G003,Eggs (12),Dairy,East,153,92.2,5.0,521.82,13401.27
2025-05-04,G004,Rice 5kg,Staples,West,116,320.78,0.0,263.15,37210.48
2025-09-13,G005,Cooking Oil 1L,Staples,East,122,140.71,0.0,200.64,17166.62
2025-03-25,G004,Rice 5kg,Staples,South,62,316.22,0.0,616.63,19605.64
2025-09-26,G006,Bananas 1kg,Produce,North,222,39.95,0.0,0.0,8868.9
2025-12-22,G007,Instant Noodles,Packaged Foods,East,317,18.23,0.0,0.0,5778.91
2025-04-07,G006,Bananas 1kg,Produce,North,261,39.97,0.0,0.0,10432.17
2025-12-07,G004,Rice 5kg,Staples,East,66,328.8,0.0,0.0,21700.8
2025-03-04,G004,Rice 5kg,Staples,South,59,327.3,0.0,0.0,19310.7
2025-10-31,G001,Milk 1L,Dairy,South,124,52.9,0.0,0.0,6559.6
2025-05-24,G003,Eggs (12),Dairy,North,84,91.69,0.0,0.0,7701.96
2025-08-24,G001,Milk 1L,Dairy,East,355,53.69,0.0,262.32,19059.95
2025-12-20,G007,Instant Noodles,Packaged Foods,East,399,17.67,0.0,0.0,7050.33
2025-12-15,G001,Milk 1L,Dairy,East,280,55.23,0.0,0.0,15464.4
2025-10-30,G005,Cooking Oil 1L,Staples,North,117,138.89,0.0,0.0,16250.13
2025-11-30,G001,Milk 1L,Dairy,North,247,54.57,0.0,0.0,13478.79
2025-03-22,G005,Cooking Oil 1L,Staples,East,128,144.38,0.0,0.0,18480.64
2025-06-13,G007,Instant Noodles,Packaged Foods,South,299,18.09,0.0,0.0,5408.91
2025-12-05,G004,Rice 5kg,Staples,East,40,330.86,0.0,0.0,13234.4
2025-03-24,G003,Eggs (12),Dairy,South,99,90.6,10.0,0.0,8072.46
2025-07-03,G006,Bananas 1kg,Produce,South,176,38.49,0.0,0.0,6774.24
2025-06-09,G005,Cooking Oil 1L,Staples,West,74,145.45,0.0,0.0,10763.3
2025-07-30,G004,Rice 5kg,Staples,South,66,309.33,0.0,0.0,20415.78
2025-02-07,G001,Milk 1L,Dairy,South,188,53.81,0.0,0.0,10116.28
2025-03-03,G005,Cooking Oil 1L,Staples,North,109,145.05,0.0,0.0,15810.45
2025-06-06,G001,Milk 1L,Dairy,West,185,56.3,0.0,0.0,10415.5
2025-02-14,G004,Rice 5kg,Staples,South,32,330.7,0.0,379.86,10582.4
2025-06-09,G006,Bananas 1kg,Produce,West,145,40.27,0.0,0.0,5839.15
2025-08-18,G004,Rice 5kg,Staples,South,47,308.07,5.0,0.0,13755.33
2025-02-12,G001,Milk 1L,Dairy,South,175,53.69,5.0,0.0,8925.96
2025-07-21,G001,Milk 1L,Dairy,West,212,56.95,5.0,0.0,11469.73
2025-06-03,G006,Bananas 1kg,Produce,North,224,41.53,0.0,0.0,9302.72
2025-12-12,G005,Cooking Oil 1L,Staples,East,89,138.57,0.0,0.0,12332.73
2025-05-04,G005,Cooking Oil 1L,Staples,West,123,144.01,0.0,0.0,17713.23
2025-06-24,G002,Bread Loaf,Bakery,East,172,44.71,0.0,0.0,7690.12
2025-08-31,G007,Instant Noodles,Packaged Foods,East,368,18.31,0.0,0.0,6738.08
2025-04-05,G003,Eggs (12),Dairy,South,170,93.27,0.0,0.0,15855.9
2025-08-19,G003,Eggs (12),Dairy,East,93,90.99,0.0,0.0,8462.07
2025-03-20,G006,Bananas 1kg,Produce,South,130,39.2,0.0,0.0,5096.0
2025-04-21,G006,Bananas 1kg,Produce,West,114,41.35,0.0,0.0,4713.9
2025-09-09,G004,Rice 5kg,Staples,North,60,331.81,0.0,0.0,19908.6
2025-12-15,G005,Cooking Oil 1L,Staples,East,64,139.94,0.0,0.0,8956.16
2025-05-10,G001,Milk 1L,Dairy,East,387,54.16,0.0,0.0,20959.92
2025-11-27,G004,Rice 5kg,Staples,East,41,309.11,0.0,117.94,12673.51
2025-03-12,G007,Instant Noodles,Packaged Foods,West,291,18.41,0.0,0.0,5357.31
2025-03-11,G003,Eggs (12),Dairy,South,131,90.54,0.0,0.0,11860.74
2025-12-08,G006,Bananas 1kg,Produce,East,223,40.74,0.0,0.0,9085.02
2025-09-13,G007,Instant Noodles,Packaged Foods,East,274,18.19,5.0,0.0,4734.86
2025-08-09,G007,Instant Noodles,Packaged Foods,West,413,18.27,0.0,0.0,7545.51
2025-03-10,G001,Milk 1L,Dairy,West,320,55.88,0.0,0.0,17881.6
2025-02-20,G003,Eggs (12),Dairy,South,107,89.15,5.0,0.0,9062.1
2025-11-09,G004,Rice 5kg,Staples,North,84,332.34,0.0,21.3,27916.56
2025-09-03,G005,Cooking Oil 1L,Staples,South,127,138.85,0.0,0.0,17633.95
2025-02-07,G002,Bread Loaf,Bakery,North,86,43.54,0.0,720.39,3744.44
2025-02-11,G007,Instant Noodles,Packaged Foods,South,279,18.07,5.0,0.0,4789.45
2025-06-14,G004,Rice 5kg,Staples,West,96,323.79,0.0,0.0,31083.84
2025-06-16,G001,Milk 1L,Dairy,South,170,53.08,0.0,0.0,9023.6
2025-10-22,G004,Rice 5kg,Staples,East,59,329.05,0.0,0.0,19413.95
2025-05-11,G002,Bread Loaf,Bakery,East,288,45.26,5.0,0.0,12383.14
2025-09-22,G002,Bread Loaf,Bakery,West,181,46.17,0.0,0.0,8356.77
2025-01-23,G002,Bread Loaf,Bakery,South,116,44.65,5.0,0.0,4920.43
2025-09-29,G001,Milk 1L,Dairy,South,199,53.18,0.0,705.25,10582.82
2025-12-31,G006,Bananas 1kg,Produce,North,157,40.58,10.0,65.07,5733.95
2025-11-12,G001,Milk 1L,Dairy,West,272,55.28,0.0,0.0,15036.16
2025-03-10,G003,Eggs (12),Dairy,South,110,91.65,0.0,0.0,10081.5
2025-08-19,G005,Cooking Oil 1L,Staples,West,82,139.97,0.0,0.0,11477.54
2025-11-16,G006,Bananas 1kg,Produce,North,291,40.17,0.0,0.0,11689.47
2025-03-14,G007,Instant Noodles,Packaged Foods,West,230,17.63,0.0,473.4,4054.9
2025-03-27,G006,Bananas 1kg,Produce,North,182,39.53,0.0,0.0,7194.46
2025-01-13,G005,Cooking Oil 1L,Staples,West,95,144.84,0.0,0.0,13759.8
2025-08-07,G007,Instant Noodles,Packaged Foods,East,329,17.46,10.0,0.0,5169.91
2025-09-11,G007,Instant Noodles,Packaged Foods,North,299,17.76,0.0,0.0,5310.24
2025-05-27,G003,Eggs (12),Dairy,North,80,91.48,10.0,0.0,6586.56
2025-11-21,G001,Milk 1L,Dairy,East,305,55.43,0.0,50.9,16906.15
2025-08-07,G001,Milk 1L,Dairy,West,224,56.66,0.0,0.0,12691.84
2025-06-12,G004,Rice 5kg,Staples,South,46,312.03,5.0,0.0,13635.71
2025-07-30,G002,Bread Loaf,Bakery,East,145,43.61,5.0,0.0,6007.28
2025-08-16,G004,Rice 5kg,Staples,East,86,330.03,0.0,602.07,28382.58
2025-09-24,G002,Bread Loaf,Bakery,West,151,45.08,10.0,0.0,6126.37
2025-02-26,G001,Milk 1L,Dairy,North,338,56.96,0.0,0.0,19252.48
2025-03-09,G003,Eggs (12),Dairy,South,156,89.65,0.0,0.0,13985.4
2025-03-15,G002,Bread Loaf,Bakery,East,327,46.68,5.0,0.0,14501.14
2025-04-10,G002,Bread Loaf,Bakery,South,184,44.93,0.0,0.0,8267.12
2025-06-21,G003,Eggs (12),Dairy,East,135,86.87,10.0,736.77,10554.71
2025-07-26,G006,Bananas 1kg,Produce,South,154,38.96,0.0,0.0,5999.84
2025-01-27,G006,Bananas 1kg,Produce,North,161,40.77,0.0,789.4,6563.97
2025-11-07,G006,Bananas 1kg,Produce,North,205,39.83,0.0,0.0,8165.15
2025-07-23,G006,Bananas 1kg,Produce,South,85,39.39,0.0,0.0,3348.15
2025-05-24,G003,Eggs (12),Dairy,East,172,87.42,0.0,0.0,15036.24
2025-02-20,G003,Eggs (12),Dairy,North,88,90.23,0.0,0.0,7940.24
2025-06-04,G001,Milk 1L,Dairy,North,251,54.46,0.0,0.0,13669.46
2025-09-09,G006,Bananas 1kg,Produce,North,106,39.0,10.0,0.0,3720.6
2025-11-14,G004,Rice 5kg,Staples,South,74,322.24,5.0,0.0,22653.47
2025-04-24,G004,Rice 5kg,Staples,East,38,307.37,0.0,0.0,11680.06
2025-01-31,G003,Eggs (12),Dairy,West,64,86.63,0.0,0.0,5544.32
2025-06-05,G007,Instant Noodles,Packaged Foods,East,315,17.31,0.0,0.0,5452.65
2025-03-31,G003,Eggs (12),Dairy,South,78,93.4,10.0,0.0,6556.68
2025-09-28,G004,Rice 5kg,Staples,East,64,318.65,10.0,0.0,18354.24
2025-12-25,G001,Milk 1L,Dairy,North,386,55.64,0.0,0.0,21477.04
2025-08-19,G007,Instant Noodles,Packaged Foods,East,274,18.53,0.0,0.0,5077.22
2025-06-07,G004,Rice 5kg,Staples,North,89,329.0,5.0,0.0,27816.95
2025-11-04,G001,Milk 1L,Dairy,South,191,53.98,0.0,0.0,10310.18
2025-05-13,G005,Cooking Oil 1L,Staples,West,64,144.6,0.0,0.0,9254.4
2025-11-19,G007,Instant Noodles,Packaged Foods,South,493,18.48,0.0,0.0,9110.64
2025-05-05,G003,Eggs (12),Dairy,East,98,90.61,0.0,349.22,8879.78
2025-01-31,G004,Rice 5kg,Staples,South,64,323.98,0.0,0.0,20734.72
2025-11-03,G004,Rice 5kg,Staples,West,86,332.26,0.0,0.0,28574.36
2025-10-20,G001,Milk 1L,Dairy,North,295,55.1,0.0,0.0,16254.5
2025-09-05,G006,Bananas 1kg,Produce,East,167,40.22,0.0,0.0,6716.74
2025-11-06,G004,Rice 5kg,Staples,South,59,329.75,0.0,0.0,19455.25
2025-10-20,G006,Bananas 1kg,Produce,East,188,38.41,0.0,0.0,7221.08
2025-01-07,G004,Rice 5kg,Staples,North,44,321.88,5.0,0.0,13454.58
2025-11-14,G006,Bananas 1kg,Produce,East,181,40.48,0.0,0.0,7326.88
2025-01-04,G005,Cooking Oil 1L,Staples,West,118,143.23,0.0,0.0,16901.14
2025-10-14,G005,Cooking Oil 1L,Staples,West,100,144.99,0.0,576.65,14499.0
2025-12-08,G005,Cooking Oil 1L,Staples,East,58,138.01,0.0,0.0,8004.58
2025-02-02,G005,Cooking Oil 1L,Staples,West,191,139.68,0.0,0.0,26678.88
2025-01-15,G006,Bananas 1kg,Produce,West,86,39.01,0.0,0.0,3354.86
2025-02-16,G003,Eggs (12),Dairy,North,108,89.47,0.0,0.0,9662.76
2025-09-16,G004,Rice 5kg,Staples,South,80,310.04,0.0,0.0,24803.2
2025-02-27,G006,Bananas 1kg,Produce,West,93,39.78,0.0,0.0,3699.54
2025-03-16,G003,Eggs (12),Dairy,East,116,93.45,0.0,0.0,10840.2
2025-03-20,G006,Bananas 1kg,Produce,North,210,40.05,5.0,0.0,7989.97
2025-07-31,G007,Instant Noodles,Packaged Foods,North,252,17.53,0.0,0.0,4417.56
2025-02-21,G004,Rice 5kg,Staples,North,63,329.7,0.0,0.0,20771.1
2025-03-07,G003,Eggs (12),Dairy,East,130,89.08,0.0,0.0,11580.4
2025-03-28,G007,Instant Noodles,Packaged Foods,East,213,18.56,5.0,0.0,3755.62
2025-07-23,G007,Instant Noodles,Packaged Foods,North,323,17.54,0.0,0.0,5665.42
2025-05-21,G004,Rice 5kg,Staples,East,40,322.39,0.0,0.0,12895.6
2025-11-29,G005,Cooking Oil 1L,Staples,West,85,138.88,0.0,0.0,11804.8
2025-08-17,G004,Rice 5kg,Staples,North,107,309.72,0.0,0.0,33140.04
2025-04-13,G001,Milk 1L,Dairy,South,347,53.94,0.0,0.0,18717.18
2025-10-21,G004,Rice 5kg,Staples,North,37,314.95,0.0,0.0,11653.15
2025-04-01,G006,Bananas 1kg,Produce,North,153,38.45,0.0,0.0,5882.85
2025-04-22,G001,Milk 1L,Dairy,South,162,54.11,0.0,0.0,8765.82
2025-01-16,G003,Eggs (12),Dairy,East,143,88.94,0.0,0.0,12718.42
2025-05-15,G001,Milk 1L,Dairy,South,152,55.99,0.0,0.0,8510.48
2025-06-10,G004,Rice 5kg,Staples,East,48,317.31,0.0,0.0,15230.88
2025-06-17,G003,Eggs (12),Dairy,West,108,91.1,10.0,0.0,8854.92
2025-07-20,G007,Instant Noodles,Packaged Foods,West,398,18.65,10.0,0.0,6680.43
2025-07-27,G004,Rice 5kg,Staples,East,76,321.54,5.0,0.0,23215.19
2025-06-15,G004,Rice 5kg,Staples,South,105,323.74,5.0,0.0,32293.07
2025-08-25,G003,Eggs (12),Dairy,North,71,89.98,0.0,0.0,6388.58
2025-05-17,G003,Eggs (12),Dairy,South,146,90.91,0.0,0.0,13272.86
2025-12-29,G005,Cooking Oil 1L,Staples,South,70,142.16,10.0,0.0,8956.08
2025-03-17,G004,Rice 5kg,Staples,West,52,328.84,0.0,0.0,17099.68
2025-12-31,G004,Rice 5kg,Staples,West,52,324.94,0.0,121.18,16896.88
2025-02-11,G005,Cooking Oil 1L,Staples,North,86,135.62,0.0,0.0,11663.32
2025-06-29,G001,Milk 1L,Dairy,North,204,54.17,5.0,0.0,10498.15
2025-02-20,G006,Bananas 1kg,Produce,South,81,39.21,0.0,0.0,3176.01
2025-07-28,G003,Eggs (12),Dairy,South,94,89.72,0.0,0.0,8433.68
2025-03-14,G005,Cooking Oil 1L,Staples,West,83,141.95,0.0,0.0,11781.85
2025-04-10,G007,Instant Noodles,Packaged Foods,South,279,18.09,0.0,3.99,5047.11
2025-03-01,G003,Eggs (12),Dairy,West,188,87.07,0.0,776.93,16369.16
2025-05-29,G005,Cooking Oil 1L,Staples,East,74,137.12,0.0,0.0,10146.88
2025-10-02,G002,Bread Loaf,Bakery,West,214,45.12,0.0,0.0,9655.68
2025-02-12,G002,Bread Loaf,Bakery,North,145,45.3,0.0,0.0,6568.5
2025-01-05,G006,Bananas 1kg,Produce,North,231,38.64,0.0,691.12,8925.84
2025-12-10,G003,Eggs (12),Dairy,West,120,92.34,5.0,0.0,10526.76
2025-04-24,G006,Bananas 1kg,Produce,West,86,41.06,0.0,0.0,3531.16
2025-01-22,G004,Rice 5kg,Staples,East,44,316.16,0.0,0.0,13911.04
2025-10-10,G004,Rice 5kg,Staples,North,36,318.97,0.0,0.0,11482.92
2025-05-28,G005,Cooking Oil 1L,Staples,North,47,142.92,10.0,0.0,6045.52
2025-06-16,G007,Instant Noodles,Packaged Foods,North,260,18.06,5.0,0.0,4460.82
2025-06-21,G003,Eggs (12),Dairy,North,124,90.08,10.0,0.0,10052.93
2025-12-03,G004,Rice 5kg,Staples,North,97,326.14,0.0,0.0,31635.58
2025-03-30,G006,Bananas 1kg,Produce,West,82,40.21,0.0,0.0,3297.22
2025-02-23,G005,Cooking Oil 1L,Staples,North,120,137.06,0.0,0.0,16447.2
2025-09-24,G005,Cooking Oil 1L,Staples,South,110,144.68,10.0,0.0,14323.32
2025-10-19,G003,Eggs (12),Dairy,North,100,93.16,0.0,0.0,9316.0
2025-02-03,G003,Eggs (12),Dairy,North,88,93.0,0.0,0.0,8184.0
2025-08-05,G007,Instant Noodles,Packaged Foods,East,322,18.47,5.0,0.0,5649.97
2025-03-07,G001,Milk 1L,Dairy,East,223,53.53,0.0,0.0,11937.19
2025-09-29,G002,Bread Loaf,Bakery,South,137,44.68,5.0,0.0,5815.1
2025-02-17,G003,Eggs (12),Dairy,North,52,91.06,0.0,0.0,4735.12
2025-04-06,G006,Bananas 1kg,Produce,South,152,41.31,0.0,0.0,6279.12
2025-03-23,G003,Eggs (12),Dairy,East,186,87.32,0.0,0.0,16241.52
2025-10-16,G001,Milk 1L,Dairy,North,246,54.51,0.0,0.0,13409.46
2025-05-31,G003,Eggs (12),Dairy,South,154,91.59,0.0,0.0,14104.86
2025-03-10,G007,Instant Noodles,Packaged Foods,East,339,18.52,0.0,0.0,6278.28
2025-01-30,G002,Bread Loaf,Bakery,South,130,45.22,0.0,0.0,5878.6
2025-02-09,G002,Bread Loaf,Bakery,East,235,44.48,0.0,184.26,10452.8
2025-10-30,G006,Bananas 1kg,Produce,North,183,41.43,0.0,752.46,7581.69
2025-02-15,G006,Bananas 1kg,Produce,North,244,41.41,0.0,0.0,10104.04
2025-02-28,G003,Eggs (12),Dairy,East,100,91.61,0.0,0.0,9161.0
2025-09-26,G003,Eggs (12),Dairy,North,87,86.5,0.0,773.48,7525.5
2025-02-19,G003,Eggs (12),Dairy,South,91,88.37,0.0,0.0,8041.67
2025-04-12,G003,Eggs (12),Dairy,North,81,90.86,10.0,0.0,6623.69
2025-09-08,G001,Milk 1L,Dairy,West,228,54.07,0.0,0.0,12327.96
2025-11-30,G004,Rice 5kg,Staples,West,97,311.16,0.0,0.0,30182.52
2025-05-18,G001,Milk 1L,Dairy,South,218,56.08,0.0,0.0,12225.44
2025-08-06,G004,Rice 5kg,Staples,East,48,327.4,0.0,445.83,15715.2
2025-05-03,G006,Bananas 1kg,Produce,East,332,41.45,0.0,214.39,13761.4
2025-12-23,G001,Milk 1L,Dairy,West,248,53.3,0.0,0.0,13218.4
2025-04-10,G001,Milk 1L,Dairy,North,278,56.47,0.0,0.0,15698.66
2025-06-27,G007,Instant Noodles,Packaged Foods,North,374,17.42,0.0,0.0,6515.08
2025-12-04,G004,Rice 5kg,Staples,North,62,315.16,0.0,0.0,19539.92
2025-05-17,G006,Bananas 1kg,Produce,East,263,40.17,0.0,0.0,10564.71
2025-02-15,G003,Eggs (12),Dairy,East,175,91.38,0.0,424.56,15991.5
2025-04-16,G007,Instant Noodles,Packaged Foods,North,285,18.72,0.0,0.0,5335.2
2025-08-28,G005,Cooking Oil 1L,Staples,West,106,141.57,0.0,0.0,15006.42
2025-08-18,G005,Cooking Oil 1L,Staples,East,58,144.0,0.0,300.95,8352.0
2025-12-26,G004,Rice 5kg,Staples,East,30,329.04,10.0,706.99,8884.08
2025-10-07,G007,Instant Noodles,Packaged Foods,West,352,18.23,0.0,0.0,6416.96
2025-07-04,G002,Bread Loaf,Bakery,North,108,43.91,0.0,0.0,4742.28
2025-02-11,G007,Instant Noodles,Packaged Foods,North,238,18.1,0.0,0.0,4307.8
2025-08-14,G006,Bananas 1kg,Produce,South,127,38.56,0.0,0.0,4897.12
2025-07-22,G007,Instant Noodles,Packaged Foods,South,337,18.69,0.0,0.0,6298.53
2025-01-18,G002,Bread Loaf,Bakery,West,226,44.01,5.0,0.0,9448.95
2025-01-19,G007,Instant Noodles,Packaged Foods,West,388,18.69,0.0,0.0,7251.72
2025-06-09,G005,Cooking Oil 1L,Staples,South,72,140.77,0.0,0.0,10135.44
2025-03-08,G004,Rice 5kg,Staples,East,65,326.51,0.0,0.0,21223.15
2025-06-19,G005,Cooking Oil 1L,Staples,East,67,142.93,0.0,0.0,9576.31
2025-11-24,G001,Milk 1L,Dairy,North,210,53.39,0.0,0.0,11211.9
2025-10-16,G003,Eggs (12),Dairy,West,71,89.46,0.0,0.0,6351.66
2025-05-28,G004,Rice 5kg,Staples,West,69,309.38,0.0,0.0,21347.22
2025-02-03,G005,Cooking Oil 1L,Staples,North,87,139.29,0.0,0.0,12118.23
2025-01-28,G005,Cooking Oil 1L,Staples,South,52,138.95,0.0,0.0,7225.4
2025-06-16,G003,Eggs (12),Dairy,South,84,89.74,0.0,0.0,7538.16
2025-03-03,G006,Bananas 1kg,Produce,South,154,41.27,0.0,0.0,6355.58
2025-03-27,G001,Milk 1L,Dairy,South,127,54.05,0.0,0.0,6864.35
2025-12-03,G005,Cooking Oil 1L,Staples,South,110,139.11,0.0,0.0,15302.1
2025-10-14,G003,Eggs (12),Dairy,East,119,88.78,0.0,127.69,10564.82
2025-02-11,G002,Bread Loaf,Bakery,North,141,44.11,0.0,0.0,6219.51
2025-04-19,G001,Milk 1L,Dairy,South,196,57.11,0.0,0.0,11193.56
2025-04-07,G005,Cooking Oil 1L,Staples,North,109,139.34,0.0,0.0,15188.06
2025-05-01,G003,Eggs (12),Dairy,South,166,87.93,0.0,0.0,14596.38
2025-12-02,G005,Cooking Oil 1L,Staples,East,101,141.28,10.0,0.0,12842.35
2025-05-01,G005,Cooking Oil 1L,Staples,North,117,134.45,0.0,0.0,15730.65
2025-06-09,G002,Bread Loaf,Bakery,East,122,45.23,0.0,0.0,5518.06
2025-08-30,G006,Bananas 1kg,Produce,North,184,41.19,5.0,0.0,7200.01
2025-12-23,G005,Cooking Oil 1L,Staples,North,108,137.23,10.0,0.0,13338.76
2025-01-11,G001,Milk 1L,Dairy,East,244,56.8,0.0,0.0,13859.2
2025-11-03,G005,Cooking Oil 1L,Staples,South,109,144.35,10.0,0.0,14160.74
2025-08-10,G004,Rice 5kg,Staples,North,65,331.82,5.0,0.0,20489.88
2025-02-16,G004,Rice 5kg,Staples,East,47,323.69,0.0,0.0,15213.43
2025-04-06,G003,Eggs (12),Dairy,South,152,93.36,0.0,0.0,14190.72
2025-01-08,G002,Bread Loaf,Bakery,West,126,46.16,10.0,0.0,5234.54
2025-05-08,G007,Instant Noodles,Packaged Foods,North,251,17.86,0.0,0.0,4482.86
2025-05-16,G003,Eggs (12),Dairy,South,69,89.74,0.0,0.0,6192.06
2025-09-10,G004,Rice 5kg,Staples,North,45,319.37,0.0,0.0,14371.65
2025-02-15,G001,Milk 1L,Dairy,South,156,54.8,0.0,0.0,8548.8
2025-07-24,G001,Milk 1L,Dairy,South,203,55.81,5.0,0.0,10762.96
2025-09-23,G005,Cooking Oil 1L,Staples,West,118,135.34,0.0,0.0,15970.12
2025-12-24,G002,Bread Loaf,Bakery,East,247,43.99,5.0,0.0,10322.25
2025-12-27,G001,Milk 1L,Dairy,North,351,55.81,10.0,238.08,17630.38
2025-02-01,G005,Cooking Oil 1L,Staples,North,263,134.93,0.0,0.0,35486.59
2025-02-01,G003,Eggs (12),Dairy,South,196,91.87,10.0,0.0,16205.87
2025-09-23,G004,Rice 5kg,Staples,East,65,308.46,0.0,0.0,20049.9
2025-05-10,G002,Bread Loaf,Bakery,South,215,45.22,10.0,0.0,8750.07
2025-01-18,G001,Milk 1L,Dairy,South,231,53.51,0.0,0.0,12360.81
2025-08-26,G002,Bread Loaf,Bakery,East,141,44.52,0.0,0.0,6277.32
2025-04-25,G001,Milk 1L,Dairy,West,275,54.94,0.0,0.0,15108.5
2025-02-03,G003,Eggs (12),Dairy,East,198,93.05,0.0,0.0,18423.9
2025-10-26,G004,Rice 5kg,Staples,South,89,331.98,0.0,246.48,29546.22
2025-03-25,G003,Eggs (12),Dairy,South,98,90.2,0.0,484.91,8839.6
2025-10-21,G006,Bananas 1kg,Produce,South,86,41.48,0.0,364.63,3567.28
2025-04-22,G006,Bananas 1kg,Produce,North,146,38.81,0.0,0.0,5666.26
2025-05-18,G007,Instant Noodles,Packaged Foods,North,408,18.06,10.0,0.0,6631.63
2025-10-13,G002,Bread Loaf,Bakery,West,95,45.24,0.0,0.0,4297.8
2025-06-07,G002,Bread Loaf,Bakery,South,228,45.34,0.0,0.0,10337.52
2025-09-12,G001,Milk 1L,Dairy,South,161,56.76,0.0,0.0,9138.36
2025-03-03,G001,Milk 1L,Dairy,South,209,55.29,0.0,0.0,11555.61
2025-03-20,G006,Bananas 1kg,Produce,West,118,38.5,0.0,0.0,4543.0
2025-06-15,G002,Bread Loaf,Bakery,West,244,44.37,0.0,0.0,10826.28
2025-09-21,G006,Bananas 1kg,Produce,North,239,39.72,10.0,0.0,8543.77
2025-07-05,G005,Cooking Oil 1L,Staples,North,133,143.45,10.0,0.0,17170.97
2025-07-26,G003,Eggs (12),Dairy,South,189,93.07,0.0,0.0,17590.23
2025-12-14,G003,Eggs (12),Dairy,East,150,90.87,0.0,0.0,13630.5
2025-05-21,G003,Eggs (12),Dairy,North,49,89.25,0.0,0.0,4373.25
2025-12-25,G002,Bread Loaf,Bakery,West,146,44.11,0.0,0.0,6440.06
2025-12-10,G001,Milk 1L,Dairy,South,240,54.44,0.0,0.0,13065.6
2025-04-13,G005,Cooking Oil 1L,Staples,West,143,144.4,0.0,0.0,20649.2
2025-02-26,G003,Eggs (12),Dairy,North,58,88.68,0.0,482.1,5143.44
2025-06-27,G002,Bread Loaf,Bakery,North,138,45.92,0.0,0.0,6336.96
2025-11-28,G002,Bread Loaf,Bakery,North,184,43.73,0.0,0.0,8046.32
2025-04-29,G002,Bread Loaf,Bakery,East,195,46.67,0.0,0.0,9100.65
2025-12-23,G005,Cooking Oil 1L,Staples,South,96,142.91,0.0,0.0,13719.36
2025-01-30,G004,Rice 5kg,Staples,North,54,329.39,5.0,0.0,16897.71
2025-11-24,G001,Milk 1L,Dairy,West,151,57.12,0.0,0.0,8625.12
2025-07-31,G007,Instant Noodles,Packaged Foods,West,323,18.32,0.0,84.64,5917.36
2025-08-28,G005,Cooking Oil 1L,Staples,South,75,140.0,0.0,0.0,10500.0
2025-03-03,G004,Rice 5kg,Staples,North,82,330.67,0.0,0.0,27114.94
2025-05-24,G004,Rice 5kg,Staples,South,83,322.23,10.0,0.0,24070.58
2025-05-05,G001,Milk 1L,Dairy,West,183,56.42,0.0,0.0,10324.86
2025-12-10,G004,Rice 5kg,Staples,South,48,322.02,10.0,303.34,13911.26
2025-04-19,G001,Milk 1L,Dairy,West,233,56.71,0.0,0.0,13213.43
2025-07-26,G001,Milk 1L,Dairy,South,299,56.91,0.0,0.0,17016.09
2025-06-20,G006,Bananas 1kg,Produce,North,190,38.52,0.0,0.0,7318.8
2025-03-02,G004,Rice 5kg,Staples,East,69,332.18,0.0,0.0,22920.42
2025-01-06,G004,Rice 5kg,Staples,South,41,315.03,10.0,405.5,11624.61
2025-12-06,G001,Milk 1L,Dairy,West,371,55.95,0.0,0.0,20757.45
2025-05-05,G001,Milk 1L,Dairy,East,248,54.73,0.0,0.0,13573.04
2025-06-19,G001,Milk 1L,Dairy,North,202,55.22,5.0,0.0,10596.72
2025-05-20,G001,Milk 1L,Dairy,East,252,53.58,0.0,0.0,13502.16
2025-02-16,G001,Milk 1L,Dairy,West,215,56.28,0.0,0.0,12100.2
2025-03-10,G004,Rice 5kg,Staples,North,60,310.17,0.0,0.0,18610.2
2025-10-03,G003,Eggs (12),Dairy,East,158,87.3,0.0,0.0,13793.4
2025-09-25,G007,Instant Noodles,Packaged Foods,South,324,18.08,0.0,165.46,5857.92
2025-11-04,G005,Cooking Oil 1L,Staples,North,108,135.85,0.0,0.0,14671.8
2025-08-26,G003,Eggs (12),Dairy,West,126,92.85,5.0,0.0,11114.14
2025-06-27,G005,Cooking Oil 1L,Staples,East,108,137.08,0.0,0.0,14804.64
2025-02-01,G007,Instant Noodles,Packaged Foods,North,635,18.35,5.0,0.0,11069.64
2025-09-26,G007,Instant Noodles,Packaged Foods,North,354,18.16,0.0,0.0,6428.64
2025-08-13,G002,Bread Loaf,Bakery,North,173,43.62,0.0,423.84,7546.26
2025-08-24,G005,Cooking Oil 1L,Staples,East,137,141.26,0.0,0.0,19352.62
2025-03-07,G004,Rice 5kg,Staples,South,40,310.83,0.0,0.0,12433.2
2025-05-10,G002,Bread Loaf,Bakery,North,190,46.7,0.0,0.0,8873.0
2025-01-02,G007,Instant Noodles,Packaged Foods,North,452,17.73,0.0,0.0,8013.96
2025-04-14,G007,Instant Noodles,Packaged Foods,South,259,17.53,0.0,422.06,4540.27
2025-01-21,G001,Milk 1L,Dairy,North,221,54.46,0.0,0.0,12035.66
2025-03-25,G005,Cooking Oil 1L,Staples,South,86,143.66,0.0,0.0,12354.76
2025-10-07,G007,Instant Noodles,Packaged Foods,East,312,17.55,0.0,0.0,5475.6
2025-04-06,G007,Instant Noodles,Packaged Foods,West,296,17.7,0.0,0.0,5239.2
2025-06-06,G004,Rice 5kg,Staples,East,29,307.32,0.0,0.0,8912.28
2025-04-20,G004,Rice 5kg,Staples,South,60,310.08,0.0,0.0,18604.8
2025-05-09,G004,Rice 5kg,Staples,East,22,311.53,0.0,75.72,6853.66
2025-04-23,G003,Eggs (12),Dairy,South,102,93.19,0.0,0.0,9505.38
2025-04-19,G003,Eggs (12),Dairy,North,104,90.94,0.0,223.08,9457.76
2025-09-16,G007,Instant Noodles,Packaged Foods,North,262,18.65,0.0,0.0,4886.3
2025-05-12,G007,Instant Noodles,Packaged Foods,West,304,17.92,0.0,0.0,5447.68
2025-09-19,G006,Bananas 1kg,Produce,East,170,40.64,0.0,0.0,6908.8
2025-03-18,G007,Instant Noodles,Packaged Foods,North,321,17.85,0.0,0.0,5729.85
2025-07-05,G001,Milk 1L,Dairy,West,323,54.26,0.0,0.0,17525.98
2025-11-03,G005,Cooking Oil 1L,Staples,East,134,139.51,0.0,0.0,18694.34
2025-10-31,G003,Eggs (12),Dairy,East,129,91.73,0.0,0.0,11833.17
2025-08-10,G005,Cooking Oil 1L,Staples,North,120,145.46,0.0,8.46,17455.2
2025-11-25,G007,Instant Noodles,Packaged Foods,West,364,18.7,0.0,0.0,6806.8
2025-02-04,G003,Eggs (12),Dairy,West,103,88.27,0.0,0.0,9091.81
2025-09-06,G003,Eggs (12),Dairy,East,98,89.44,0.0,0.0,8765.12
2025-03-07,G001,Milk 1L,Dairy,South,121,55.41,0.0,0.0,6704.61
2025-04-23,G004,Rice 5kg,Staples,South,56,332.79,0.0,0.0,18636.24
2025-04-29,G001,Milk 1L,Dairy,East,340,54.0,0.0,0.0,18360.0
2025-12-28,G007,Instant Noodles,Packaged Foods,North,200,18.41,0.0,0.0,3682.0
2025-10-28,G005,Cooking Oil 1L,Staples,North,85,141.66,0.0,0.0,12041.1
2025-03-06,G002,Bread Loaf,Bakery,South,209,44.27,0.0,0.0,9252.43
2025-04-29,G006,Bananas 1kg,Produce,North,121,39.78,0.0,0.0,4813.38
2025-02-24,G005,Cooking Oil 1L,Staples,North,113,143.62,0.0,0.0,16229.06
2025-11-04,G006,Bananas 1kg,Produce,North,197,40.26,0.0,0.0,7931.22
2025-05-15,G006,Bananas 1kg,Produce,North,142,41.39,10.0,0.0,5289.64
2025-04-15,G005,Cooking Oil 1L,Staples,South,65,145.56,0.0,0.0,9461.4
2025-02-21,G007,Instant Noodles,Packaged Foods,South,259,17.46,5.0,0.0,4296.03
2025-10-01,G002,Bread Loaf,Bakery,South,193,45.23,0.0,555.4,8729.39
2025-08-28,G003,Eggs (12),Dairy,West,102,88.57,0.0,0.0,9034.14
2025-12-25,G006,Bananas 1kg,Produce,West,127,39.95,0.0,0.0,5073.65
2025-08-30,G004,Rice 5kg,Staples,South,90,308.61,0.0,379.27,27774.9
2025-10-11,G004,Rice 5kg,Staples,South,111,311.42,0.0,0.0,34567.62
2025-01-25,G005,Cooking Oil 1L,Staples,North,68,138.85,0.0,0.0,9441.8
2025-10-02,G006,Bananas 1kg,Produce,South,141,40.64,0.0,645.97,5730.24
2025-08-08,G007,Instant Noodles,Packaged Foods,West,376,17.38,0.0,0.0,6534.88
2025-07-28,G001,Milk 1L,Dairy,South,122,52.88,0.0,0.0,6451.36
2025-08-21,G007,Instant Noodles,Packaged Foods,East,300,18.27,0.0,0.0,5481.0
2025-06-15,G006,Bananas 1kg,Produce,South,176,41.21,0.0,0.0,7252.96
2025-12-17,G003,Eggs (12),Dairy,North,62,90.63,5.0,292.18,5338.11
2025-05-28,G005,Cooking Oil 1L,Staples,South,71,144.23,0.0,0.0,10240.33
2025-11-22,G004,Rice 5kg,Staples,West,78,313.02,0.0,0.0,24415.56
2025-05-26,G006,Bananas 1kg,Produce,West,118,41.3,0.0,427.04,4873.4
2025-11-30,G002,Bread Loaf,Bakery,East,333,46.41,0.0,0.0,15454.53
2025-01-22,G007,Instant Noodles,Packaged Foods,East,351,18.54,0.0,0.0,6507.54
2025-08-18,G006,Bananas 1kg,Produce,East,204,39.35,0.0,7.36,8027.4
2025-04-04,G007,Instant Noodles,Packaged Foods,South,293,18.59,0.0,0.0,5446.87
2025-11-04,G005,Cooking Oil 1L,Staples,South,94,142.65,0.0,468.39,13409.1
2025-12-07,G003,Eggs (12),Dairy,East,217,91.21,0.0,615.59,19792.57
2025-07-11,G003,Eggs (12),Dairy,South,93,93.24,0.0,590.43,8671.32
2025-04-23,G006,Bananas 1kg,Produce,East,172,39.4,0.0,0.0,6776.8
2025-03-13,G001,Milk 1L,Dairy,South,139,57.09,5.0,0.0,7538.73
2025-02-01,G001,Milk 1L,Dairy,North,396,53.99,0.0,0.0,21380.04
2025-11-15,G007,Instant Noodles,Packaged Foods,South,384,17.46,0.0,0.0,6704.64
2025-08-22,G006,Bananas 1kg,Produce,East,177,38.63,0.0,0.0,6837.51
2025-08-27,G001,Milk 1L,Dairy,East,292,54.82,0.0,0.0,16007.44
2025-08-13,G003,Eggs (12),Dairy,East,168,91.59,0.0,0.0,15387.12
2025-12-31,G006,Bananas 1kg,Produce,West,94,39.28,0.0,0.0,3692.32
2025-08-11,G005,Cooking Oil 1L,Staples,East,64,143.95,0.0,0.0,9212.8
2025-10-06,G003,Eggs (12),Dairy,East,110,87.06,10.0,594.49,8618.94
2025-09-17,G004,Rice 5kg,Staples,South,68,318.45,10.0,0.0,19489.14
2025-10-08,G003,Eggs (12),Dairy,South,104,88.33,0.0,0.0,9186.32
2025-08-04,G003,Eggs (12),Dairy,East,118,89.96,0.0,384.95,10615.28
2025-12-17,G007,Instant Noodles,Packaged Foods,North,327,18.7,10.0,0.0,5503.41
2025-06-30,G005,Cooking Oil 1L,Staples,North,85,141.26,10.0,0.0,10806.39
2025-07-01,G007,Instant Noodles,Packaged Foods,East,460,18.03,0.0,0.0,8293.8
2025-07-07,G007,Instant Noodles,Packaged Foods,North,158,17.59,10.0,538.53,2501.3
2025-06-17,G003,Eggs (12),Dairy,South,100,87.79,5.0,0.0,8340.05
2025-08-28,G003,Eggs (12),Dairy,South,100,88.18,0.0,0.0,8818.0
2025-06-07,G003,Eggs (12),Dairy,North,90,87.26,0.0,564.36,7853.4
2025-08-23,G007,Instant Noodles,Packaged Foods,West,568,17.99,0.0,0.0,10218.32
2025-02-20,G001,Milk 1L,Dairy,East,377,56.73,0.0,0.0,21387.21
2025-07-18,G007,Instant Noodles,Packaged Foods,East,241,17.36,0.0,0.0,4183.76
2025-11-07,G001,Milk 1L,Dairy,North,212,53.96,0.0,0.0,11439.52
2025-06-05,G006,Bananas 1kg,Produce,North,138,41.52,0.0,0.0,5729.76
2025-01-29,G004,Rice 5kg,Staples,West,73,321.34,0.0,0.0,23457.82
2025-11-28,G002,Bread Loaf,Bakery,West,133,46.78,5.0,0.0,5910.65
2025-06-14,G005,Cooking Oil 1L,Staples,East,50,140.1,10.0,0.0,6304.5
2025-10-06,G006,Bananas 1kg,Produce,East,136,40.33,0.0,0.0,5484.88
2025-08-12,G004,Rice 5kg,Staples,North,47,322.32,0.0,340.29,15149.04
2025-09-05,G005,Cooking Oil 1L,Staples,South,62,144.78,0.0,0.0,8976.36
2025-01-10,G006,Bananas 1kg,Produce,West,99,41.39,0.0,0.0,4097.61
2025-01-29,G001,Milk 1L,Dairy,East,287,56.53,5.0,0.0,15412.9
2025-04-17,G003,Eggs (12),Dairy,East,83,87.57,0.0,0.0,7268.31
2025-11-11,G002,Bread Loaf,Bakery,East,210,46.05,0.0,0.0,9670.5
2025-01-06,G005,Cooking Oil 1L,Staples,West,102,139.2,0.0,0.0,14198.4
2025-07-30,G007,Instant Noodles,Packaged Foods,East,260,17.99,0.0,0.0,4677.4
2025-05-09,G007,Instant Noodles,Packaged Foods,East,292,18.6,0.0,0.0,5431.2
2025-12-06,G004,Rice 5kg,Staples,West,76,330.88,0.0,0.0,25146.88
2025-09-17,G007,Instant Noodles,Packaged Foods,South,288,17.42,0.0,316.59,5016.96
2025-03-29,G006,Bananas 1kg,Produce,South,194,40.42,0.0,0.0,7841.48
2025-01-09,G007,Instant Noodles,Packaged Foods,South,282,18.34,0.0,213.59,5171.88
2025-10-25,G004,Rice 5kg,Staples,South,85,311.15,0.0,0.0,26447.75
2025-03-18,G005,Cooking Oil 1L,Staples,South,103,134.93,0.0,384.76,13897.79
2025-06-07,G006,Bananas 1kg,Produce,South,194,39.54,0.0,0.0,7670.76
2025-05-17,G007,Instant Noodles,Packaged Foods,West,441,18.69,0.0,0.0,8242.29
2025-09-26,G006,Bananas 1kg,Produce,East,160,39.12,0.0,0.0,6259.2
2025-03-14,G003,Eggs (12),Dairy,East,144,91.67,0.0,0.0,13200.48
2025-10-06,G005,Cooking Oil 1L,Staples,North,75,138.01,0.0,0.0,10350.75
2025-02-21,G007,Instant Noodles,Packaged Foods,West,238,17.87,0.0,0.0,4253.06
2025-03-26,G004,Rice 5kg,Staples,West,71,328.6,0.0,0.0,23330.6
2025-02-26,G006,Bananas 1kg,Produce,East,162,41.27,0.0,0.0,6685.74
2025-01-14,G003,Eggs (12),Dairy,North,93,87.37,0.0,469.5,8125.41
2025-12-01,G001,Milk 1L,Dairy,East,383,56.66,0.0,0.0,21700.78
2025-11-26,G004,Rice 5kg,Staples,West,67,312.08,0.0,0.0,20909.36
2025-02-25,G004,Rice 5kg,Staples,North,51,328.27,0.0,0.0,16741.77
2025-12-17,G004,Rice 5kg,Staples,South,67,313.28,0.0,0.0,20989.76
2025-11-05,G007,Instant Noodles,Packaged Foods,South,169,17.8,0.0,0.0,3008.2
2025-07-27,G003,Eggs (12),Dairy,East,241,88.16,0.0,183.44,21246.56
2025-10-09,G006,Bananas 1kg,Produce,East,188,38.88,5.0,0.0,6943.97
2025-07-03,G005,Cooking Oil 1L,Staples,North,117,138.08,0.0,0.0,16155.36
2025-02-07,G005,Cooking Oil 1L,Staples,West,62,139.74,0.0,0.0,8663.88
2025-04-14,G003,Eggs (12),Dairy,East,170,93.36,0.0,0.0,15871.2
2025-12-11,G004,Rice 5kg,Staples,West,64,325.16,0.0,0.0,20810.24
2025-08-14,G005,Cooking Oil 1L,Staples,East,63,141.28,0.0,0.0,8900.64
2025-01-28,G003,Eggs (12),Dairy,South,96,92.22,0.0,0.0,8853.12
2025-06-30,G003,Eggs (12),Dairy,South,102,91.24,0.0,0.0,9306.48
2025-03-02,G004,Rice 5kg,Staples,West,63,329.8,0.0,0.0,20777.4
2025-03-20,G004,Rice 5kg,Staples,East,51,320.98,0.0,0.0,16369.98
2025-10-24,G007,Instant Noodles,Packaged Foods,West,269,17.81,0.0,0.0,4790.89
2025-11-16,G002,Bread Loaf,Bakery,East,361,45.45,0.0,0.0,16407.45
2025-04-08,G002,Bread Loaf,Bakery,South,131,43.89,0.0,0.0,5749.59
2025-11-14,G003,Eggs (12),Dairy,West,64,92.69,0.0,631.12,5932.16
2025-03-26,G004,Rice 5kg,Staples,North,47,330.72,0.0,444.09,15543.84
2025-12-01,G007,Instant Noodles,Packaged Foods,North,489,17.95,0.0,0.0,8777.55
2025-12-16,G004,Rice 5kg,Staples,North,46,309.29,10.0,0.0,12804.61
2025-08-12,G006,Bananas 1kg,Produce,South,146,41.54,0.0,0.0,6064.84
2025-07-25,G001,Milk 1L,Dairy,North,218,57.16,0.0,0.0,12460.88
2025-11-18,G006,Bananas 1kg,Produce,North,151,41.27,5.0,0.0,5920.18
2025-04-15,G001,Milk 1L,Dairy,North,182,54.79,0.0,0.0,9971.78
2025-11-18,G004,Rice 5kg,Staples,South,86,330.93,0.0,0.0,28459.98
2025-04-18,G004,Rice 5kg,Staples,South,58,330.47,0.0,0.0,19167.26
2025-04-08,G004,Rice 5kg,Staples,West,69,332.39,0.0,0.0,22934.91
2025-09-04,G004,Rice 5kg,Staples,East,61,331.77,0.0,0.0,20237.97
2025-12-15,G006,Bananas 1kg,Produce,North,149,41.35,0.0,0.0,6161.15
2025-06-26,G001,Milk 1L,Dairy,East,296,53.06,10.0,156.5,14135.18
2025-06-27,G001,Milk 1L,Dairy,East,210,53.16,0.0,0.0,11163.6
2025-05-14,G003,Eggs (12),Dairy,West,86,92.84,0.0,0.0,7984.24
2025-05-04,G001,Milk 1L,Dairy,South,216,52.97,0.0,0.0,11441.52
2025-07-14,G005,Cooking Oil 1L,Staples,South,75,136.91,10.0,287.42,9241.43
2025-05-14,G004,Rice 5kg,Staples,East,41,324.52,0.0,0.0,13305.32
2025-08-22,G004,Rice 5kg,Staples,South,74,314.72,5.0,0.0,22124.82
2025-01-10,G005,Cooking Oil 1L,Staples,East,44,137.97,0.0,0.0,6070.68
2025-04-06,G003,Eggs (12),Dairy,North,92,89.73,10.0,0.0,7429.64
2025-02-22,G004,Rice 5kg,Staples,South,49,310.36,10.0,0.0,13686.88
2025-08-19,G007,Instant Noodles,Packaged Foods,West,240,17.73,0.0,0.0,4255.2
2025-04-24,G004,Rice 5kg,Staples,West,57,321.21,5.0,0.0,17393.52
2025-05-02,G003,Eggs (12),Dairy,East,216,90.68,0.0,0.0,19586.88
2025-10-02,G007,Instant Noodles,Packaged Foods,West,507,17.93,0.0,0.0,9090.51
2025-07-29,G001,Milk 1L,Dairy,South,128,53.47,5.0,0.0,6501.95
2025-06-17,G005,Cooking Oil 1L,Staples,North,107,142.0,0.0,0.0,15194.0
2025-05-23,G003,Eggs (12),Dairy,North,75,93.15,0.0,0.0,6986.25
2025-08-25,G005,Cooking Oil 1L,Staples,East,110,140.82,0.0,0.0,15490.2
2025-08-09,G006,Bananas 1kg,Produce,North,104,40.87,0.0,0.0,4250.48
2025-05-27,G007,Instant Noodles,Packaged Foods,South,289,17.7,0.0,698.65,5115.3
2025-10-03,G003,Eggs (12),Dairy,West,157,91.78,0.0,0.0,14409.46
2025-04-14,G002,Bread Loaf,Bakery,West,172,44.06,10.0,0.0,6820.49
2025-09-02,G004,Rice 5kg,Staples,South,77,323.43,0.0,0.0,24904.11
2025-09-10,G006,Bananas 1kg,Produce,South,98,39.54,0.0,0.0,3874.92
2025-09-07,G005,Cooking Oil 1L,Staples,North,67,136.38,0.0,0.0,9137.46
2025-04-18,G006,Bananas 1kg,Produce,South,98,39.7,0.0,0.0,3890.6
2025-04-13,G005,Cooking Oil 1L,Staples,South,133,137.28,0.0,562.1,18258.24
2025-05-29,G003,Eggs (12),Dairy,North,66,89.24,0.0,0.0,5889.84
2025-08-14,G001,Milk 1L,Dairy,North,220,53.35,10.0,0.0,10563.3
2025-12-01,G003,Eggs (12),Dairy,West,106,91.52,10.0,0.0,8731.01
2025-06-03,G004,Rice 5kg,Staples,South,103,315.37,0.0,0.0,32483.11
2025-03-08,G005,Cooking Oil 1L,Staples,North,112,140.04,5.0,0.0,14900.26
2025-08-12,G006,Bananas 1kg,Produce,East,197,41.22,10.0,0.0,7308.31
2025-03-10,G004,Rice 5kg,Staples,West,58,317.72,0.0,0.0,18427.76
2025-08-29,G002,Bread Loaf,Bakery,East,194,46.21,5.0,0.0,8516.5
2025-06-20,G007,Instant Noodles,Packaged Foods,West,327,18.69,0.0,0.0,6111.63
2025-05-12,G001,Milk 1L,Dairy,North,242,54.95,0.0,353.07,13297.9
2025-11-18,G004,Rice 5kg,Staples,East,58,311.28,0.0,0.0,18054.24
2025-06-28,G003,Eggs (12),Dairy,South,147,89.26,5.0,645.96,12465.16
2025-01-07,G006,Bananas 1kg,Produce,North,126,39.03,0.0,0.0,4917.78
2025-07-28,G004,Rice 5kg,Staples,North,38,314.29,5.0,0.0,11345.87
2025-10-02,G003,Eggs (12),Dairy,East,147,90.87,0.0,0.0,13357.89
2025-10-22,G007,Instant Noodles,Packaged Foods,East,258,18.0,0.0,538.99,4644.0
2025-03-12,G004,Rice 5kg,Staples,West,63,323.66,0.0,0.0,20390.58
2025-04-23,G004,Rice 5kg,Staples,East,49,308.95,0.0,288.35,15138.55
2025-03-05,G004,Rice 5kg,Staples,South,42,331.86,0.0,0.0,13938.12
2025-11-28,G007,Instant Noodles,Packaged Foods,North,295,18.16,0.0,0.0,5357.2
2025-11-25,G005,Cooking Oil 1L,Staples,West,65,143.34,0.0,0.0,9317.1
2025-05-07,G003,Eggs (12),Dairy,East,107,90.49,0.0,0.0,9682.43
2025-10-31,G003,Eggs (12),Dairy,South,116,93.37,0.0,0.0,10830.92
2025-09-19,G004,Rice 5kg,Staples,North,47,317.21,0.0,0.0,14908.87
2025-11-08,G007,Instant Noodles,Packaged Foods,South,406,18.0,0.0,0.0,7308.0
2025-09-11,G001,Milk 1L,Dairy,West,281,52.88,0.0,599.41,14859.28
2025-03-02,G004,Rice 5kg,Staples,South,121,310.39,0.0,0.0,37557.19
2025-08-05,G001,Milk 1L,Dairy,East,245,53.17,10.0,0.0,11723.99
2025-10-07,G001,Milk 1L,Dairy,East,280,53.71,0.0,0.0,15038.8
2025-01-28,G006,Bananas 1kg,Produce,East,200,40.03,0.0,0.0,8006.0
2025-12-19,G005,Cooking Oil 1L,Staples,West,91,141.73,0.0,0.0,12897.43
2025-01-21,G002,Bread Loaf,Bakery,West,112,43.89,0.0,81.66,4915.68
2025-07-21,G005,Cooking Oil 1L,Staples,West,101,139.7,0.0,570.62,14109.7
2025-02-24,G003,Eggs (12),Dairy,North,90,87.91,0.0,0.0,7911.9
2025-05-05,G002,Bread Loaf,Bakery,North,193,43.43,10.0,0.0,7543.79
2025-10-17,G002,Bread Loaf,Bakery,South,102,46.62,0.0,0.0,4755.24
2025-07-31,G007,Instant Noodles,Packaged Foods,South,344,17.32,10.0,775.29,5362.27
2025-04-21,G004,Rice 5kg,Staples,West,51,311.07,0.0,0.0,15864.57
2025-09-30,G006,Bananas 1kg,Produce,South,85,38.97,0.0,0.0,3312.45
2025-06-22,G004,Rice 5kg,Staples,North,86,310.42,5.0,0.0,25361.31
2025-04-07,G002,Bread Loaf,Bakery,East,164,46.7,0.0,0.0,7658.8
2025-08-31,G002,Bread Loaf,Bakery,South,241,46.73,5.0,0.0,10698.83
2025-03-06,G002,Bread Loaf,Bakery,East,229,45.71,0.0,0.0,10467.59
2025-04-21,G004,Rice 5kg,Staples,South,48,319.57,0.0,0.0,15339.36
2025-06-05,G007,Instant Noodles,Packaged Foods,North,219,17.84,0.0,0.0,3906.96
2025-03-07,G005,Cooking Oil 1L,Staples,West,80,139.24,0.0,0.0,11139.2
2025-01-11,G005,Cooking Oil 1L,Staples,South,98,139.95,10.0,0.0,12343.59
2025-04-21,G003,Eggs (12),Dairy,East,74,86.95,0.0,0.0,6434.3
2025-05-30,G004,Rice 5kg,Staples,South,59,313.95,0.0,0.0,18523.05
2025-09-02,G001,Milk 1L,Dairy,West,448,55.65,0.0,0.0,24931.2
2025-08-15,G003,Eggs (12),Dairy,South,140,90.4,0.0,0.0,12656.0
2025-12-03,G005,Cooking Oil 1L,Staples,West,125,145.02,0.0,521.39,18127.5
2025-09-08,G002,Bread Loaf,Bakery,West,140,44.7,0.0,486.52,6258.0
2025-09-13,G002,Bread Loaf,Bakery,South,103,44.18,0.0,0.0,4550.54
2025-05-13,G006,Bananas 1kg,Produce,East,189,38.97,0.0,0.0,7365.33
2025-07-18,G005,Cooking Oil 1L,Staples,West,85,136.08,0.0,0.0,11566.8
2025-12-04,G006,Bananas 1kg,Produce,North,121,39.57,0.0,0.0,4787.97
2025-07-13,G007,Instant Noodles,Packaged Foods,East,365,17.54,0.0,0.0,6402.1
2025-11-10,G004,Rice 5kg,Staples,East,54,315.98,10.0,0.0,15356.63
2025-08-15,G003,Eggs (12),Dairy,West,88,90.3,0.0,0.0,7946.4
2025-10-25,G005,Cooking Oil 1L,Staples,West,146,143.15,0.0,0.0,20899.9
2025-03-25,G005,Cooking Oil 1L,Staples,West,74,136.2,0.0,0.0,10078.8
2025-03-08,G007,Instant Noodles,Packaged Foods,East,327,17.34,0.0,0.0,5670.18
2025-10-09,G005,Cooking Oil 1L,Staples,East,89,137.17,0.0,0.0,12208.13
2025-08-17,G007,Instant Noodles,Packaged Foods,South,149,17.45,10.0,0.0,2340.04
2025-11-09,G003,Eggs (12),Dairy,East,119,88.01,0.0,0.0,10473.19
2025-09-02,G005,Cooking Oil 1L,Staples,East,185,135.29,0.0,0.0,25028.65
2025-10-10,G006,Bananas 1kg,Produce,East,233,39.85,0.0,0.0,9285.05
2025-10-02,G004,Rice 5kg,Staples,North,90,328.67,0.0,0.0,29580.3
2025-11-09,G005,Cooking Oil 1L,Staples,South,131,141.94,0.0,0.0,18594.14
2025-12-02,G006,Bananas 1kg,Produce,West,175,41.52,0.0,0.0,7266.0
2025-02-02,G006,Bananas 1kg,Produce,East,325,41.08,0.0,0.0,13351.0
2025-08-21,G004,Rice 5kg,Staples,North,56,325.83,0.0,799.67,18246.48
2025-08-01,G001,Milk 1L,Dairy,East,229,56.61,0.0,0.0,12963.69
2025-03-02,G002,Bread Loaf,Bakery,East,278,45.37,0.0,0.0,12612.86
2025-08-27,G007,Instant Noodles,Packaged Foods,South,337,18.2,0.0,0.0,6133.4
2025-07-25,G003,Eggs (12),Dairy,East,89,90.38,0.0,0.0,8043.82
2025-06-18,G002,Bread Loaf,Bakery,West,54,46.18,0.0,0.0,2493.72
2025-12-29,G005,Cooking Oil 1L,Staples,West,77,137.6,0.0,392.58,10595.2
2025-09-27,G007,Instant Noodles,Packaged Foods,East,595,17.61,10.0,611.91,9430.15
2025-06-26,G003,Eggs (12),Dairy,West,59,90.26,0.0,72.13,5325.34
2025-08-09,G002,Bread Loaf,Bakery,North,188,44.6,0.0,0.0,8384.8
2025-11-07,G001,Milk 1L,Dairy,West,271,55.58,0.0,0.0,15062.18
2025-12-17,G006,Bananas 1kg,Produce,North,122,39.61,0.0,408.09,4832.42
2025-01-21,G005,Cooking Oil 1L,Staples,West,83,135.18,0.0,0.0,11219.94
2025-01-13,G006,Bananas 1kg,Produce,North,195,39.29,0.0,0.0,7661.55
2025-03-24,G002,Bread Loaf,Bakery,West,87,46.59,0.0,407.88,4053.33
2025-09-07,G005,Cooking Oil 1L,Staples,South,87,144.06,10.0,0.0,11279.9
2025-11-19,G007,Instant Noodles,Packaged Foods,East,229,17.42,0.0,0.0,3989.18
2025-01-03,G007,Instant Noodles,Packaged Foods,South,235,18.52,0.0,0.0,4352.2
2025-10-21,G002,Bread Loaf,Bakery,East,132,45.72,0.0,0.0,6035.04
2025-10-04,G005,Cooking Oil 1L,Staples,West,140,141.99,0.0,0.0,19878.6
2025-12-26,G003,Eggs (12),Dairy,East,144,89.76,5.0,0.0,12279.17
2025-03-23,G004,Rice 5kg,Staples,South,77,332.21,0.0,0.0,25580.17
2025-02-02,G003,Eggs (12),Dairy,West,140,91.03,0.0,0.0,12744.2
2025-07-27,G004,Rice 5kg,Staples,North,60,308.36,0.0,0.0,18501.6
2025-10-17,G001,Milk 1L,Dairy,North,241,55.89,0.0,0.0,13469.49
2025-05-07,G004,Rice 5kg,Staples,North,55,320.41,0.0,0.0,17622.55
2025-11-25,G001,Milk 1L,Dairy,South,170,55.2,5.0,343.98,8914.8
2025-01-19,G007,Instant Noodles,Packaged Foods,North,437,18.46,0.0,0.0,8067.02
2025-09-18,G001,Milk 1L,Dairy,South,202,53.07,0.0,0.0,10720.14
2025-04-15,G006,Bananas 1kg,Produce,West,86,39.81,0.0,0.0,3423.66
2025-12-18,G001,Milk 1L,Dairy,North,158,54.83,0.0,572.15,8663.14
2025-05-17,G007,Instant Noodles,Packaged Foods,North,272,17.46,0.0,0.0,4749.12
2025-06-18,G005,Cooking Oil 1L,Staples,North,95,139.69,0.0,0.0,13270.55
2025-05-14,G005,Cooking Oil 1L,Staples,East,101,139.95,10.0,326.88,12721.45
2025-11-13,G001,Milk 1L,Dairy,West,368,52.81,0.0,0.0,19434.08
2025-03-28,G004,Rice 5kg,Staples,West,57,327.51,0.0,0.0,18668.07
2025-01-16,G003,Eggs (12),Dairy,South,110,86.55,0.0,0.0,9520.5
2025-01-18,G007,Instant Noodles,Packaged Foods,North,425,18.0,0.0,0.0,7650.0
2025-07-04,G007,Instant Noodles,Packaged Foods,North,271,18.5,5.0,0.0,4762.82
2025-05-24,G007,Instant Noodles,Packaged Foods,North,365,17.53,0.0,214.78,6398.45
2025-07-26,G005,Cooking Oil 1L,Staples,East,136,137.79,0.0,0.0,18739.44
2025-11-03,G007,Instant Noodles,Packaged Foods,East,388,18.69,10.0,0.0,6526.55
2025-07-14,G002,Bread Loaf,Bakery,North,163,44.2,0.0,0.0,7204.6
2025-06-18,G002,Bread Loaf,Bakery,North,106,43.99,0.0,0.0,4662.94
2025-03-13,G002,Bread Loaf,Bakery,South,162,45.71,0.0,0.0,7405.02
2025-03-18,G004,Rice 5kg,Staples,North,50,316.75,0.0,0.0,15837.5
2025-05-23,G003,Eggs (12),Dairy,East,104,88.91,5.0,0.0,8784.31
2025-05-24,G001,Milk 1L,Dairy,North,317,55.85,0.0,0.0,17704.45
2025-12-10,G006,Bananas 1kg,Produce,West,125,40.05,0.0,773.28,5006.25
2025-01-28,G003,Eggs (12),Dairy,North,50,89.15,0.0,485.39,4457.5
2025-02-19,G002,Bread Loaf,Bakery,East,175,43.69,0.0,0.0,7645.75
2025-05-06,G007,Instant Noodles,Packaged Foods,East,368,17.65,0.0,0.0,6495.2
2025-08-15,G001,Milk 1L,Dairy,South,144,54.91,10.0,0.0,7116.34
2025-11-13,G006,Bananas 1kg,Produce,East,132,39.6,0.0,0.0,5227.2
2025-09-30,G005,Cooking Oil 1L,Staples,East,69,136.09,0.0,0.0,9390.21
2025-01-04,G007,Instant Noodles,Packaged Foods,West,498,17.8,0.0,0.0,8864.4
2025-01-10,G004,Rice 5kg,Staples,East,47,308.43,0.0,0.0,14496.21
2025-02-28,G002,Bread Loaf,Bakery,South,132,43.95,0.0,372.78,5801.4
2025-12-18,G002,Bread Loaf,Bakery,South,110,44.92,0.0,0.0,4941.2
2025-04-01,G004,Rice 5kg,Staples,South,47,314.32,0.0,731.94,14773.04
2025-01-06,G007,Instant Noodles,Packaged Foods,South,235,18.28,0.0,0.0,4295.8
2025-10-18,G005,Cooking Oil 1L,Staples,East,92,142.11,10.0,0.0,11766.71
2025-04-03,G006,Bananas 1kg,Produce,East,264,40.69,0.0,0.0,10742.16
2025-11-24,G006,Bananas 1kg,Produce,South,86,40.78,0.0,0.0,3507.08
2025-12-08,G004,Rice 5kg,Staples,East,45,307.64,0.0,0.0,13843.8
2025-03-04,G006,Bananas 1kg,Produce,North,173,41.59,5.0,394.52,6835.32
2025-09-02,G002,Bread Loaf,Bakery,North,185,45.45,10.0,0.0,7567.43
2025-11-02,G004,Rice 5kg,Staples,South,126,313.0,0.0,0.0,39438.0
2025-09-17,G006,Bananas 1kg,Produce,South,43,38.89,0.0,0.0,1672.27
2025-07-14,G007,Instant Noodles,Packaged Foods,West,224,18.05,0.0,0.0,4043.2
2025-10-14,G002,Bread Loaf,Bakery,South,148,45.39,0.0,0.0,6717.72
2025-10-30,G005,Cooking Oil 1L,Staples,East,79,141.46,0.0,0.0,11175.34
2025-03-10,G005,Cooking Oil 1L,Staples,North,88,137.04,0.0,0.0,12059.52
2025-12-07,G001,Milk 1L,Dairy,West,318,55.38,5.0,0.0,16730.3
2025-05-14,G002,Bread Loaf,Bakery,North,118,46.29,0.0,0.0,5462.22
2025-05-19,G006,Bananas 1kg,Produce,North,153,40.43,0.0,0.0,6185.79
2025-07-23,G005,Cooking Oil 1L,Staples,North,84,142.22,10.0,476.1,10751.83
2025-10-05,G002,Bread Loaf,Bakery,East,255,46.66,0.0,0.0,11898.3
2025-12-27,G006,Bananas 1kg,Produce,West,133,38.71,0.0,0.0,5148.43
2025-11-26,G003,Eggs (12),Dairy,East,115,88.75,0.0,0.0,10206.25
2025-06-19,G006,Bananas 1kg,Produce,South,84,40.24,0.0,0.0,3380.16
2025-12-19,G001,Milk 1L,Dairy,East,285,54.61,0.0,0.0,15563.85
2025-02-18,G007,Instant Noodles,Packaged Foods,South,234,17.67,0.0,0.0,4134.78
2025-05-01,G002,Bread Loaf,Bakery,North,237,44.65,10.0,0.0,9523.84
2025-07-16,G005,Cooking Oil 1L,Staples,North,82,139.43,0.0,0.0,11433.26
2025-06-22,G003,Eggs (12),Dairy,East,150,92.61,0.0,0.0,13891.5
2025-07-22,G001,Milk 1L,Dairy,North,205,54.33,0.0,0.0,11137.65
2025-05-21,G004,Rice 5kg,Staples,North,59,328.32,0.0,0.0,19370.88
2025-10-21,G004,Rice 5kg,Staples,East,41,328.79,0.0,0.0,13480.39
2025-05-26,G005,Cooking Oil 1L,Staples,North,69,138.78,0.0,0.0,9575.82
2025-10-27,G005,Cooking Oil 1L,Staples,West,57,144.78,0.0,0.0,8252.46
2025-12-16,G003,Eggs (12),Dairy,East,138,91.11,0.0,0.0,12573.18
2025-03-13,G003,Eggs (12),Dairy,North,66,87.77,0.0,0.0,5792.82
2025-07-09,G003,Eggs (12),Dairy,West,88,93.25,5.0,0.0,7795.7
2025-01-22,G002,Bread Loaf,Bakery,South,116,43.82,0.0,0.0,5083.12
2025-12-22,G006,Bananas 1kg,Produce,West,66,40.29,0.0,178.08,2659.14
2025-10-14,G002,Bread Loaf,Bakery,East,147,43.36,10.0,0.0,5736.53
2025-07-19,G006,Bananas 1kg,Produce,East,234,39.81,5.0,619.36,8849.76
2025-08-11,G006,Bananas 1kg,Produce,West,94,38.67,0.0,0.0,3634.98
2025-12-29,G003,Eggs (12),Dairy,East,104,89.68,0.0,0.0,9326.72
2025-01-24,G002,Bread Loaf,Bakery,East,133,44.27,0.0,0.0,5887.91
2025-03-30,G002,Bread Loaf,Bakery,West,253,46.12,0.0,0.0,11668.36
2025-02-07,G006,Bananas 1kg,Produce,East,153,40.48,0.0,0.0,6193.44
2025-12-24,G003,Eggs (12),Dairy,North,115,89.73,0.0,0.0,10318.95
2025-09-28,G006,Bananas 1kg,Produce,East,333,40.63,0.0,0.0,13529.79
2025-05-13,G001,Milk 1L,Dairy,South,151,54.52,0.0,0.0,8232.52
2025-06-11,G003,Eggs (12),Dairy,East,120,90.79,0.0,0.0,10894.8
2025-09-09,G007,Instant Noodles,Packaged Foods,West,351,17.96,0.0,403.54,6303.96
2025-04-27,G002,Bread Loaf,Bakery,East,214,44.37,0.0,0.0,9495.18
2025-03-18,G007,Instant Noodles,Packaged Foods,South,101,18.21,0.0,0.0,1839.21
2025-05-24,G002,Bread Loaf,Bakery,North,186,44.99,0.0,0.0,8368.14
2025-03-21,G003,Eggs (12),Dairy,North,63,86.59,0.0,698.48,5455.17
2025-02-05,G004,Rice 5kg,Staples,East,43,309.89,0.0,0.0,13325.27
2025-11-30,G002,Bread Loaf,Bakery,South,210,46.77,0.0,0.0,9821.7
2025-05-25,G002,Bread Loaf,Bakery,North,139,46.6,0.0,0.0,6477.4
2025-04-13,G003,Eggs (12),Dairy,North,148,86.99,0.0,0.0,12874.52
2025-02-12,G006,Bananas 1kg,Produce,West,96,40.68,0.0,479.89,3905.28
2025-01-04,G001,Milk 1L,Dairy,East,249,55.94,0.0,0.0,13929.06
2025-07-15,G007,Instant Noodles,Packaged Foods,North,300,17.54,10.0,0.0,4735.8
2025-10-08,G001,Milk 1L,Dairy,North,215,56.66,10.0,0.0,10963.71
2025-09-11,G001,Milk 1L,Dairy,North,245,55.97,10.0,0.0,12341.39
2025-12-13,G006,Bananas 1kg,Produce,West,150,39.46,0.0,0.0,5919.0
2025-06-04,G001,Milk 1L,Dairy,West,238,56.74,0.0,0.0,13504.12
2025-03-24,G004,Rice 5kg,Staples,West,45,319.9,0.0,0.0,14395.5
2025-12-08,G002,Bread Loaf,Bakery,West,108,46.03,0.0,625.38,4971.24
2025-05-08,G001,Milk 1L,Dairy,West,253,54.6,0.0,703.51,13813.8
2025-07-01,G002,Bread Loaf,Bakery,North,342,45.01,5.0,0.0,14623.75
2025-08-11,G007,Instant Noodles,Packaged Foods,West,313,18.01,0.0,0.0,5637.13
2025-07-10,G006,Bananas 1kg,Produce,West,107,39.7,0.0,0.0,4247.9
2025-01-14,G007,Instant Noodles,Packaged Foods,West,278,17.36,5.0,0.0,4584.78
2025-04-11,G007,Instant Noodles,Packaged Foods,West,242,17.46,0.0,0.0,4225.32
2025-04-13,G004,Rice 5kg,Staples,North,72,330.16,0.0,209.74,23771.52
2025-04-09,G001,Milk 1L,Dairy,East,193,56.74,0.0,0.0,10950.82
2025-07-01,G001,Milk 1L,Dairy,North,387,53.53,0.0,227.63,20716.11
2025-04-05,G004,Rice 5kg,Staples,West,87,324.44,0.0,0.0,28226.28
2025-09-22,G001,Milk 1L,Dairy,North,310,56.1,0.0,0.0,17391.0
2025-07-21,G004,Rice 5kg,Staples,North,43,327.91,0.0,0.0,14100.13
2025-11-22,G005,Cooking Oil 1L,Staples,West,141,143.85,0.0,0.0,20282.85
2025-04-11,G007,Instant Noodles,Packaged Foods,North,261,17.53,0.0,0.0,4575.33
2025-11-07,G002,Bread Loaf,Bakery,North,162,44.88,5.0,0.0,6907.03
2025-09-30,G001,Milk 1L,Dairy,East,234,53.11,0.0,673.98,12427.74
2025-01-04,G004,Rice 5kg,Staples,South,111,328.9,0.0,0.0,36507.9
2025-05-10,G007,Instant Noodles,Packaged Foods,East,242,18.08,0.0,0.0,4375.36
2025-08-12,G001,Milk 1L,Dairy,West,245,52.91,0.0,0.0,12962.95
2025-03-29,G002,Bread Loaf,Bakery,North,261,44.58,10.0,0.0,10471.84
2025-07-14,G005,Cooking Oil 1L,Staples,West,99,143.09,0.0,0.0,14165.91
2025-10-16,G004,Rice 5kg,Staples,North,53,330.55,0.0,747.21,17519.15
2025-06-08,G002,Bread Loaf,Bakery,West,160,45.31,0.0,0.0,7249.6
2025-10-05,G001,Milk 1L,Dairy,North,398,54.94,5.0,0.0,20772.81
2025-07-15,G007,Instant Noodles,Packaged Foods,South,239,17.95,5.0,0.0,4075.55
2025-02-13,G002,Bread Loaf,Bakery,West,129,44.98,0.0,0.0,5802.42
2025-11-04,G004,Rice 5kg,Staples,West,61,314.05,0.0,50.07,19157.05
2025-06-02,G004,Rice 5kg,Staples,West,92,330.93,5.0,0.0,28923.28
2025-01-04,G003,Eggs (12),Dairy,East,88,91.98,10.0,0.0,7284.82
2025-04-23,G007,Instant Noodles,Packaged Foods,West,247,18.17,5.0,0.0,4263.59
2025-06-20,G005,Cooking Oil 1L,Staples,East,91,138.59,0.0,642.23,12611.69
2025-03-05,G002,Bread Loaf,Bakery,South,125,44.33,10.0,0.0,4987.12
2025-06-24,G006,Bananas 1kg,Produce,West,71,40.98,0.0,757.04,2909.58
2025-10-04,G007,Instant Noodles,Packaged Foods,East,435,17.28,0.0,0.0,7516.8
2025-09-27,G001,Milk 1L,Dairy,South,201,56.03,0.0,0.0,11262.03
2025-05-07,G006,Bananas 1kg,Produce,North,139,39.68,0.0,0.0,5515.52
2025-07-17,G004,Rice 5kg,Staples,West,59,308.03,0.0,0.0,18173.77
2025-05-21,G005,Cooking Oil 1L,Staples,North,79,139.21,10.0,0.0,9897.83
2025-08-31,G004,Rice 5kg,Staples,West,72,325.22,0.0,0.0,23415.84
2025-01-10,G004,Rice 5kg,Staples,South,44,327.53,0.0,0.0,14411.32
2025-03-21,G001,Milk 1L,Dairy,North,184,53.76,10.0,0.0,8902.66
2025-03-01,G007,Instant Noodles,Packaged Foods,East,601,18.32,0.0,0.0,11010.32
2025-09-18,G003,Eggs (12),Dairy,East,149,88.68,0.0,0.0,13213.32
2025-04-07,G007,Instant Noodles,Packaged Foods,South,242,17.99,0.0,0.0,4353.58
2025-05-18,G007,Instant Noodles,Packaged Foods,West,322,17.5,0.0,462.79,5635.0
2025-12-14,G007,Instant Noodles,Packaged Foods,North,467,17.71,10.0,116.86,7443.51
2025-07-23,G003,Eggs (12),Dairy,South,99,89.79,10.0,0.0,8000.29
2025-03-30,G003,Eggs (12),Dairy,North,69,89.74,0.0,0.0,6192.06
2025-09-28,G005,Cooking Oil 1L,Staples,West,138,144.3,0.0,785.35,19913.4
2025-07-31,G004,Rice 5kg,Staples,North,59,312.99,0.0,0.0,18466.41
2025-06-04,G004,Rice 5kg,Staples,East,45,319.03,0.0,0.0,14356.35
2025-03-26,G001,Milk 1L,Dairy,West,265,56.2,0.0,0.0,14893.0
2025-01-29,G005,Cooking Oil 1L,Staples,South,72,143.19,10.0,0.0,9278.71
2025-04-03,G002,Bread Loaf,Bakery,North,240,43.9,0.0,0.0,10536.0
2025-10-14,G003,Eggs (12),Dairy,North,81,90.88,0.0,0.0,7361.28
2025-12-16,G005,Cooking Oil 1L,Staples,West,72,141.94,0.0,0.0,10219.68
2025-04-30,G006,Bananas 1kg,Produce,West,98,41.56,0.0,0.0,4072.88
2025-02-23,G001,Milk 1L,Dairy,East,381,52.94,10.0,386.94,18153.13
2025-02-13,G004,Rice 5kg,Staples,North,48,313.37,0.0,0.0,15041.76
2025-02-06,G001,Milk 1L,Dairy,East,285,53.86,0.0,0.0,15350.1
2025-08-08,G005,Cooking Oil 1L,Staples,North,97,142.66,0.0,0.0,13838.02
2025-02-15,G001,Milk 1L,Dairy,North,410,55.3,0.0,472.31,22673.0
2025-07-29,G001,Milk 1L,Dairy,East,249,54.36,0.0,0.0,13535.64
2025-10-10,G006,Bananas 1kg,Produce,North,155,38.72,10.0,0.0,5401.44
2025-02-07,G004,Rice 5kg,Staples,East,52,319.61,0.0,0.0,16619.72
2025-03-26,G002,Bread Loaf,Bakery,North,142,44.51,0.0,0.0,6320.42
2025-05-30,G006,Bananas 1kg,Produce,North,193,41.58,0.0,0.0,8024.94
2025-02-28,G001,Milk 1L,Dairy,East,161,54.1,0.0,0.0,8710.1
2025-01-26,G005,Cooking Oil 1L,Staples,East,123,144.83,10.0,0.0,16032.68
2025-06-15,G002,Bread Loaf,Bakery,South,252,44.33,5.0,0.0,10612.6
2025-12-23,G002,Bread Loaf,Bakery,West,113,45.01,5.0,0.0,4831.82
2025-08-18,G004,Rice 5kg,Staples,East,40,325.7,0.0,226.31,13028.0
2025-07-29,G003,Eggs (12),Dairy,North,79,90.64,0.0,0.0,7160.56
2025-10-08,G007,Instant Noodles,Packaged Foods,West,329,17.66,0.0,0.0,5810.14
2025-07-22,G003,Eggs (12),Dairy,West,85,87.14,0.0,0.0,7406.9
2025-01-13,G003,Eggs (12),Dairy,North,82,86.51,0.0,0.0,7093.82
2025-04-15,G002,Bread Loaf,Bakery,West,152,44.15,10.0,0.0,6039.72
2025-08-30,G004,Rice 5kg,Staples,East,62,330.28,10.0,0.0,18429.62
2025-11-22,G007,Instant Noodles,Packaged Foods,South,429,18.16,0.0,0.0,7790.64
2025-03-24,G005,Cooking Oil 1L,Staples,West,42,143.64,0.0,0.0,6032.88
2025-05-18,G006,Bananas 1kg,Produce,South,55,40.82,5.0,0.0,2132.84
2025-02-01,G005,Cooking Oil 1L,Staples,West,203,142.85,0.0,354.04,28998.55
2025-07-22,G004,Rice 5kg,Staples,South,53,312.37,0.0,96.49,16555.61
2025-06-01,G001,Milk 1L,Dairy,West,500,57.2,0.0,0.0,28600.0
2025-01-27,G003,Eggs (12),Dairy,North,92,86.66,0.0,0.0,7972.72
2025-08-15,G001,Milk 1L,Dairy,West,293,55.65,5.0,0.0,15490.18
2025-04-12,G006,Bananas 1kg,Produce,South,77,40.82,0.0,0.0,3143.14
2025-05-18,G002,Bread Loaf,Bakery,West,224,44.31,10.0,0.0,8932.9
2025-02-12,G001,Milk 1L,Dairy,East,308,55.27,0.0,105.48,17023.16
2025-02-28,G007,Instant Noodles,Packaged Foods,North,374,18.58,0.0,0.0,6948.92
2025-06-02,G005,Cooking Oil 1L,Staples,North,83,139.42,0.0,0.0,11571.86
2025-02-10,G002,Bread Loaf,Bakery,West,70,44.61,0.0,0.0,3122.7
2025-05-16,G004,Rice 5kg,Staples,West,39,324.84,0.0,0.0,12668.76
2025-03-02,G001,Milk 1L,Dairy,West,412,53.77,0.0,0.0,22153.24
2025-09-07,G007,Instant Noodles,Packaged Foods,South,212,17.99,0.0,0.0,3813.88
2025-05-28,G001,Milk 1L,Dairy,North,270,56.26,0.0,0.0,15190.2
2025-11-11,G006,Bananas 1kg,Produce,West,73,38.73,0.0,0.0,2827.29
2025-10-04,G004,Rice 5kg,Staples,West,45,319.06,0.0,54.51,14357.7
2025-05-19,G004,Rice 5kg,Staples,North,49,315.98,0.0,714.88,15483.02
2025-06-17,G007,Instant Noodles,Packaged Foods,West,346,18.34,0.0,0.0,6345.64
2025-05-15,G001,Milk 1L,Dairy,North,244,52.87,0.0,0.0,12900.28
2025-04-30,G004,Rice 5kg,Staples,East,62,323.48,0.0,0.0,20055.76
2025-02-01,G004,Rice 5kg,Staples,North,133,319.26,0.0,0.0,42461.58
2025-08-23,G006,Bananas 1kg,Produce,West,158,40.61,0.0,0.0,6416.38
2025-09-02,G007,Instant Noodles,Packaged Foods,South,575,17.46,0.0,0.0,10039.5
2025-08-23,G002,Bread Loaf,Bakery,East,366,45.89,0.0,0.0,16795.74
2025-05-23,G001,Milk 1L,Dairy,North,254,54.28,0.0,0.0,13787.12
2025-10-26,G001,Milk 1L,Dairy,South,215,55.99,0.0,0.0,12037.85
2025-09-03,G006,Bananas 1kg,Produce,North,315,39.59,0.0,0.0,12470.85
2025-08-17,G005,Cooking Oil 1L,Staples,West,136,141.14,0.0,260.4,19195.04
2025-05-11,G005,Cooking Oil 1L,Staples,West,89,141.0,0.0,0.0,12549.0
2025-07-11,G003,Eggs (12),Dairy,West,84,88.48,5.0,217.21,7060.7
2025-03-03,G003,Eggs (12),Dairy,North,133,91.31,5.0,0.0,11537.02
2025-04-14,G007,Instant Noodles,Packaged Foods,West,283,17.55,0.0,0.0,4966.65
2025-12-07,G001,Milk 1L,Dairy,South,222,52.99,0.0,0.0,11763.78
2025-01-18,G003,Eggs (12),Dairy,West,113,90.42,0.0,0.0,10217.46
2025-05-16,G001,Milk 1L,Dairy,West,268,55.4,0.0,0.0,14847.2
2025-05-23,G005,Cooking Oil 1L,Staples,East,85,141.68,0.0,0.0,12042.8
2025-08-27,G004,Rice 5kg,Staples,East,56,329.06,0.0,0.0,18427.36
2025-01-24,G004,Rice 5kg,Staples,East,49,331.98,0.0,0.0,16267.02
2025-07-14,G004,Rice 5kg,Staples,North,57,319.23,0.0,0.0,18196.11
2025-01-16,G003,Eggs (12),Dairy,North,106,89.06,0.0,0.0,9440.36
2025-03-07,G004,Rice 5kg,Staples,East,46,326.73,0.0,0.0,15029.58
2025-09-19,G002,Bread Loaf,Bakery,East,190,45.44,0.0,0.0,8633.6
2025-08-13,G001,Milk 1L,Dairy,North,283,55.02,0.0,0.0,15570.66
2025-12-11,G005,Cooking Oil 1L,Staples,North,122,141.51,0.0,0.0,17264.22
2025-02-07,G003,Eggs (12),Dairy,East,110,89.12,10.0,0.0,8822.88
2025-02-09,G002,Bread Loaf,Bakery,North,184,43.62,5.0,0.0,7624.78
2025-06-11,G004,Rice 5kg,Staples,West,60,322.75,0.0,0.0,19365.0
2025-08-01,G001,Milk 1L,Dairy,North,344,55.59,0.0,124.61,19122.96
2025-05-01,G001,Milk 1L,Dairy,East,247,54.65,0.0,0.0,13498.55
2025-04-06,G004,Rice 5kg,Staples,South,79,309.29,0.0,0.0,24433.91
2025-07-20,G002,Bread Loaf,Bakery,North,261,43.65,10.0,0.0,10253.39
2025-01-31,G006,Bananas 1kg,Produce,East,152,38.68,0.0,0.0,5879.36
2025-11-29,G003,Eggs (12),Dairy,East,174,89.39,0.0,0.0,15553.86
2025-12-08,G002,Bread Loaf,Bakery,East,134,46.17,5.0,0.0,5877.44
2025-11-26,G005,Cooking Oil 1L,Staples,West,82,140.2,0.0,0.0,11496.4
2025-04-08,G003,Eggs (12),Dairy,East,125,92.48,0.0,0.0,11560.0
2025-07-17,G001,Milk 1L,Dairy,South,141,52.99,5.0,0.0,7098.01
2025-10-13,G004,Rice 5kg,Staples,East,34,307.61,0.0,0.0,10458.74
2025-11-14,G001,Milk 1L,Dairy,East,255,55.68,0.0,0.0,14198.4
2025-07-08,G007,Instant Noodles,Packaged Foods,South,280,17.7,0.0,0.0,4956.0
2025-07-27,G003,Eggs (12),Dairy,West,104,87.2,0.0,0.0,9068.8
2025-10-14,G002,Bread Loaf,Bakery,West,137,45.93,0.0,0.0,6292.41
2025-04-20,G006,Bananas 1kg,Produce,West,135,39.39,0.0,0.0,5317.65
2025-08-03,G007,Instant Noodles,Packaged Foods,East,741,18.04,0.0,0.0,13367.64
2025-08-09,G007,Instant Noodles,Packaged Foods,South,379,17.88,10.0,0.0,6098.87
2025-12-25,G002,Bread Loaf,Bakery,North,186,46.64,0.0,0.0,8675.04
2025-05-22,G004,Rice 5kg,Staples,South,53,329.65,0.0,392.49,17471.45
2025-08-28,G005,Cooking Oil 1L,Staples,East,67,138.12,0.0,0.0,9254.04
2025-01-05,G001,Milk 1L,Dairy,West,443,57.04,0.0,0.0,25268.72
2025-06-27,G001,Milk 1L,Dairy,West,196,56.78,10.0,0.0,10015.99
2025-08-15,G006,Bananas 1kg,Produce,West,101,40.91,0.0,571.47,4131.91
2025-10-10,G004,Rice 5kg,Staples,West,46,321.23,0.0,0.0,14776.58
2025-06-16,G007,Instant Noodles,Packaged Foods,West,272,17.59,0.0,0.0,4784.48
2025-11-06,G001,Milk 1L,Dairy,West,219,55.69,0.0,0.0,12196.11
2025-10-27,G002,Bread Loaf,Bakery,South,185,46.15,5.0,0.0,8110.86
2025-03-09,G002,Bread Loaf,Bakery,East,271,43.82,0.0,0.0,11875.22
2025-04-07,G002,Bread Loaf,Bakery,North,130,43.32,0.0,0.0,5631.6
2025-06-24,G005,Cooking Oil 1L,Staples,South,58,145.29,0.0,0.0,8426.82
2025-01-23,G007,Instant Noodles,Packaged Foods,East,260,18.27,0.0,0.0,4750.2
2025-01-08,G006,Bananas 1kg,Produce,North,104,40.34,0.0,0.0,4195.36
2025-11-01,G007,Instant Noodles,Packaged Foods,South,461,18.51,0.0,0.0,8533.11
2025-01-22,G003,Eggs (12),Dairy,South,97,93.33,0.0,0.0,9053.01
2025-01-14,G003,Eggs (12),Dairy,South,96,92.71,0.0,0.0,8900.16
2025-02-04,G002,Bread Loaf,Bakery,East,163,46.12,0.0,0.0,7517.56
2025-06-10,G002,Bread Loaf,Bakery,North,162,43.62,0.0,0.0,7066.44
2025-03-12,G003,Eggs (12),Dairy,East,49,92.12,0.0,0.0,4513.88
2025-11-11,G004,Rice 5kg,Staples,West,54,318.3,10.0,103.75,15469.38
2025-11-27,G004,Rice 5kg,Staples,North,59,314.35,0.0,0.0,18546.65
2025-09-18,G005,Cooking Oil 1L,Staples,South,67,142.58,0.0,0.0,9552.86
2025-09-06,G005,Cooking Oil 1L,Staples,East,177,144.71,10.0,0.0,23052.3
2025-05-26,G002,Bread Loaf,Bakery,West,112,43.85,0.0,0.0,4911.2
2025-11-06,G002,Bread Loaf,Bakery,East,192,44.63,0.0,0.0,8568.96
2025-01-23,G002,Bread Loaf,Bakery,West,120,44.13,10.0,0.0,4766.04
2025-07-26,G007,Instant Noodles,Packaged Foods,East,367,17.56,0.0,0.0,6444.52
2025-07-20,G004,Rice 5kg,Staples,East,64,329.76,0.0,0.0,21104.64
2025-05-11,G007,Instant Noodles,Packaged Foods,West,371,18.3,0.0,738.93,6789.3
2025-10-23,G002,Bread Loaf,Bakery,East,204,45.82,10.0,771.82,8412.55
2025-06-01,G002,Bread Loaf,Bakery,West,176,43.89,0.0,0.0,7724.64
2025-08-13,G001,Milk 1L,Dairy,East,160,54.31,0.0,0.0,8689.6
2025-04-30,G007,Instant Noodles,Packaged Foods,South,210,18.34,0.0,0.0,3851.4
2025-09-24,G004,Rice 5kg,Staples,West,51,314.17,0.0,0.0,16022.67
2025-06-08,G001,Milk 1L,Dairy,East,326,53.11,0.0,0.0,17313.86
2025-05-07,G004,Rice 5kg,Staples,South,56,329.49,0.0,0.0,18451.44
2025-06-18,G004,Rice 5kg,Staples,South,63,322.91,0.0,0.0,20343.33
2025-05-20,G001,Milk 1L,Dairy,North,301,56.7,10.0,252.16,15360.03
2025-09-22,G001,Milk 1L,Dairy,South,268,54.91,0.0,0.0,14715.88
2025-07-31,G006,Bananas 1kg,Produce,East,155,41.08,0.0,603.79,6367.4
2025-10-06,G005,Cooking Oil 1L,Staples,East,122,137.93,0.0,0.0,16827.46
2025-03-23,G002,Bread Loaf,Bakery,South,200,46.03,0.0,0.0,9206.0
2025-03-28,G003,Eggs (12),Dairy,South,89,91.67,0.0,0.0,8158.63
2025-01-24,G005,Cooking Oil 1L,Staples,West,101,138.59,5.0,0.0,13297.71
2025-04-15,G001,Milk 1L,Dairy,South,135,54.98,0.0,0.0,7422.3
2025-11-20,G007,Instant Noodles,Packaged Foods,North,290,18.59,0.0,0.0,5391.1
2025-04-16,G007,Instant Noodles,Packaged Foods,West,308,18.65,0.0,0.0,5744.2
2025-05-31,G006,Bananas 1kg,Produce,North,235,39.85,0.0,0.0,9364.75
2025-10-15,G001,Milk 1L,Dairy,South,113,55.46,0.0,631.38,6266.98
2025-04-18,G001,Milk 1L,Dairy,West,213,56.65,0.0,0.0,12066.45
2025-04-06,G007,Instant Noodles,Packaged Foods,East,529,17.91,0.0,0.0,9474.39
2025-02-17,G006,Bananas 1kg,Produce,North,138,40.23,10.0,0.0,4996.57
2025-05-03,G005,Cooking Oil 1L,Staples,East,219,136.44,0.0,0.0,29880.36
2025-06-03,G003,Eggs (12),Dairy,West,153,92.54,0.0,0.0,14158.62
2025-01-16,G006,Bananas 1kg,Produce,North,176,39.32,0.0,0.0,6920.32
2025-07-07,G001,Milk 1L,Dairy,North,280,53.44,10.0,0.0,13466.88
2025-06-24,G007,Instant Noodles,Packaged Foods,North,277,17.58,0.0,0.0,4869.66
2025-03-30,G002,Bread Loaf,Bakery,South,209,45.4,5.0,0.0,9014.17
2025-06-13,G003,Eggs (12),Dairy,South,73,87.64,0.0,790.03,6397.72
2025-11-07,G005,Cooking Oil 1L,Staples,North,79,142.75,10.0,0.0,10149.52
2025-03-05,G001,Milk 1L,Dairy,East,265,53.21,0.0,0.0,14100.65
2025-01-02,G007,Instant Noodles,Packaged Foods,South,469,17.28,0.0,0.0,8104.32
2025-06-30,G001,Milk 1L,Dairy,East,190,54.36,0.0,0.0,10328.4
2025-02-24,G001,Milk 1L,Dairy,North,254,54.24,5.0,0.0,13088.11
2025-07-05,G007,Instant Noodles,Packaged Foods,North,318,17.4,0.0,0.0,5533.2
2025-08-16,G002,Bread Loaf,Bakery,West,227,45.27,0.0,0.0,10276.29
2025-01-20,G007,Instant Noodles,Packaged Foods,East,198,17.73,0.0,0.0,3510.54
2025-04-27,G005,Cooking Oil 1L,Staples,West,88,138.74,0.0,780.51,12209.12
2025-07-24,G001,Milk 1L,Dairy,West,174,55.5,0.0,0.0,9657.0
2025-08-21,G003,Eggs (12),Dairy,East,73,91.18,0.0,0.0,6656.14
2025-07-17,G007,Instant Noodles,Packaged Foods,North,226,17.44,10.0,0.0,3547.3
2025-02-10,G001,Milk 1L,Dairy,North,142,55.56,0.0,0.0,7889.52
2025-03-14,G003,Eggs (12),Dairy,West,95,91.16,5.0,0.0,8227.19
2025-02-15,G004,Rice 5kg,Staples,East,52,326.07,5.0,0.0,16107.86
2025-02-12,G005,Cooking Oil 1L,Staples,West,82,140.43,0.0,0.0,11515.26
2025-11-15,G004,Rice 5kg,Staples,North,80,326.5,10.0,0.0,23508.0
2025-05-21,G004,Rice 5kg,Staples,South,53,332.13,0.0,0.0,17602.89
2025-07-15,G004,Rice 5kg,Staples,North,49,332.68,0.0,0.0,16301.32
2025-05-28,G005,Cooking Oil 1L,Staples,West,29,141.53,0.0,0.0,4104.37
2025-11-25,G001,Milk 1L,Dairy,North,180,55.49,10.0,0.0,8989.38
2025-11-15,G006,Bananas 1kg,Produce,North,245,38.65,0.0,0.0,9469.25
2025-10-12,G006,Bananas 1kg,Produce,West,143,38.43,0.0,0.0,5495.49
2025-09-09,G004,Rice 5kg,Staples,South,37,323.72,0.0,0.0,11977.64
2025-07-02,G003,Eggs (12),Dairy,West,135,89.33,5.0,0.0,11456.57
2025-10-12,G005,Cooking Oil 1L,Staples,North,97,135.81,5.0,0.0,12514.89
2025-06-05,G005,Cooking Oil 1L,Staples,West,62,137.47,10.0,0.0,7670.83
2025-08-16,G003,Eggs (12),Dairy,South,134,88.49,0.0,724.34,11857.66
2025-05-03,G003,Eggs (12),Dairy,North,136,91.09,0.0,0.0,12388.24
2025-05-05,G007,Instant Noodles,Packaged Foods,South,261,18.12,5.0,0.0,4492.85
2025-08-14,G007,Instant Noodles,Packaged Foods,East,190,18.51,0.0,0.0,3516.9
2025-06-23,G002,Bread Loaf,Bakery,West,92,44.18,5.0,0.0,3861.33
2025-12-27,G006,Bananas 1kg,Produce,North,286,39.49,0.0,136.83,11294.14
2025-09-06,G007,Instant Noodles,Packaged Foods,East,198,17.76,0.0,0.0,3516.48
2025-03-11,G004,Rice 5kg,Staples,South,57,312.22,0.0,0.0,17796.54
2025-04-08,G005,Cooking Oil 1L,Staples,East,62,138.72,0.0,158.48,8600.64
2025-03-26,G003,Eggs (12),Dairy,West,117,89.69,5.0,0.0,9969.04
2025-01-25,G004,Rice 5kg,Staples,West,75,308.38,5.0,0.0,21972.08
2025-11-06,G007,Instant Noodles,Packaged Foods,West,295,17.66,0.0,0.0,5209.7
2025-03-17,G006,Bananas 1kg,Produce,North,105,41.28,10.0,0.0,3900.96
2025-05-10,G004,Rice 5kg,Staples,East,77,314.7,0.0,0.0,24231.9
2025-04-29,G005,Cooking Oil 1L,Staples,West,66,140.4,0.0,0.0,9266.4
2025-12-03,G005,Cooking Oil 1L,Staples,East,102,136.6,0.0,121.09,13933.2
2025-02-04,G004,Rice 5kg,Staples,North,48,312.13,0.0,0.0,14982.24
2025-10-30,G001,Milk 1L,Dairy,North,301,55.5,0.0,0.0,16705.5
2025-06-25,G002,Bread Loaf,Bakery,South,129,43.25,0.0,0.0,5579.25
2025-10-06,G002,Bread Loaf,Bakery,South,104,44.21,0.0,0.0,4597.84
2025-02-05,G007,Instant Noodles,Packaged Foods,South,205,18.45,10.0,0.0,3404.03
2025-08-22,G006,Bananas 1kg,Produce,West,124,38.79,0.0,0.0,4809.96
2025-09-01,G006,Bananas 1kg,Produce,North,168,40.0,0.0,0.0,6720.0
2025-05-26,G001,Milk 1L,Dairy,East,273,55.34,10.0,767.84,13597.04
2025-07-09,G007,Instant Noodles,Packaged Foods,East,292,18.58,0.0,0.0,5425.36
2025-05-02,G002,Bread Loaf,Bakery,East,362,43.99,0.0,0.0,15924.38
2025-04-05,G001,Milk 1L,Dairy,East,500,53.0,0.0,0.0,26500.0
2025-06-30,G006,Bananas 1kg,Produce,North,181,41.58,5.0,0.0,7149.68
2025-02-09,G007,Instant Noodles,Packaged Foods,East,295,18.61,0.0,0.0,5489.95
2025-12-17,G007,Instant Noodles,Packaged Foods,East,337,18.62,0.0,0.0,6274.94
2025-10-20,G002,Bread Loaf,Bakery,West,164,46.33,0.0,0.0,7598.12
2025-07-05,G006,Bananas 1kg,Produce,East,193,41.02,0.0,0.0,7916.86
2025-07-21,G005,Cooking Oil 1L,Staples,East,50,139.62,0.0,0.0,6981.0
2025-04-02,G006,Bananas 1kg,Produce,North,247,39.27,0.0,0.0,9699.69
2025-05-17,G007,Instant Noodles,Packaged Foods,East,278,18.27,0.0,0.0,5079.06
2025-04-18,G003,Eggs (12),Dairy,East,167,88.98,0.0,0.0,14859.66
2025-08-15,G007,Instant Noodles,Packaged Foods,East,269,17.77,0.0,204.52,4780.13
2025-07-23,G007,Instant Noodles,Packaged Foods,East,283,18.33,5.0,0.0,4928.02
2025-07-29,G004,Rice 5kg,Staples,South,59,324.56,0.0,0.0,19149.04
2025-04-08,G004,Rice 5kg,Staples,East,46,325.53,10.0,0.0,13476.94
2025-12-17,G001,Milk 1L,Dairy,West,247,54.94,0.0,0.0,13570.18
2025-06-14,G002,Bread Loaf,Bakery,East,221,43.3,0.0,0.0,9569.3
2025-10-01,G005,Cooking Oil 1L,Staples,East,126,144.92,10.0,0.0,16433.93
2025-08-10,G003,Eggs (12),Dairy,East,104,87.99,5.0,0.0,8693.41
2025-10-03,G004,Rice 5kg,Staples,North,82,309.71,0.0,0.0,25396.22
2025-06-27,G005,Cooking Oil 1L,Staples,South,60,144.18,10.0,0.0,7785.72
2025-01-07,G003,Eggs (12),Dairy,South,72,89.37,5.0,0.0,6112.91
2025-12-10,G001,Milk 1L,Dairy,East,300,52.83,0.0,366.93,15849.0
2025-11-28,G001,Milk 1L,Dairy,East,272,56.88,0.0,0.0,15471.36
2025-11-20,G002,Bread Loaf,Bakery,North,159,45.89,10.0,773.22,6566.86
2025-07-07,G007,Instant Noodles,Packaged Foods,West,356,18.03,0.0,0.0,6418.68
2025-10-10,G005,Cooking Oil 1L,Staples,East,58,144.39,0.0,86.05,8374.62
2025-04-29,G007,Instant Noodles,Packaged Foods,North,193,17.6,0.0,0.0,3396.8
2025-10-30,G002,Bread Loaf,Bakery,West,125,43.38,0.0,0.0,5422.5
2025-05-19,G002,Bread Loaf,Bakery,West,169,43.23,0.0,0.0,7305.87
2025-04-07,G001,Milk 1L,Dairy,West,258,53.39,0.0,26.27,13774.62
2025-07-24,G007,Instant Noodles,Packaged Foods,South,298,18.04,0.0,0.0,5375.92
2025-04-30,G005,Cooking Oil 1L,Staples,East,63,144.67,0.0,0.0,9114.21
2025-09-03,G004,Rice 5kg,Staples,West,103,330.87,0.0,0.0,34079.61
2025-02-23,G004,Rice 5kg,Staples,North,71,332.16,0.0,0.0,23583.36
2025-02-06,G004,Rice 5kg,Staples,West,48,319.41,0.0,0.0,15331.68
2025-06-13,G005,Cooking Oil 1L,Staples,West,77,136.37,5.0,0.0,9975.47
2025-11-08,G003,Eggs (12),Dairy,North,89,92.93,5.0,0.0,7857.23
2025-12-04,G001,Milk 1L,Dairy,West,249,54.65,0.0,0.0,13607.85
2025-12-28,G006,Bananas 1kg,Produce,South,122,41.17,0.0,0.0,5022.74
2025-12-18,G004,Rice 5kg,Staples,East,51,316.26,0.0,0.0,16129.26
2025-08-01,G003,Eggs (12),Dairy,West,145,88.69,0.0,0.0,12860.05
2025-11-29,G002,Bread Loaf,Bakery,North,208,46.44,10.0,0.0,8693.57
2025-02-18,G002,Bread Loaf,Bakery,South,106,44.73,0.0,0.0,4741.38
2025-11-14,G002,Bread Loaf,Bakery,South,144,45.27,5.0,0.0,6192.94
2025-07-19,G002,Bread Loaf,Bakery,East,306,43.37,0.0,700.84,13271.22
2025-04-08,G005,Cooking Oil 1L,Staples,West,76,139.21,5.0,0.0,10050.96
2025-03-23,G007,Instant Noodles,Packaged Foods,South,327,18.49,0.0,0.0,6046.23
2025-03-09,G003,Eggs (12),Dairy,North,146,91.75,10.0,0.0,12055.95
2025-03-28,G001,Milk 1L,Dairy,East,148,52.81,10.0,0.0,7034.29
2025-06-08,G002,Bread Loaf,Bakery,South,211,46.48,0.0,0.0,9807.28
2025-02-27,G003,Eggs (12),Dairy,North,59,86.6,5.0,0.0,4853.93
2025-07-04,G005,Cooking Oil 1L,Staples,North,74,139.08,0.0,0.0,10291.92
2025-09-25,G007,Instant Noodles,Packaged Foods,West,251,18.13,5.0,0.0,4323.1
2025-03-01,G004,Rice 5kg,Staples,West,54,308.03,0.0,0.0,16633.62
2025-10-11,G006,Bananas 1kg,Produce,West,125,38.94,0.0,0.0,4867.5
2025-01-18,G005,Cooking Oil 1L,Staples,South,79,143.18,0.0,0.0,11311.22
2025-08-09,G002,Bread Loaf,Bakery,South,251,46.64,0.0,187.3,11706.64
2025-01-05,G001,Milk 1L,Dairy,North,289,57.15,0.0,0.0,16516.35
2025-08-13,G006,Bananas 1kg,Produce,East,115,39.2,0.0,0.0,4508.0
2025-10-31,G004,Rice 5kg,Staples,North,55,309.7,5.0,0.0,16181.82
2025-06-14,G004,Rice 5kg,Staples,South,73,328.63,0.0,0.0,23989.99
2025-01-06,G006,Bananas 1kg,Produce,East,166,40.63,0.0,0.0,6744.58
2025-05-24,G007,Instant Noodles,Packaged Foods,East,423,18.09,0.0,0.0,7652.07
2025-08-19,G003,Eggs (12),Dairy,West,76,90.59,0.0,0.0,6884.84
2025-04-18,G001,Milk 1L,Dairy,East,117,56.8,0.0,0.0,6645.6
2025-06-15,G002,Bread Loaf,Bakery,East,316,46.54,0.0,0.0,14706.64
2025-07-19,G003,Eggs (12),Dairy,West,114,90.94,0.0,0.0,10367.16
2025-11-20,G004,Rice 5kg,Staples,East,59,322.44,5.0,0.0,18072.76
2025-11-17,G003,Eggs (12),Dairy,South,115,86.89,5.0,0.0,9492.73
2025-04-09,G006,Bananas 1kg,Produce,West,85,40.39,0.0,0.0,3433.15
2025-06-13,G006,Bananas 1kg,Produce,North,195,38.67,0.0,0.0,7540.65
2025-01-01,G002,Bread Loaf,Bakery,West,242,46.63,0.0,0.0,11284.46
2025-05-20,G004,Rice 5kg,Staples,East,46,329.43,0.0,0.0,15153.78
2025-02-19,G005,Cooking Oil 1L,Staples,East,75,139.62,0.0,364.58,10471.5
2025-09-24,G007,Instant Noodles,Packaged Foods,West,273,18.24,0.0,0.0,4979.52
2025-05-01,G006,Bananas 1kg,Produce,West,156,39.91,0.0,264.76,6225.96
2025-03-13,G003,Eggs (12),Dairy,West,89,87.41,0.0,0.0,7779.49
2025-12-25,G001,Milk 1L,Dairy,West,325,55.77,0.0,0.0,18125.25
2025-01-26,G006,Bananas 1kg,Produce,North,333,39.27,0.0,0.0,13076.91
2025-07-21,G001,Milk 1L,Dairy,East,255,52.87,0.0,0.0,13481.85
2025-01-01,G001,Milk 1L,Dairy,West,278,56.57,0.0,12.35,15726.46
2025-11-26,G001,Milk 1L,Dairy,West,273,53.52,0.0,0.0,14610.96
2025-04-29,G003,Eggs (12),Dairy,East,91,89.68,0.0,0.0,8160.88
2025-08-13,G002,Bread Loaf,Bakery,South,132,43.93,0.0,708.56,5798.76
2025-02-18,G003,Eggs (12),Dairy,South,135,86.62,0.0,0.0,11693.7
2025-04-04,G005,Cooking Oil 1L,Staples,North,106,141.15,0.0,0.0,14961.9
2025-04-05,G001,Milk 1L,Dairy,West,424,56.25,0.0,0.0,23850.0
2025-05-01,G003,Eggs (12),Dairy,North,110,90.76,0.0,0.0,9983.6
2025-04-11,G006,Bananas 1kg,Produce,West,95,39.6,0.0,0.0,3762.0
2025-08-06,G001,Milk 1L,Dairy,South,192,53.57,0.0,0.0,10285.44
2025-09-04,G004,Rice 5kg,Staples,West,55,312.66,0.0,688.12,17196.3
2025-10-24,G006,Bananas 1kg,Produce,East,152,38.53,0.0,0.0,5856.56
2025-06-28,G004,Rice 5kg,Staples,East,75,315.55,0.0,0.0,23666.25
2025-04-26,G007,Instant Noodles,Packaged Foods,East,369,18.29,0.0,0.0,6749.01
2025-11-04,G005,Cooking Oil 1L,Staples,East,78,142.99,0.0,0.0,11153.22
2025-08-10,G001,Milk 1L,Dairy,East,318,53.74,0.0,0.0,17089.32
2025-08-26,G007,Instant Noodles,Packaged Foods,West,316,18.43,5.0,0.0,5532.69
2025-09-25,G004,Rice 5kg,Staples,South,42,325.04,10.0,0.0,12286.51
2025-10-16,G005,Cooking Oil 1L,Staples,West,117,141.3,0.0,0.0,16532.1
2025-02-25,G006,Bananas 1kg,Produce,East,205,39.31,0.0,0.0,8058.55
2025-04-24,G005,Cooking Oil 1L,Staples,West,85,135.25,10.0,0.0,10346.62
2025-02-15,G001,Milk 1L,Dairy,West,387,55.91,0.0,0.0,21637.17
2025-11-10,G003,Eggs (12),Dairy,North,65,92.41,5.0,0.0,5706.32
2025-07-29,G002,Bread Loaf,Bakery,South,157,45.24,0.0,0.0,7102.68
2025-01-23,G001,Milk 1L,Dairy,South,242,55.74,5.0,0.0,12814.63
2025-04-02,G001,Milk 1L,Dairy,West,362,54.95,0.0,501.74,19891.9
2025-03-16,G005,Cooking Oil 1L,Staples,North,115,142.87,0.0,0.0,16430.05
2025-08-07,G006,Bananas 1kg,Produce,West,101,41.51,10.0,0.0,3773.26
2025-01-17,G003,Eggs (12),Dairy,South,99,90.87,0.0,0.0,8996.13
2025-07-27,G006,Bananas 1kg,Produce,North,247,39.56,5.0,0.0,9282.75
2025-03-04,G007,Instant Noodles,Packaged Foods,East,129,17.64,0.0,0.0,2275.56
2025-12-18,G007,Instant Noodles,Packaged Foods,North,248,17.37,0.0,0.0,4307.76
2025-02-14,G004,Rice 5kg,Staples,East,34,324.57,0.0,0.0,11035.38
2025-10-09,G002,Bread Loaf,Bakery,North,172,46.69,10.0,0.0,7227.61
2025-02-28,G007,Instant Noodles,Packaged Foods,East,302,18.35,0.0,688.5,5541.7
2025-06-14,G003,Eggs (12),Dairy,North,95,88.45,0.0,0.0,8402.75
2025-06-10,G005,Cooking Oil 1L,Staples,East,82,142.09,5.0,0.0,11068.81
2025-02-15,G005,Cooking Oil 1L,Staples,North,105,138.95,0.0,0.0,14589.75
2025-06-04,G005,Cooking Oil 1L,Staples,South,71,135.04,10.0,532.75,8629.06
2025-01-31,G003,Eggs (12),Dairy,East,116,92.23,5.0,0.0,10163.75
2025-03-12,G005,Cooking Oil 1L,Staples,North,100,135.31,0.0,0.0,13531.0
2025-03-02,G003,Eggs (12),Dairy,West,240,91.1,0.0,0.0,21864.0
2025-10-09,G004,Rice 5kg,Staples,West,69,318.36,0.0,0.0,21966.84
2025-09-18,G002,Bread Loaf,Bakery,South,212,45.69,0.0,0.0,9686.28
2025-03-13,G007,Instant Noodles,Packaged Foods,East,274,17.3,0.0,0.0,4740.2
2025-10-19,G005,Cooking Oil 1L,Staples,West,126,139.43,0.0,60.43,17568.18
2025-01-28,G001,Milk 1L,Dairy,West,104,53.84,10.0,0.0,5039.42
2025-07-22,G002,Bread Loaf,Bakery,South,171,44.82,0.0,0.0,7664.22
2025-03-28,G001,Milk 1L,Dairy,West,260,56.13,10.0,0.0,13134.42
2025-06-15,G007,Instant Noodles,Packaged Foods,South,481,18.55,0.0,555.14,8922.55
2025-12-23,G007,Instant Noodles,Packaged Foods,South,351,17.49,10.0,151.63,5525.09
2025-05-29,G001,Milk 1L,Dairy,East,237,54.49,0.0,0.0,12914.13
2025-05-30,G005,Cooking Oil 1L,Staples,East,64,139.18,0.0,0.0,8907.52
2025-03-20,G003,Eggs (12),Dairy,West,98,92.38,5.0,0.0,8600.58
2025-11-12,G005,Cooking Oil 1L,Staples,North,76,140.18,0.0,0.0,10653.68
2025-03-25,G003,Eggs (12),Dairy,East,93,89.12,0.0,0.0,8288.16
2025-04-02,G003,Eggs (12),Dairy,East,171,89.39,0.0,0.0,15285.69
2025-09-15,G005,Cooking Oil 1L,Staples,West,85,141.3,0.0,0.0,12010.5
2025-12-18,G003,Eggs (12),Dairy,South,90,87.48,0.0,517.73,7873.2
2025-07-25,G001,Milk 1L,Dairy,East,182,54.9,0.0,0.0,9991.8
2025-05-16,G007,Instant Noodles,Packaged Foods,North,282,17.7,0.0,0.0,4991.4
2025-04-13,G006,Bananas 1kg,Produce,West,127,41.12,0.0,0.0,5222.24
2025-09-26,G002,Bread Loaf,Bakery,South,162,43.63,0.0,0.0,7068.06
2025-10-13,G004,Rice 5kg,Staples,West,15,309.2,0.0,0.0,4638.0
2025-03-20,G005,Cooking Oil 1L,Staples,East,66,138.47,0.0,0.0,9139.02
2025-01-16,G001,Milk 1L,Dairy,South,167,56.74,0.0,0.0,9475.58
2025-04-08,G001,Milk 1L,Dairy,West,376,56.48,0.0,0.0,21236.48
2025-11-08,G006,Bananas 1kg,Produce,North,213,41.08,5.0,0.0,8312.54
2025-10-01,G001,Milk 1L,Dairy,South,327,54.59,0.0,0.0,17850.93
2025-08-30,G007,Instant Noodles,Packaged Foods,North,420,18.43,5.0,0.0,7353.57
2025-06-02,G004,Rice 5kg,Staples,North,79,307.9,0.0,0.0,24324.1
2025-01-31,G006,Bananas 1kg,Produce,West,81,39.69,0.0,0.0,3214.89
2025-10-13,G007,Instant Noodles,Packaged Foods,West,318,18.33,0.0,781.18,5828.94
2025-11-13,G007,Instant Noodles,Packaged Foods,North,257,18.4,5.0,18.46,4492.36
2025-07-17,G004,Rice 5kg,Staples,South,62,312.18,0.0,0.0,19355.16
2025-05-09,G003,Eggs (12),Dairy,East,99,92.89,5.0,0.0,8736.3
2025-08-12,G005,Cooking Oil 1L,Staples,East,87,142.49,0.0,0.0,12396.63
2025-09-22,G006,Bananas 1kg,Produce,North,208,38.95,0.0,0.0,8101.6
2025-06-01,G003,Eggs (12),Dairy,South,212,90.7,0.0,0.0,19228.4
2025-06-03,G003,Eggs (12),Dairy,South,102,88.86,0.0,314.72,9063.72
2025-01-08,G001,Milk 1L,Dairy,North,153,52.85,0.0,0.0,8086.05
2025-10-17,G002,Bread Loaf,Bakery,West,159,44.57,0.0,0.0,7086.63
2025-08-10,G006,Bananas 1kg,Produce,South,102,41.15,0.0,0.0,4197.3
2025-02-17,G001,Milk 1L,Dairy,South,182,53.7,0.0,0.0,9773.4
2025-05-25,G003,Eggs (12),Dairy,North,118,90.04,0.0,0.0,10624.72
2025-05-02,G001,Milk 1L,Dairy,West,393,56.19,0.0,0.0,22082.67
2025-03-26,G003,Eggs (12),Dairy,South,71,90.75,0.0,0.0,6443.25
2025-09-21,G001,Milk 1L,Dairy,West,288,54.78,0.0,0.0,15776.64
2025-04-07,G006,Bananas 1kg,Produce,West,63,40.13,0.0,0.0,2528.19
2025-04-24,G007,Instant Noodles,Packaged Foods,North,277,17.46,0.0,0.0,4836.42
2025-11-29,G006,Bananas 1kg,Produce,South,108,38.96,5.0,0.0,3997.3
2025-10-25,G003,Eggs (12),Dairy,South,127,91.45,10.0,0.0,10452.74
2025-03-31,G004,Rice 5kg,Staples,South,46,330.54,10.0,0.0,13684.36
2025-12-05,G005,Cooking Oil 1L,Staples,South,81,138.23,0.0,486.92,11196.63
2025-11-24,G003,Eggs (12),Dairy,South,107,90.68,0.0,0.0,9702.76
2025-04-19,G004,Rice 5kg,Staples,North,62,326.35,0.0,0.0,20233.7
2025-02-08,G002,Bread Loaf,Bakery,West,207,44.48,0.0,0.0,9207.36
2025-12-26,G007,Instant Noodles,Packaged Foods,North,370,18.34,0.0,0.0,6785.8
2025-04-08,G004,Rice 5kg,Staples,North,46,315.62,0.0,544.25,14518.52
2025-01-03,G006,Bananas 1kg,Produce,West,167,39.29,0.0,0.0,6561.43
2025-12-09,G004,Rice 5kg,Staples,South,45,312.18,0.0,215.95,14048.1
2025-01-08,G002,Bread Loaf,Bakery,South,194,44.17,0.0,0.0,8568.98
2025-01-04,G003,Eggs (12),Dairy,North,95,88.02,0.0,0.0,8361.9
2025-05-26,G001,Milk 1L,Dairy,South,247,56.6,0.0,0.0,13980.2
2025-07-17,G003,Eggs (12),Dairy,South,75,91.28,0.0,0.0,6846.0
2025-07-29,G004,Rice 5kg,Staples,West,49,308.91,0.0,0.0,15136.59
2025-03-04,G003,Eggs (12),Dairy,East,105,91.53,0.0,0.0,9610.65
2025-02-24,G006,Bananas 1kg,Produce,North,221,41.0,0.0,0.0,9061.0
2025-04-24,G003,Eggs (12),Dairy,West,50,92.31,0.0,0.0,4615.5
2025-08-22,G002,Bread Loaf,Bakery,South,104,43.88,5.0,0.0,4335.34
2025-01-15,G002,Bread Loaf,Bakery,West,125,43.8,0.0,0.0,5475.0
2025-03-02,G007,Instant Noodles,Packaged Foods,East,560,17.65,0.0,0.0,9884.0
2025-12-15,G002,Bread Loaf,Bakery,East,234,44.59,0.0,0.0,10434.06
2025-10-02,G001,Milk 1L,Dairy,East,451,55.21,0.0,0.0,24899.71
2025-09-26,G004,Rice 5kg,Staples,East,53,324.63,10.0,349.32,15484.85
2025-06-17,G005,Cooking Oil 1L,Staples,East,100,135.14,0.0,772.72,13514.0
2025-11-24,G007,Instant Noodles,Packaged Foods,South,229,17.36,0.0,0.0,3975.44
2025-06-21,G003,Eggs (12),Dairy,South,103,92.31,0.0,0.0,9507.93
2025-09-09,G006,Bananas 1kg,Produce,South,143,40.11,0.0,0.0,5735.73
2025-02-03,G004,Rice 5kg,Staples,East,36,313.95,0.0,0.0,11302.2
2025-07-16,G005,Cooking Oil 1L,Staples,East,67,134.68,5.0,0.0,8572.38
2025-05-28,G006,Bananas 1kg,Produce,West,118,40.18,0.0,0.0,4741.24
2025-01-07,G007,Instant Noodles,Packaged Foods,South,307,17.35,0.0,0.0,5326.45
2025-12-09,G006,Bananas 1kg,Produce,West,114,39.32,0.0,0.0,4482.48
2025-06-25,G004,Rice 5kg,Staples,North,74,327.14,0.0,0.0,24208.36
2025-09-22,G003,Eggs (12),Dairy,South,74,92.85,0.0,0.0,6870.9
2025-03-05,G007,Instant Noodles,Packaged Foods,West,320,17.37,0.0,186.55,5558.4
2025-04-15,G007,Instant Noodles,Packaged Foods,South,330,18.16,5.0,0.0,5693.16
2025-09-04,G004,Rice 5kg,Staples,South,57,308.58,0.0,0.0,17589.06
2025-06-03,G001,Milk 1L,Dairy,North,432,54.09,5.0,0.0,22198.54
2025-05-03,G001,Milk 1L,Dairy,North,614,56.19,0.0,586.26,34500.66
2025-03-28,G006,Bananas 1kg,Produce,South,108,39.26,10.0,0.0,3816.07
2025-03-01,G005,Cooking Oil 1L,Staples,South,148,138.22,5.0,0.0,19433.73
2025-03-17,G004,Rice 5kg,Staples,East,42,311.7,5.0,0.0,12436.83
2025-02-25,G005,Cooking Oil 1L,Staples,West,83,141.14,0.0,0.0,11714.62
2025-08-16,G004,Rice 5kg,Staples,West,61,307.57,0.0,0.0,18761.77
2025-11-06,G006,Bananas 1kg,Produce,South,110,40.23,0.0,31.24,4425.3
2025-06-24,G005,Cooking Oil 1L,Staples,East,55,139.16,0.0,354.1,7653.8
2025-06-17,G001,Milk 1L,Dairy,West,132,54.28,0.0,0.0,7164.96
2025-01-03,G001,Milk 1L,Dairy,South,230,53.84,0.0,152.62,12383.2
2025-02-09,G005,Cooking Oil 1L,Staples,East,146,143.83,0.0,0.0,20999.18
2025-12-23,G006,Bananas 1kg,Produce,South,133,38.74,0.0,0.0,5152.42
2025-01-17,G002,Bread Loaf,Bakery,South,127,44.08,5.0,0.0,5318.25
2025-06-02,G004,Rice 5kg,Staples,East,42,318.33,0.0,0.0,13369.86
2025-06-24,G003,Eggs (12),Dairy,East,112,86.48,0.0,0.0,9685.76
2025-03-18,G007,Instant Noodles,Packaged Foods,West,255,18.42,10.0,0.0,4227.39
2025-05-13,G006,Bananas 1kg,Produce,South,80,39.39,0.0,0.0,3151.2
2025-09-02,G004,Rice 5kg,Staples,East,70,316.85,0.0,348.54,22179.5
2025-10-30,G004,Rice 5kg,Staples,North,72,309.45,0.0,0.0,22280.4
2025-12-07,G007,Instant Noodles,Packaged Foods,South,212,17.58,0.0,0.0,3726.96
2025-01-14,G007,Instant Noodles,Packaged Foods,South,245,17.88,0.0,0.0,4380.6
2025-05-30,G007,Instant Noodles,Packaged Foods,South,199,17.67,10.0,0.0,3164.7
2025-05-25,G003,Eggs (12),Dairy,South,152,89.4,0.0,0.0,13588.8
2025-12-26,G006,Bananas 1kg,Produce,East,160,39.65,10.0,0.0,5709.6
2025-12-25,G003,Eggs (12),Dairy,North,58,91.58,0.0,0.0,5311.64
2025-11-09,G006,Bananas 1kg,Produce,East,198,41.07,0.0,0.0,8131.86
2025-06-30,G001,Milk 1L,Dairy,North,246,53.51,5.0,0.0,12505.29
2025-07-06,G004,Rice 5kg,Staples,West,81,319.96,0.0,0.0,25916.76
2025-02-12,G006,Bananas 1kg,Produce,North,202,41.24,0.0,0.0,8330.48
2025-04-11,G005,Cooking Oil 1L,Staples,South,71,135.28,0.0,0.0,9604.88
2025-05-24,G002,Bread Loaf,Bakery,West,180,46.42,5.0,0.0,7937.82
2025-09-15,G001,Milk 1L,Dairy,North,203,56.92,0.0,0.0,11554.76
2025-07-09,G006,Bananas 1kg,Produce,West,79,38.86,0.0,0.0,3069.94
2025-03-04,G004,Rice 5kg,Staples,West,37,316.93,0.0,0.0,11726.41
2025-12-12,G005,Cooking Oil 1L,Staples,West,90,142.51,0.0,0.0,12825.9
2025-09-29,G006,Bananas 1kg,Produce,West,63,39.25,0.0,0.0,2472.75
2025-09-17,G003,Eggs (12),Dairy,West,49,92.48,0.0,0.0,4531.52
2025-08-21,G006,Bananas 1kg,Produce,North,192,38.9,0.0,0.0,7468.8
2025-05-05,G003,Eggs (12),Dairy,South,79,89.48,0.0,0.0,7068.92
2025-11-18,G001,Milk 1L,Dairy,South,148,55.49,0.0,0.0,8212.52
2025-06-23,G002,Bread Loaf,Bakery,North,111,45.37,0.0,0.0,5036.07
2025-06-05,G002,Bread Loaf,Bakery,East,110,46.71,0.0,0.0,5138.1
2025-11-26,G002,Bread Loaf,Bakery,North,142,44.59,0.0,0.0,6331.78
2025-11-16,G004,Rice 5kg,Staples,West,65,330.94,10.0,0.0,19359.99
2025-07-13,G007,Instant Noodles,Packaged Foods,North,343,17.66,0.0,640.51,6057.38
2025-05-22,G002,Bread Loaf,Bakery,South,160,45.45,0.0,0.0,7272.0
2025-02-28,G004,Rice 5kg,Staples,West,67,326.24,0.0,0.0,21858.08
2025-07-23,G002,Bread Loaf,Bakery,North,143,45.75,10.0,0.0,5888.03
2025-02-05,G002,Bread Loaf,Bakery,West,110,44.55,0.0,0.0,4900.5
2025-05-22,G003,Eggs (12),Dairy,East,108,88.17,0.0,0.0,9522.36
2025-03-19,G006,Bananas 1kg,Produce,South,112,41.32,0.0,0.0,4627.84
2025-04-03,G003,Eggs (12),Dairy,South,124,86.48,0.0,0.0,10723.52
2025-10-14,G004,Rice 5kg,Staples,South,39,322.61,0.0,0.0,12581.79
2025-03-23,G007,Instant Noodles,Packaged Foods,North,293,17.55,0.0,0.0,5142.15
2025-10-11,G007,Instant Noodles,Packaged Foods,East,404,17.86,0.0,138.38,7215.44
2025-10-14,G005,Cooking Oil 1L,Staples,East,74,140.54,0.0,0.0,10399.96
2025-08-05,G007,Instant Noodles,Packaged Foods,West,339,17.98,0.0,159.55,6095.22
2025-09-11,G005,Cooking Oil 1L,Staples,West,59,135.57,0.0,0.0,7998.63
2025-01-06,G004,Rice 5kg,Staples,West,59,315.55,5.0,0.0,17686.58
2025-08-17,G004,Rice 5kg,Staples,East,79,313.8,0.0,0.0,24790.2
2025-11-01,G001,Milk 1L,Dairy,East,483,54.54,5.0,0.0,25025.68
2025-06-14,G007,Instant Noodles,Packaged Foods,North,390,18.63,0.0,0.0,7265.7
2025-05-07,G005,Cooking Oil 1L,Staples,West,90,141.35,5.0,747.16,12085.42
2025-12-01,G005,Cooking Oil 1L,Staples,West,136,138.47,0.0,0.0,18831.92
2025-11-16,G001,Milk 1L,Dairy,South,209,53.81,0.0,0.0,11246.29
2025-07-14,G003,Eggs (12),Dairy,East,127,91.05,0.0,749.5,11563.35
2025-11-01,G003,Eggs (12),Dairy,West,218,90.91,0.0,0.0,19818.38
2025-10-26,G002,Bread Loaf,Bakery,South,115,46.57,0.0,0.0,5355.55
2025-02-26,G002,Bread Loaf,Bakery,South,164,46.1,0.0,0.0,7560.4
2025-12-06,G003,Eggs (12),Dairy,South,137,93.03,0.0,0.0,12745.11
2025-04-16,G004,Rice 5kg,Staples,West,34,321.78,0.0,0.0,10940.52
2025-09-07,G006,Bananas 1kg,Produce,South,123,40.22,0.0,0.0,4947.06
2025-05-30,G003,Eggs (12),Dairy,West,91,86.91,0.0,0.0,7908.81
2025-03-15,G006,Bananas 1kg,Produce,North,240,38.78,0.0,0.0,9307.2
2025-04-25,G006,Bananas 1kg,Produce,East,188,38.86,0.0,0.0,7305.68
2025-10-06,G001,Milk 1L,Dairy,South,193,53.34,0.0,0.0,10294.62
2025-11-01,G004,Rice 5kg,Staples,North,107,327.67,0.0,0.0,35060.69
2025-07-09,G003,Eggs (12),Dairy,North,87,93.5,0.0,0.0,8134.5
2025-09-27,G003,Eggs (12),Dairy,East,117,87.45,0.0,0.0,10231.65
2025-10-22,G003,Eggs (12),Dairy,South,98,90.04,0.0,0.0,8823.92
2025-08-17,G006,Bananas 1kg,Produce,North,135,41.55,10.0,0.0,5048.32
2025-03-14,G003,Eggs (12),Dairy,South,92,92.1,10.0,0.0,7625.88
2025-09-15,G002,Bread Loaf,Bakery,North,147,43.58,0.0,0.0,6406.26
2025-01-18,G003,Eggs (12),Dairy,East,163,92.5,0.0,0.0,15077.5
2025-12-24,G005,Cooking Oil 1L,Staples,West,87,136.23,0.0,0.0,11852.01
2025-07-17,G005,Cooking Oil 1L,Staples,East,54,138.63,0.0,0.0,7486.02
2025-01-09,G007,Instant Noodles,Packaged Foods,West,184,18.06,0.0,0.0,3323.04
2025-05-31,G004,Rice 5kg,Staples,South,84,315.87,0.0,0.0,26533.08
2025-09-11,G002,Bread Loaf,Bakery,East,194,44.75,0.0,0.0,8681.5
2025-09-29,G007,Instant Noodles,Packaged Foods,North,167,17.58,0.0,0.0,2935.86
2025-10-28,G004,Rice 5kg,Staples,East,31,319.96,0.0,0.0,9918.76
2025-02-22,G005,Cooking Oil 1L,Staples,East,88,137.29,0.0,0.0,12081.52
2025-08-08,G003,Eggs (12),Dairy,East,113,89.9,0.0,0.0,10158.7
2025-01-11,G001,Milk 1L,Dairy,North,236,56.06,0.0,432.92,13230.16
2025-06-15,G001,Milk 1L,Dairy,North,371,54.79,0.0,0.0,20327.09
2025-08-17,G005,Cooking Oil 1L,Staples,North,164,141.21,0.0,0.0,23158.44
2025-09-29,G004,Rice 5kg,Staples,North,31,314.85,0.0,0.0,9760.35
2025-02-23,G007,Instant Noodles,Packaged Foods,West,131,17.97,0.0,0.0,2354.07
2025-01-27,G004,Rice 5kg,Staples,North,41,324.44,0.0,0.0,13302.04
2025-06-29,G002,Bread Loaf,Bakery,East,219,43.27,0.0,0.0,9476.13
2025-12-26,G005,Cooking Oil 1L,Staples,South,72,140.3,10.0,0.0,9091.44
2025-03-08,G006,Bananas 1kg,Produce,East,217,39.25,0.0,0.0,8517.25
2025-04-11,G003,Eggs (12),Dairy,South,95,92.76,0.0,227.92,8812.2
2025-10-27,G003,Eggs (12),Dairy,West,84,93.07,0.0,0.0,7817.88
2025-07-31,G001,Milk 1L,Dairy,North,240,54.2,0.0,175.35,13008.0
2025-07-26,G002,Bread Loaf,Bakery,North,178,46.61,0.0,0.0,8296.58
2025-11-25,G003,Eggs (12),Dairy,East,78,87.35,0.0,0.0,6813.3
2025-01-10,G007,Instant Noodles,Packaged Foods,West,328,18.18,0.0,0.0,5963.04
2025-07-26,G003,Eggs (12),Dairy,North,165,89.14,5.0,0.0,13972.69
2025-04-06,G002,Bread Loaf,Bakery,North,136,45.21,0.0,0.0,6148.56
2025-06-06,G004,Rice 5kg,Staples,North,58,309.03,0.0,0.0,17923.74
2025-12-31,G004,Rice 5kg,Staples,North,57,312.55,0.0,0.0,17815.35
2025-10-03,G005,Cooking Oil 1L,Staples,North,110,145.55,0.0,0.0,16010.5
2025-09-04,G005,Cooking Oil 1L,Staples,West,91,136.71,0.0,0.0,12440.61
2025-05-15,G002,Bread Loaf,Bakery,North,154,45.31,0.0,0.0,6977.74
2025-12-30,G004,Rice 5kg,Staples,South,47,328.69,0.0,0.0,15448.43
2025-04-20,G003,Eggs (12),Dairy,East,197,91.46,0.0,0.0,18017.62
2025-04-20,G003,Eggs (12),Dairy,South,143,92.99,0.0,0.0,13297.57
2025-09-16,G001,Milk 1L,Dairy,West,198,54.41,0.0,0.0,10773.18
2025-04-01,G002,Bread Loaf,Bakery,South,284,44.2,0.0,0.0,12552.8
2025-02-26,G002,Bread Loaf,Bakery,North,151,46.43,0.0,0.0,7010.93
2025-10-20,G005,Cooking Oil 1L,Staples,East,89,137.67,0.0,0.0,12252.63
2025-03-10,G006,Bananas 1kg,Produce,South,112,40.3,0.0,0.0,4513.6
2025-04-19,G002,Bread Loaf,Bakery,South,239,45.38,10.0,0.0,9761.24
2025-04-04,G006,Bananas 1kg,Produce,North,112,41.48,0.0,0.0,4645.76
2025-01-06,G002,Bread Loaf,Bakery,East,145,43.42,5.0,305.94,5981.11
2025-10-22,G006,Bananas 1kg,Produce,South,122,38.61,0.0,0.0,4710.42
2025-03-23,G003,Eggs (12),Dairy,North,132,90.24,0.0,0.0,11911.68
2025-12-29,G006,Bananas 1kg,Produce,West,82,41.07,0.0,0.0,3367.74
2025-06-05,G001,Milk 1L,Dairy,South,262,55.57,0.0,0.0,14559.34
2025-01-10,G007,Instant Noodles,Packaged Foods,East,290,17.47,0.0,328.25,5066.3
2025-08-19,G001,Milk 1L,Dairy,North,217,54.48,0.0,0.0,11822.16
2025-01-05,G002,Bread Loaf,Bakery,East,251,45.05,0.0,0.0,11307.55
2025-05-10,G003,Eggs (12),Dairy,West,136,92.67,0.0,0.0,12603.12
2025-03-28,G007,Instant Noodles,Packaged Foods,South,284,17.38,0.0,0.0,4935.92
2025-04-17,G005,Cooking Oil 1L,Staples,South,59,145.19,0.0,0.0,8566.21
2025-03-10,G002,Bread Loaf,Bakery,North,89,44.06,10.0,0.0,3529.21
2025-11-04,G004,Rice 5kg,Staples,South,60,322.44,0.0,0.0,19346.4
2025-02-22,G001,Milk 1L,Dairy,North,329,55.32,0.0,0.0,18200.28
2025-01-31,G007,Instant Noodles,Packaged Foods,North,284,18.36,0.0,0.0,5214.24
2025-10-23,G002,Bread Loaf,Bakery,North,128,44.05,0.0,0.0,5638.4
2025-06-09,G004,Rice 5kg,Staples,South,84,322.53,0.0,0.0,27092.52
2025-03-01,G006,Bananas 1kg,Produce,South,191,39.58,0.0,0.0,7559.78
2025-04-19,G003,Eggs (12),Dairy,East,133,91.94,0.0,0.0,12228.02
2025-07-16,G006,Bananas 1kg,Produce,West,112,38.47,0.0,0.0,4308.64
2025-06-16,G006,Bananas 1kg,Produce,South,104,40.01,10.0,71.62,3744.94
2025-01-03,G004,Rice 5kg,Staples,South,62,320.0,5.0,794.86,18848.0
2025-01-31,G006,Bananas 1kg,Produce,North,109,38.61,0.0,0.0,4208.49
2025-04-14,G001,Milk 1L,Dairy,South,178,55.01,5.0,0.0,9302.19
2025-03-22,G007,Instant Noodles,Packaged Foods,South,441,17.73,0.0,669.89,7818.93
2025-01-20,G003,Eggs (12),Dairy,East,84,93.09,0.0,0.0,7819.56
2025-03-23,G003,Eggs (12),Dairy,West,100,88.01,0.0,0.0,8801.0
2025-12-14,G001,Milk 1L,Dairy,North,285,53.27,0.0,279.31,15181.95
2025-05-19,G002,Bread Loaf,Bakery,East,186,45.47,10.0,0.0,7611.68
2025-09-18,G001,Milk 1L,Dairy,East,212,53.45,0.0,214.58,11331.4
2025-04-24,G007,Instant Noodles,Packaged Foods,West,313,17.65,0.0,0.0,5524.45
2025-01-24,G002,Bread Loaf,Bakery,North,113,43.23,0.0,0.0,4884.99
2025-05-28,G007,Instant Noodles,Packaged Foods,North,331,17.86,10.0,210.72,5320.49
2025-01-10,G001,Milk 1L,Dairy,North,201,56.67,0.0,0.0,11390.67
2025-08-22,G002,Bread Loaf,Bakery,West,131,45.1,0.0,237.59,5908.1
2025-07-28,G002,Bread Loaf,Bakery,North,176,43.5,0.0,0.0,7656.0
2025-05-15,G006,Bananas 1kg,Produce,East,153,40.39,0.0,328.02,6179.67
2025-03-13,G005,Cooking Oil 1L,Staples,South,69,135.91,0.0,0.0,9377.79
2025-06-28,G006,Bananas 1kg,Produce,South,88,39.92,0.0,0.0,3512.96
2025-10-20,G003,Eggs (12),Dairy,East,70,88.45,0.0,0.0,6191.5
2025-10-13,G001,Milk 1L,Dairy,North,229,55.25,0.0,0.0,12652.25
2025-10-01,G004,Rice 5kg,Staples,West,116,315.29,0.0,0.0,36573.64
2025-08-30,G006,Bananas 1kg,Produce,West,123,40.39,10.0,0.0,4471.17
2025-07-21,G002,Bread Loaf,Bakery,East,155,43.85,0.0,0.0,6796.75
2025-02-20,G002,Bread Loaf,Bakery,South,195,44.91,0.0,307.05,8757.45
2025-09-20,G007,Instant Noodles,Packaged Foods,North,360,17.73,0.0,0.0,6382.8
2025-11-19,G005,Cooking Oil 1L,Staples,South,82,139.89,0.0,0.0,11470.98
2025-05-13,G004,Rice 5kg,Staples,South,64,310.13,5.0,0.0,18855.9
2025-06-04,G004,Rice 5kg,Staples,South,58,312.22,0.0,0.0,18108.76
2025-03-13,G002,Bread Loaf,Bakery,East,189,44.0,0.0,0.0,8316.0
2025-05-11,G001,Milk 1L,Dairy,South,285,55.87,0.0,215.85,15922.95
2025-01-01,G002,Bread Loaf,Bakery,East,106,45.24,0.0,94.84,4795.44
2025-09-17,G007,Instant Noodles,Packaged Foods,North,318,17.48,0.0,0.0,5558.64
2025-06-21,G006,Bananas 1kg,Produce,South,124,39.17,0.0,0.0,4857.08
2025-01-06,G003,Eggs (12),Dairy,East,98,90.49,0.0,0.0,8868.02
2025-01-20,G002,Bread Loaf,Bakery,East,185,43.26,0.0,0.0,8003.1
2025-03-06,G003,Eggs (12),Dairy,East,160,91.1,0.0,0.0,14576.0
2025-02-11,G002,Bread Loaf,Bakery,South,146,45.47,0.0,0.0,6638.62
2025-12-02,G006,Bananas 1kg,Produce,South,131,39.67,0.0,0.0,5196.77
2025-06-18,G003,Eggs (12),Dairy,North,62,86.76,0.0,0.0,5379.12
2025-03-30,G003,Eggs (12),Dairy,West,172,89.99,10.0,0.0,13930.45
2025-04-23,G005,Cooking Oil 1L,Staples,South,63,142.38,0.0,456.77,8969.94
2025-11-01,G002,Bread Loaf,Bakery,East,415,45.47,0.0,0.0,18870.05
2025-07-11,G007,Instant Noodles,Packaged Foods,South,211,18.11,0.0,86.14,3821.21
2025-11-12,G007,Instant Noodles,Packaged Foods,West,283,17.97,0.0,0.0,5085.51
2025-12-26,G002,Bread Loaf,Bakery,West,116,44.34,10.0,0.0,4629.1
2025-09-18,G003,Eggs (12),Dairy,South,123,93.08,10.0,0.0,10303.96
2025-10-28,G007,Instant Noodles,Packaged Foods,North,199,17.54,10.0,0.0,3141.41
2025-11-01,G003,Eggs (12),Dairy,East,285,87.7,0.0,0.0,24994.5
2025-09-11,G004,Rice 5kg,Staples,South,54,313.13,0.0,541.53,16909.02
2025-01-13,G007,Instant Noodles,Packaged Foods,North,332,18.25,0.0,0.0,6059.0
2025-03-27,G001,Milk 1L,Dairy,West,216,54.27,0.0,0.0,11722.32
2025-09-22,G003,Eggs (12),Dairy,North,77,86.51,10.0,0.0,5995.14
2025-10-08,G005,Cooking Oil 1L,Staples,East,37,140.63,0.0,634.33,5203.31
2025-10-10,G006,Bananas 1kg,Produce,West,81,39.97,0.0,0.0,3237.57
2025-05-09,G003,Eggs (12),Dairy,North,107,88.23,0.0,0.0,9440.61
2025-08-27,G003,Eggs (12),Dairy,East,86,92.04,10.0,0.0,7123.9
2025-01-20,G001,Milk 1L,Dairy,North,209,53.59,0.0,0.0,11200.31
2025-07-05,G002,Bread Loaf,Bakery,South,137,46.55,0.0,0.0,6377.35
2025-12-19,G002,Bread Loaf,Bakery,West,163,43.33,10.0,0.0,6356.51
2025-05-14,G003,Eggs (12),Dairy,East,128,91.01,0.0,0.0,11649.28
2025-07-08,G007,Instant Noodles,Packaged Foods,East,287,18.66,0.0,28.26,5355.42
2025-01-03,G005,Cooking Oil 1L,Staples,East,93,144.87,0.0,0.0,13472.91
2025-05-15,G002,Bread Loaf,Bakery,East,169,44.01,0.0,0.0,7437.69
2025-03-05,G006,Bananas 1kg,Produce,West,84,39.3,0.0,269.86,3301.2
2025-04-22,G004,Rice 5kg,Staples,West,50,321.98,0.0,0.0,16099.0
2025-07-01,G007,Instant Noodles,Packaged Foods,North,305,18.63,10.0,0.0,5113.93
2025-04-08,G006,Bananas 1kg,Produce,North,154,39.85,0.0,329.77,6136.9
2025-10-16,G006,Bananas 1kg,Produce,West,81,40.94,0.0,0.0,3316.14
2025-03-10,G002,Bread Loaf,Bakery,South,135,44.58,0.0,0.0,6018.3
2025-12-01,G005,Cooking Oil 1L,Staples,North,171,135.15,0.0,0.0,23110.65
2025-12-01,G005,Cooking Oil 1L,Staples,East,113,138.26,0.0,0.0,15623.38
2025-08-20,G002,Bread Loaf,Bakery,East,225,46.16,0.0,0.0,10386.0
2025-07-17,G006,Bananas 1kg,Produce,South,103,39.35,0.0,0.0,4053.05
2025-08-21,G004,Rice 5kg,Staples,East,42,326.85,0.0,0.0,13727.7
2025-05-10,G001,Milk 1L,Dairy,West,352,53.54,0.0,0.0,18846.08
2025-01-15,G007,Instant Noodles,Packaged Foods,West,387,18.09,0.0,0.0,7000.83
2025-06-04,G004,Rice 5kg,Staples,North,54,311.44,0.0,0.0,16817.76
2025-10-09,G005,Cooking Oil 1L,Staples,South,141,137.87,0.0,0.0,19439.67
2025-03-27,G005,Cooking Oil 1L,Staples,East,104,145.14,0.0,0.0,15094.56
2025-07-15,G002,Bread Loaf,Bakery,North,127,43.39,5.0,0.0,5235.0
2025-12-19,G003,Eggs (12),Dairy,East,103,87.78,5.0,682.41,8589.27
2025-08-16,G007,Instant Noodles,Packaged Foods,East,410,17.84,0.0,0.0,7314.4
2025-06-17,G005,Cooking Oil 1L,Staples,South,83,142.97,0.0,0.0,11866.51
2025-08-22,G004,Rice 5kg,Staples,North,60,308.87,0.0,0.0,18532.2
2025-08-20,G007,Instant Noodles,Packaged Foods,North,225,17.52,0.0,0.0,3942.0
2025-09-15,G002,Bread Loaf,Bakery,South,136,46.6,0.0,0.0,6337.6
2025-12-02,G007,Instant Noodles,Packaged Foods,South,435,18.4,0.0,0.0,8004.0
2025-03-31,G003,Eggs (12),Dairy,West,99,89.9,0.0,0.0,8900.1
2025-08-26,G006,Bananas 1kg,Produce,West,110,41.37,0.0,0.0,4550.7
2025-02-26,G007,Instant Noodles,Packaged Foods,North,180,18.31,0.0,302.36,3295.8
2025-09-13,G004,Rice 5kg,Staples,West,79,323.64,10.0,0.0,23010.8
2025-11-02,G005,Cooking Oil 1L,Staples,West,171,139.38,0.0,690.55,23833.98
2025-06-25,G003,Eggs (12),Dairy,West,105,86.72,0.0,0.0,9105.6
2025-07-16,G004,Rice 5kg,Staples,South,62,308.63,0.0,0.0,19135.06
2025-06-29,G005,Cooking Oil 1L,Staples,West,131,137.27,0.0,0.0,17982.37
2025-08-01,G006,Bananas 1kg,Produce,West,112,40.57,0.0,0.0,4543.84
2025-07-29,G001,Milk 1L,Dairy,North,306,53.7,0.0,0.0,16432.2
2025-04-15,G001,Milk 1L,Dairy,West,126,54.83,10.0,0.0,6217.72
2025-02-14,G002,Bread Loaf,Bakery,North,143,46.02,0.0,0.0,6580.86
2025-12-22,G003,Eggs (12),Dairy,East,119,88.5,5.0,471.42,10004.92
2025-12-29,G003,Eggs (12),Dairy,West,108,88.91,0.0,0.0,9602.28
2025-07-18,G005,Cooking Oil 1L,Staples,North,110,136.23,0.0,0.0,14985.3
2025-07-17,G007,Instant Noodles,Packaged Foods,South,331,18.66,0.0,0.0,6176.46
2025-07-21,G003,Eggs (12),Dairy,East,95,87.87,0.0,0.0,8347.65
2025-09-05,G002,Bread Loaf,Bakery,East,184,43.81,0.0,0.0,8061.04
2025-06-07,G005,Cooking Oil 1L,Staples,West,102,138.37,0.0,0.0,14113.74
2025-04-20,G002,Bread Loaf,Bakery,East,339,43.72,0.0,0.0,14821.08
2025-03-04,G001,Milk 1L,Dairy,West,167,54.1,10.0,0.0,8131.23
2025-09-15,G006,Bananas 1kg,Produce,North,215,40.52,0.0,0.0,8711.8
2025-05-21,G003,Eggs (12),Dairy,West,101,91.03,0.0,0.0,9194.03
2025-11-14,G006,Bananas 1kg,Produce,West,105,38.82,10.0,0.0,3668.49
2025-09-14,G001,Milk 1L,Dairy,West,360,55.88,10.0,0.0,18105.12
2025-01-28,G005,Cooking Oil 1L,Staples,North,85,140.6,10.0,0.0,10755.9
2025-11-03,G001,Milk 1L,Dairy,East,454,53.85,0.0,0.0,24447.9
2025-11-14,G005,Cooking Oil 1L,Staples,East,72,137.34,0.0,0.0,9888.48
2025-01-20,G004,Rice 5kg,Staples,South,65,309.2,5.0,657.01,19093.1
2025-04-09,G003,Eggs (12),Dairy,West,101,87.27,0.0,0.0,8814.27
2025-01-05,G003,Eggs (12),Dairy,North,112,91.31,0.0,733.0,10226.72
2025-11-27,G004,Rice 5kg,Staples,South,69,331.85,5.0,0.0,21752.77
2025-05-22,G003,Eggs (12),Dairy,North,65,87.85,0.0,0.0,5710.25
2025-08-03,G002,Bread Loaf,Bakery,West,272,44.54,0.0,520.57,12114.88
2025-09-06,G004,Rice 5kg,Staples,East,71,309.88,0.0,0.0,22001.48
2025-06-02,G005,Cooking Oil 1L,Staples,South,126,141.9,0.0,0.0,17879.4
2025-01-04,G003,Eggs (12),Dairy,South,102,89.47,0.0,795.83,9125.94
2025-01-25,G007,Instant Noodles,Packaged Foods,South,397,18.41,0.0,0.0,7308.77
2025-09-16,G004,Rice 5kg,Staples,West,46,325.55,0.0,0.0,14975.3
2025-11-22,G006,Bananas 1kg,Produce,South,144,40.6,0.0,0.0,5846.4
2025-07-29,G003,Eggs (12),Dairy,South,51,87.32,0.0,0.0,4453.32
2025-05-28,G007,Instant Noodles,Packaged Foods,East,234,17.54,0.0,0.0,4104.36
2025-02-26,G006,Bananas 1kg,Produce,South,121,41.48,0.0,0.0,5019.08
2025-11-05,G002,Bread Loaf,Bakery,South,146,46.77,0.0,0.0,6828.42
2025-04-25,G006,Bananas 1kg,Produce,North,235,38.94,0.0,0.0,9150.9
2025-12-11,G007,Instant Noodles,Packaged Foods,North,197,18.03,10.0,0.0,3196.72
2025-03-30,G005,Cooking Oil 1L,Staples,West,153,136.67,0.0,665.94,20910.51
2025-05-19,G002,Bread Loaf,Bakery,South,151,45.68,0.0,0.0,6897.68
2025-02-22,G001,Milk 1L,Dairy,South,248,54.6,10.0,0.0,12186.72
2025-07-29,G006,Bananas 1kg,Produce,West,101,38.92,10.0,0.0,3537.83
2025-05-30,G006,Bananas 1kg,Produce,South,128,40.9,10.0,0.0,4711.68
2025-07-16,G001,Milk 1L,Dairy,North,137,54.5,0.0,0.0,7466.5
2025-08-24,G004,Rice 5kg,Staples,East,59,329.96,0.0,212.68,19467.64
2025-01-09,G005,Cooking Oil 1L,Staples,North,81,138.89,0.0,0.0,11250.09
2025-10-12,G001,Milk 1L,Dairy,North,278,55.05,0.0,0.0,15303.9
2025-04-27,G006,Bananas 1kg,Produce,East,257,40.04,0.0,0.0,10290.28
2025-05-02,G004,Rice 5kg,Staples,East,67,332.35,0.0,0.0,22267.45
2025-04-19,G002,Bread Loaf,Bakery,North,243,43.23,10.0,0.0,9454.4
2025-08-29,G005,Cooking Oil 1L,Staples,East,77,144.73,0.0,0.0,11144.21
2025-11-17,G006,Bananas 1kg,Produce,South,71,40.2,5.0,0.0,2711.49
2025-10-14,G003,Eggs (12),Dairy,South,86,88.95,0.0,0.0,7649.7
2025-08-10,G005,Cooking Oil 1L,Staples,West,153,134.99,0.0,0.0,20653.47
2025-05-10,G007,Instant Noodles,Packaged Foods,West,335,17.48,10.0,0.0,5270.22
2025-09-14,G006,Bananas 1kg,Produce,North,156,39.75,0.0,0.0,6201.0
2025-06-06,G006,Bananas 1kg,Produce,West,116,40.45,0.0,0.0,4692.2
2025-10-02,G006,Bananas 1kg,Produce,North,252,41.09,10.0,0.0,9319.21
2025-10-31,G005,Cooking Oil 1L,Staples,South,98,137.77,10.0,0.0,12151.31
2025-10-18,G004,Rice 5kg,Staples,North,89,325.84,0.0,0.0,28999.76
2025-10-15,G005,Cooking Oil 1L,Staples,North,58,136.05,0.0,0.0,7890.9
2025-05-06,G007,Instant Noodles,Packaged Foods,North,244,18.24,10.0,0.0,4005.5
2025-07-17,G002,Bread Loaf,Bakery,West,142,44.04,0.0,0.0,6253.68
2025-05-04,G003,Eggs (12),Dairy,East,90,87.57,0.0,0.0,7881.3
2025-04-23,G001,Milk 1L,Dairy,North,147,54.77,0.0,0.0,8051.19
2025-12-02,G005,Cooking Oil 1L,Staples,West,132,143.02,0.0,0.0,18878.64
2025-02-19,G001,Milk 1L,Dairy,South,186,56.55,10.0,0.0,9466.47
2025-06-13,G005,Cooking Oil 1L,Staples,East,63,135.91,0.0,0.0,8562.33
2025-12-05,G001,Milk 1L,Dairy,North,308,54.29,0.0,0.0,16721.32
2025-03-04,G004,Rice 5kg,Staples,East,25,328.05,10.0,0.0,7381.12
2025-12-26,G001,Milk 1L,Dairy,East,197,56.89,5.0,0.0,10646.96
2025-09-13,G004,Rice 5kg,Staples,East,52,310.6,10.0,0.0,14536.08
2025-10-01,G006,Bananas 1kg,Produce,South,182,38.65,10.0,0.0,6330.87
2025-04-19,G003,Eggs (12),Dairy,South,120,89.52,10.0,0.0,9668.16
2025-12-03,G002,Bread Loaf,Bakery,West,288,45.33,0.0,0.0,13055.04
2025-06-25,G005,Cooking Oil 1L,Staples,West,66,139.38,0.0,0.0,9199.08
2025-07-17,G001,Milk 1L,Dairy,East,158,52.96,0.0,0.0,8367.68
2025-07-02,G005,Cooking Oil 1L,Staples,North,89,136.59,5.0,0.0,11548.68
2025-12-29,G005,Cooking Oil 1L,Staples,North,78,141.99,0.0,0.0,11075.22
2025-08-29,G003,Eggs (12),Dairy,West,117,90.76,0.0,0.0,10618.92
2025-09-05,G007,Instant Noodles,Packaged Foods,West,348,18.1,0.0,0.0,6298.8
2025-02-14,G002,Bread Loaf,Bakery,East,118,46.47,0.0,0.0,5483.46
2025-06-04,G003,Eggs (12),Dairy,South,84,89.14,0.0,0.0,7487.76
2025-01-16,G002,Bread Loaf,Bakery,East,166,44.59,0.0,0.0,7401.94
2025-05-26,G003,Eggs (12),Dairy,East,70,88.42,0.0,0.0,6189.4
2025-09-19,G005,Cooking Oil 1L,Staples,South,70,144.36,0.0,0.0,10105.2
2025-10-23,G003,Eggs (12),Dairy,East,145,88.53,0.0,0.0,12836.85
2025-12-20,G001,Milk 1L,Dairy,East,501,55.94,5.0,0.0,26624.64
2025-03-22,G006,Bananas 1kg,Produce,North,217,40.84,0.0,296.83,8862.28
2025-09-28,G002,Bread Loaf,Bakery,West,268,43.76,0.0,0.0,11727.68
2025-04-25,G007,Instant Noodles,Packaged Foods,West,254,18.67,0.0,42.88,4742.18
2025-02-09,G004,Rice 5kg,Staples,South,101,310.75,0.0,0.0,31385.75
2025-06-15,G004,Rice 5kg,Staples,West,72,310.15,0.0,0.0,22330.8
2025-01-24,G003,Eggs (12),Dairy,West,73,87.89,0.0,554.53,6415.97
2025-02-20,G005,Cooking Oil 1L,Staples,North,83,139.45,0.0,273.69,11574.35
2025-11-16,G007,Instant Noodles,Packaged Foods,South,363,18.52,0.0,0.0,6722.76
2025-04-21,G007,Instant Noodles,Packaged Foods,West,279,17.4,0.0,453.16,4854.6
2025-10-01,G001,Milk 1L,Dairy,North,435,54.83,0.0,0.0,23851.05
2025-03-26,G005,Cooking Oil 1L,Staples,West,116,144.38,0.0,0.0,16748.08
2025-12-11,G006,Bananas 1kg,Produce,East,134,41.13,10.0,0.0,4960.28
2025-03-03,G004,Rice 5kg,Staples,East,77,311.05,0.0,0.0,23950.85
2025-03-15,G005,Cooking Oil 1L,Staples,North,84,145.55,10.0,757.4,11003.58
2025-06-22,G006,Bananas 1kg,Produce,South,133,40.14,0.0,0.0,5338.62
2025-11-09,G002,Bread Loaf,Bakery,South,182,43.46,5.0,0.0,7514.23
2025-12-21,G006,Bananas 1kg,Produce,North,226,40.9,0.0,0.0,9243.4
2025-05-12,G003,Eggs (12),Dairy,West,100,93.31,0.0,0.0,9331.0
2025-07-24,G004,Rice 5kg,Staples,South,61,329.53,0.0,0.0,20101.33
2025-12-21,G005,Cooking Oil 1L,Staples,South,130,134.89,0.0,0.0,17535.7
2025-08-04,G007,Instant Noodles,Packaged Foods,East,295,18.23,0.0,0.0,5377.85
2025-08-05,G001,Milk 1L,Dairy,South,179,53.94,0.0,0.0,9655.26
2025-09-17,G002,Bread Loaf,Bakery,East,257,46.27,0.0,0.0,11891.39
2025-11-30,G001,Milk 1L,Dairy,South,344,55.0,0.0,0.0,18920.0
2025-10-29,G002,Bread Loaf,Bakery,North,114,43.86,0.0,0.0,5000.04
2025-08-24,G006,Bananas 1kg,Produce,West,62,40.76,10.0,0.0,2274.41
2025-11-21,G006,Bananas 1kg,Produce,West,119,40.61,0.0,686.88,4832.59
2025-12-19,G001,Milk 1L,Dairy,South,178,57.02,0.0,0.0,10149.56
2025-05-24,G005,Cooking Oil 1L,Staples,North,194,144.19,0.0,591.03,27972.86
2025-01-04,G002,Bread Loaf,Bakery,North,197,44.48,0.0,0.0,8762.56
2025-08-09,G005,Cooking Oil 1L,Staples,North,139,145.28,5.0,775.89,19184.22
2025-08-27,G001,Milk 1L,Dairy,North,197,56.62,0.0,0.0,11154.14
2025-09-22,G001,Milk 1L,Dairy,West,303,56.32,0.0,0.0,17064.96
2025-10-04,G006,Bananas 1kg,Produce,South,110,41.49,0.0,0.0,4563.9
2025-07-01,G002,Bread Loaf,Bakery,East,365,46.26,0.0,0.0,16884.9
2025-07-22,G005,Cooking Oil 1L,Staples,East,81,144.19,0.0,558.32,11679.39
2025-05-01,G004,Rice 5kg,Staples,South,79,307.95,0.0,0.0,24328.05
2025-01-25,G006,Bananas 1kg,Produce,West,127,40.23,0.0,507.62,5109.21
2025-03-29,G007,Instant Noodles,Packaged Foods,South,272,17.62,5.0,425.24,4553.01
2025-10-12,G007,Instant Noodles,Packaged Foods,East,462,18.0,0.0,0.0,8316.0
2025-11-08,G002,Bread Loaf,Bakery,North,149,45.64,0.0,0.0,6800.36
2025-03-30,G003,Eggs (12),Dairy,East,145,89.3,0.0,0.0,12948.5
2025-02-23,G004,Rice 5kg,Staples,West,64,321.75,0.0,0.0,20592.0
2025-07-28,G002,Bread Loaf,Bakery,East,162,45.83,0.0,0.0,7424.46
2025-03-13,G005,Cooking Oil 1L,Staples,North,78,138.72,0.0,0.0,10820.16
2025-02-21,G001,Milk 1L,Dairy,North,149,56.31,5.0,613.49,7970.68
2025-11-01,G006,Bananas 1kg,Produce,West,189,39.33,0.0,0.0,7433.37
2025-07-08,G003,Eggs (12),Dairy,North,69,91.31,0.0,0.0,6300.39
2025-02-01,G003,Eggs (12),Dairy,East,254,88.89,0.0,0.0,22578.06
2025-06-15,G003,Eggs (12),Dairy,North,144,88.66,10.0,0.0,11490.34
2025-08-28,G002,Bread Loaf,Bakery,North,196,45.9,0.0,0.0,8996.4
2025-03-10,G002,Bread Loaf,Bakery,West,108,46.73,0.0,0.0,5046.84
2025-11-11,G003,Eggs (12),Dairy,West,95,88.62,0.0,0.0,8418.9
2025-07-06,G004,Rice 5kg,Staples,East,81,323.39,0.0,0.0,26194.59
2025-07-10,G001,Milk 1L,Dairy,West,218,54.01,0.0,0.0,11774.18
2025-04-24,G001,Milk 1L,Dairy,South,212,53.09,0.0,0.0,11255.08
2025-03-14,G006,Bananas 1kg,Produce,East,199,38.62,0.0,0.0,7685.38
2025-12-08,G002,Bread Loaf,Bakery,North,117,44.42,0.0,0.0,5197.14
2025-11-13,G007,Instant Noodles,Packaged Foods,East,286,17.48,0.0,0.0,4999.28
2025-08-23,G004,Rice 5kg,Staples,South,86,319.7,0.0,0.0,27494.2
2025-02-24,G003,Eggs (12),Dairy,East,127,89.18,0.0,0.0,11325.86
2025-02-15,G005,Cooking Oil 1L,Staples,East,100,137.65,10.0,0.0,12388.5
2025-06-12,G007,Instant Noodles,Packaged Foods,West,217,17.7,0.0,6.1,3840.9
2025-01-23,G003,Eggs (12),Dairy,North,78,88.6,0.0,0.0,6910.8
2025-10-14,G007,Instant Noodles,Packaged Foods,East,259,17.91,0.0,0.0,4638.69
2025-12-16,G002,Bread Loaf,Bakery,East,188,46.61,0.0,0.0,8762.68
2025-03-23,G005,Cooking Oil 1L,Staples,North,138,139.13,0.0,0.0,19199.94
2025-07-12,G004,Rice 5kg,Staples,West,104,329.96,0.0,0.0,34315.84
2025-05-07,G006,Bananas 1kg,Produce,East,150,39.93,0.0,15.17,5989.5
2025-09-11,G003,Eggs (12),Dairy,East,99,91.74,0.0,0.0,9082.26
2025-08-22,G005,Cooking Oil 1L,Staples,North,83,143.99,0.0,0.0,11951.17
2025-07-19,G002,Bread Loaf,Bakery,West,200,44.46,10.0,0.0,8002.8
2025-04-22,G003,Eggs (12),Dairy,East,109,87.91,0.0,0.0,9582.19
2025-10-15,G003,Eggs (12),Dairy,West,65,89.12,0.0,0.0,5792.8
2025-02-14,G006,Bananas 1kg,Produce,North,157,39.67,0.0,359.74,6228.19
2025-12-21,G007,Instant Noodles,Packaged Foods,South,531,18.29,0.0,488.35,9711.99
2025-01-01,G001,Milk 1L,Dairy,North,367,53.79,0.0,0.0,19740.93
2025-07-04,G002,Bread Loaf,Bakery,South,156,44.12,10.0,0.0,6194.45
2025-11-21,G002,Bread Loaf,Bakery,North,137,46.48,0.0,0.0,6367.76
2025-11-18,G007,Instant Noodles,Packaged Foods,North,146,18.11,0.0,0.0,2644.06
2025-02-16,G007,Instant Noodles,Packaged Foods,South,306,17.83,0.0,0.0,5455.98
2025-10-31,G002,Bread Loaf,Bakery,North,136,44.62,0.0,0.0,6068.32
2025-05-09,G003,Eggs (12),Dairy,West,103,90.66,0.0,0.0,9337.98
2025-06-14,G006,Bananas 1kg,Produce,West,169,41.55,10.0,0.0,6319.76
2025-10-24,G004,Rice 5kg,Staples,East,47,316.71,0.0,0.0,14885.37
2025-01-21,G001,Milk 1L,Dairy,South,101,53.67,0.0,0.0,5420.67
2025-02-15,G007,Instant Noodles,Packaged Foods,South,377,17.3,0.0,0.0,6522.1
2025-06-20,G001,Milk 1L,Dairy,West,174,54.64,0.0,0.0,9507.36
2025-03-28,G007,Instant Noodles,Packaged Foods,West,315,17.95,0.0,0.0,5654.25
2025-12-13,G004,Rice 5kg,Staples,North,72,328.47,0.0,189.94,23649.84
2025-10-09,G007,Instant Noodles,Packaged Foods,North,332,17.95,10.0,0.0,5363.46
2025-04-10,G004,Rice 5kg,Staples,North,58,315.46,5.0,517.35,17381.85
2025-11-03,G004,Rice 5kg,Staples,South,121,310.01,0.0,156.05,37511.21
2025-10-04,G007,Instant Noodles,Packaged Foods,South,351,17.65,0.0,0.0,6195.15
2025-08-12,G005,Cooking Oil 1L,Staples,West,89,135.91,10.0,421.21,10886.39
2025-04-25,G001,Milk 1L,Dairy,North,199,55.37,0.0,0.0,11018.63
2025-07-29,G004,Rice 5kg,Staples,North,49,315.78,0.0,0.0,15473.22
2025-03-06,G005,Cooking Oil 1L,Staples,South,76,136.63,10.0,0.0,9345.49
2025-08-16,G004,Rice 5kg,Staples,North,70,329.22,0.0,0.0,23045.4
2025-01-16,G005,Cooking Oil 1L,Staples,South,80,136.5,0.0,0.0,10920.0
2025-02-28,G003,Eggs (12),Dairy,North,84,86.82,0.0,0.0,7292.88
2025-03-30,G001,Milk 1L,Dairy,East,331,53.2,0.0,0.0,17609.2
2025-02-27,G001,Milk 1L,Dairy,East,246,56.03,0.0,0.0,13783.38
2025-05-04,G007,Instant Noodles,Packaged Foods,South,369,18.3,0.0,0.0,6752.7
2025-04-07,G003,Eggs (12),Dairy,West,119,87.88,0.0,0.0,10457.72
2025-06-01,G004,Rice 5kg,Staples,North,128,311.19,0.0,0.0,39832.32
2025-10-20,G003,Eggs (12),Dairy,South,97,86.85,5.0,0.0,8003.23
2025-07-11,G006,Bananas 1kg,Produce,South,90,38.42,0.0,0.0,3457.8
2025-02-05,G003,Eggs (12),Dairy,West,87,93.28,0.0,57.61,8115.36
2025-11-29,G001,Milk 1L,Dairy,West,281,55.29,0.0,0.0,15536.49
2025-09-26,G003,Eggs (12),Dairy,East,93,90.51,0.0,0.0,8417.43
2025-12-06,G005,Cooking Oil 1L,Staples,North,132,138.61,10.0,0.0,16466.87
2025-06-06,G005,Cooking Oil 1L,Staples,West,71,142.2,5.0,249.88,9591.39
2025-07-02,G004,Rice 5kg,Staples,East,52,322.8,0.0,0.0,16785.6
2025-04-20,G003,Eggs (12),Dairy,North,102,91.65,5.0,0.0,8880.89
2025-08-30,G001,Milk 1L,Dairy,North,319,53.96,0.0,150.9,17213.24
2025-11-23,G006,Bananas 1kg,Produce,West,135,41.44,0.0,0.0,5594.4
2025-09-05,G007,Instant Noodles,Packaged Foods,South,275,18.32,0.0,0.0,5038.0
2025-05-25,G007,Instant Noodles,Packaged Foods,East,321,17.53,5.0,0.0,5345.77
2025-11-09,G002,Bread Loaf,Bakery,North,215,45.49,0.0,0.0,9780.35
2025-10-12,G003,Eggs (12),Dairy,North,97,92.51,0.0,0.0,8973.47
2025-11-30,G003,Eggs (12),Dairy,South,134,89.78,0.0,265.39,12030.52
2025-04-06,G005,Cooking Oil 1L,Staples,West,105,141.93,0.0,0.0,14902.65
2025-10-31,G006,Bananas 1kg,Produce,West,118,39.21,0.0,0.0,4626.78
2025-10-09,G007,Instant Noodles,Packaged Foods,East,313,18.7,0.0,0.0,5853.1
2025-10-19,G002,Bread Loaf,Bakery,North,153,46.67,0.0,252.69,7140.51
2025-06-30,G002,Bread Loaf,Bakery,South,159,46.55,0.0,0.0,7401.45
2025-03-01,G003,Eggs (12),Dairy,East,242,87.98,0.0,0.0,21291.16
2025-11-27,G003,Eggs (12),Dairy,North,84,91.38,0.0,0.0,7675.92
2025-04-21,G002,Bread Loaf,Bakery,East,166,43.24,0.0,0.0,7177.84
2025-06-19,G002,Bread Loaf,Bakery,North,137,43.8,0.0,0.0,6000.6
2025-08-26,G007,Instant Noodles,Packaged Foods,North,248,18.08,0.0,455.56,4483.84
2025-05-10,G006,Bananas 1kg,Produce,North,166,40.5,0.0,0.0,6723.0
2025-01-30,G001,Milk 1L,Dairy,West,233,54.28,0.0,0.0,12647.24
2025-06-27,G004,Rice 5kg,Staples,East,31,326.2,0.0,0.0,10112.2
2025-11-11,G001,Milk 1L,Dairy,North,260,55.99,0.0,0.0,14557.4
2025-11-14,G002,Bread Loaf,Bakery,North,155,43.34,0.0,0.0,6717.7
2025-10-22,G003,Eggs (12),Dairy,East,131,91.97,10.0,693.21,10843.26
2025-12-30,G007,Instant Noodles,Packaged Foods,North,295,17.96,5.0,0.0,5033.29
2025-11-11,G004,Rice 5kg,Staples,South,22,316.88,0.0,0.0,6971.36
2025-08-14,G002,Bread Loaf,Bakery,North,132,44.39,0.0,0.0,5859.48
2025-03-15,G006,Bananas 1kg,Produce,East,215,41.29,0.0,0.0,8877.35
2025-12-02,G002,Bread Loaf,Bakery,West,153,46.51,5.0,0.0,6760.23
2025-08-22,G003,Eggs (12),Dairy,South,103,88.19,5.0,0.0,8629.39
2025-03-26,G005,Cooking Oil 1L,Staples,South,55,144.94,10.0,0.0,7174.53
2025-12-29,G001,Milk 1L,Dairy,North,270,56.6,0.0,0.0,15282.0
2025-03-24,G003,Eggs (12),Dairy,East,121,89.61,0.0,0.0,10842.81
2025-09-23,G001,Milk 1L,Dairy,South,159,53.88,0.0,0.0,8566.92
2025-11-25,G002,Bread Loaf,Bakery,North,143,43.54,0.0,0.0,6226.22
2025-10-26,G004,Rice 5kg,Staples,West,69,313.48,10.0,0.0,19467.11
2025-10-03,G004,Rice 5kg,Staples,West,71,322.47,0.0,0.0,22895.37
2025-09-07,G002,Bread Loaf,Bakery,West,242,43.8,10.0,0.0,9539.64
2025-11-05,G003,Eggs (12),Dairy,East,137,87.64,0.0,0.0,12006.68
2025-04-30,G001,Milk 1L,Dairy,North,172,53.67,0.0,0.0,9231.24
2025-02-19,G006,Bananas 1kg,Produce,South,93,39.58,0.0,0.0,3680.94
2025-11-29,G001,Milk 1L,Dairy,East,291,55.37,10.0,0.0,14501.4
2025-09-30,G007,Instant Noodles,Packaged Foods,North,379,18.59,0.0,460.17,7045.61
2025-05-09,G001,Milk 1L,Dairy,South,204,55.64,0.0,143.59,11350.56
2025-03-20,G001,Milk 1L,Dairy,South,248,55.47,0.0,0.0,13756.56
2025-10-05,G005,Cooking Oil 1L,Staples,South,94,141.26,0.0,0.0,13278.44
2025-06-29,G007,Instant Noodles,Packaged Foods,West,437,18.41,0.0,0.0,8045.17
2025-07-01,G006,Bananas 1kg,Produce,East,149,39.98,0.0,0.0,5957.02
2025-02-23,G001,Milk 1L,Dairy,South,294,53.25,5.0,0.0,14872.72
2025-11-05,G005,Cooking Oil 1L,Staples,West,63,144.49,0.0,269.74,9102.87
2025-09-06,G006,Bananas 1kg,Produce,North,226,38.58,0.0,0.0,8719.08
2025-02-28,G007,Instant Noodles,Packaged Foods,South,317,17.29,0.0,0.0,5480.93
2025-07-02,G006,Bananas 1kg,Produce,West,236,40.71,0.0,0.0,9607.56
2025-07-19,G001,Milk 1L,Dairy,East,337,53.21,5.0,0.0,17035.18
2025-01-27,G005,Cooking Oil 1L,Staples,East,71,134.54,0.0,0.0,9552.34
2025-03-03,G006,Bananas 1kg,Produce,West,218,40.21,0.0,0.0,8765.78
2025-06-04,G007,Instant Noodles,Packaged Foods,East,264,17.81,0.0,0.0,4701.84
2025-08-30,G003,Eggs (12),Dairy,West,118,88.92,0.0,0.0,10492.56
2025-01-20,G004,Rice 5kg,Staples,North,50,321.35,0.0,0.0,16067.5
2025-11-19,G005,Cooking Oil 1L,Staples,North,137,137.29,0.0,0.0,18808.73
2025-02-23,G004,Rice 5kg,Staples,East,69,316.59,0.0,361.64,21844.71
2025-10-11,G004,Rice 5kg,Staples,East,70,327.81,0.0,315.76,22946.7
2025-03-30,G004,Rice 5kg,Staples,West,70,323.37,0.0,0.0,22635.9
2025-07-24,G001,Milk 1L,Dairy,East,148,54.18,0.0,0.0,8018.64
2025-11-20,G005,Cooking Oil 1L,Staples,West,77,135.87,0.0,92.34,10461.99
2025-05-01,G002,Bread Loaf,Bakery,South,251,43.99,0.0,0.0,11041.49
2025-10-03,G001,Milk 1L,Dairy,North,314,56.99,0.0,0.0,17894.86
2025-05-07,G005,Cooking Oil 1L,Staples,North,97,138.29,0.0,694.08,13414.13
2025-02-23,G005,Cooking Oil 1L,Staples,South,69,144.97,0.0,0.0,10002.93
2025-03-25,G006,Bananas 1kg,Produce,South,86,39.05,0.0,0.0,3358.3
2025-10-29,G005,Cooking Oil 1L,Staples,East,83,134.91,0.0,0.0,11197.53
2025-02-12,G006,Bananas 1kg,Produce,East,186,41.23,10.0,0.0,6901.9
2025-05-22,G004,Rice 5kg,Staples,East,40,307.61,0.0,0.0,12304.4
2025-05-27,G006,Bananas 1kg,Produce,East,103,38.5,0.0,0.0,3965.5
2025-11-02,G005,Cooking Oil 1L,Staples,North,185,144.35,0.0,0.0,26704.75
2025-09-21,G002,Bread Loaf,Bakery,North,228,46.2,0.0,0.0,10533.6
2025-11-05,G003,Eggs (12),Dairy,West,94,93.33,5.0,0.0,8334.37
2025-07-13,G006,Bananas 1kg,Produce,South,118,38.41,0.0,0.0,4532.38
2025-10-23,G006,Bananas 1kg,Produce,East,183,41.1,0.0,0.0,7521.3
2025-04-07,G007,Instant Noodles,Packaged Foods,West,311,17.95,0.0,0.0,5582.45
2025-07-07,G005,Cooking Oil 1L,Staples,South,79,142.04,0.0,0.0,11221.16
2025-08-01,G001,Milk 1L,Dairy,West,423,53.6,0.0,0.0,22672.8
2025-10-21,G006,Bananas 1kg,Produce,West,121,41.41,0.0,0.0,5010.61
2025-05-13,G006,Bananas 1kg,Produce,West,114,40.48,5.0,0.0,4383.98
2025-01-14,G005,Cooking Oil 1L,Staples,East,85,144.85,10.0,0.0,11081.02
2025-10-22,G003,Eggs (12),Dairy,North,64,91.82,0.0,0.0,5876.48
2025-06-13,G004,Rice 5kg,Staples,South,58,312.57,10.0,0.0,16316.15
2025-08-27,G006,Bananas 1kg,Produce,West,82,41.1,0.0,0.0,3370.2
2025-05-29,G004,Rice 5kg,Staples,East,45,315.05,0.0,0.0,14177.25
2025-08-30,G003,Eggs (12),Dairy,North,89,91.83,0.0,0.0,8172.87
2025-02-17,G005,Cooking Oil 1L,Staples,West,73,141.79,0.0,0.0,10350.67
2025-12-12,G003,Eggs (12),Dairy,East,51,91.26,0.0,0.0,4654.26
2025-06-25,G003,Eggs (12),Dairy,North,90,87.4,10.0,0.0,7079.4
2025-10-27,G001,Milk 1L,Dairy,West,245,53.41,0.0,674.62,13085.45
2025-09-13,G001,Milk 1L,Dairy,West,376,55.7,0.0,0.0,20943.2
2025-01-09,G004,Rice 5kg,Staples,South,48,315.87,0.0,0.0,15161.76
2025-07-25,G006,Bananas 1kg,Produce,West,107,40.39,0.0,293.82,4321.73
2025-07-02,G007,Instant Noodles,Packaged Foods,South,428,18.28,0.0,0.0,7823.84
2025-08-22,G003,Eggs (12),Dairy,North,85,88.89,10.0,0.0,6800.09
2025-12-03,G006,Bananas 1kg,Produce,North,223,38.85,10.0,0.0,7797.2
2025-06-10,G001,Milk 1L,Dairy,West,174,54.95,10.0,0.0,8605.17
2025-07-23,G007,Instant Noodles,Packaged Foods,West,303,18.44,5.0,0.0,5307.95
2025-10-30,G006,Bananas 1kg,Produce,East,144,38.98,0.0,0.0,5613.12
2025-05-01,G005,Cooking Oil 1L,Staples,East,67,139.32,0.0,0.0,9334.44
2025-08-24,G003,Eggs (12),Dairy,East,118,91.32,0.0,0.0,10775.76
2025-09-26,G006,Bananas 1kg,Produce,South,115,40.87,10.0,0.0,4230.04
2025-05-01,G007,Instant Noodles,Packaged Foods,North,263,17.94,0.0,0.0,4718.22
2025-09-07,G004,Rice 5kg,Staples,West,90,312.38,0.0,0.0,28114.2
2025-07-15,G005,Cooking Oil 1L,Staples,East,51,139.01,0.0,0.0,7089.51
2025-08-03,G003,Eggs (12),Dairy,East,195,87.32,10.0,0.0,15324.66
2025-08-07,G001,Milk 1L,Dairy,South,162,54.6,0.0,0.0,8845.2
2025-05-10,G006,Bananas 1kg,Produce,West,131,39.19,10.0,0.0,4620.5
2025-07-18,G001,Milk 1L,Dairy,West,302,54.86,10.0,0.0,14910.95
2025-01-09,G003,Eggs (12),Dairy,West,103,92.71,0.0,0.0,9549.13
2025-11-21,G005,Cooking Oil 1L,Staples,West,65,140.54,0.0,378.31,9135.1
2025-04-01,G004,Rice 5kg,Staples,East,55,316.63,0.0,157.13,17414.65
2025-05-06,G003,Eggs (12),Dairy,East,72,87.92,0.0,416.23,6330.24
2025-10-10,G007,Instant Noodles,Packaged Foods,West,301,18.07,0.0,0.0,5439.07
